produto_id;carrinhos;registros_itens;unidades;valor_itens
8797277388801;33617;33785;95386.0;149026666.455
8800160153601;29213;29472;82844.0;105955336.215
8797234200577;29177;29295;86526.0;139319403.795
8801372176385;22381;22520;62724.0;83680644.51
8797232398337;21861;21943;64880.0;113397712.83
8801373749249;19277;19395;62048.0;163194779.025
8800160120833;19084;19261;51407.0;69133018.95
8797277159425;16858;16933;49748.0;89422832.745
8797234790401;16479;16556;46846.0;79064695.305
8800160284673;16284;16435;47093.0;62733280.365
8802909716481;16273;16365;45641.0;65809406.97
8797234724865;15835;15866;41085.0;61812450.27
8799375851521;15644;15739;45659.0;69654784.68
8801372110849;13680;13707;37482.0;54440202.645
8797320282113;13678;13701;40159.0;69553297.305
8797304815617;13261;13350;37356.0;52328571.525
8797988618241;12729;12836;37915.0;77421577.77
8797234069505;12226;12260;33877.0;61377150.06
8800160186369;11836;11947;33013.0;47960738.775
8802941698049;11503;11566;32411.0;47744128.125
8797983080449;11399;11621;32807.0;46031826.06
8802909650945;11255;11309;32205.0;45148813.11
8802910175233;11135;11182;31418.0;46269266.985
8801371226113;10001;10083;28722.0;39183383.7
8800487112705;9646;9726;29201.0;53039906.55
8797245177857;9596;9654;25304.0;34576994.88
8797290954753;9547;9597;30041.0;77768521.65
8798714560513;9501;9558;28774.0;61571391.615
8803728654337;9320;9371;9406.0;8647234.2
8802909585409;9199;9252;27027.0;35043192.315
8797268377601;8952;9008;26417.0;49169231.955
8797982883841;8722;8910;22423.0;35098807.23
8799375753217;8568;8585;24947.0;43112049.255
8797220962305;8544;8697;26006.0;35846927.91
8797151494145;8476;8531;22194.0;36984081.96
8800160251905;8470;8543;24539.0;34723961.415
8797225811969;8214;8239;20571.0;29809915.605
8800160645121;8142;8238;24270.0;36690984.855
8798419615745;7865;7951;23797.0;47200070.115
8803794190337;7859;7880;20497.0;28691079.075
8797246685185;7856;7878;19391.0;26954555.535
8797220864001;7739;7892;23425.0;32928659.46
8803171074049;7623;7678;22707.0;38479668.525
8801372995585;7596;7622;7631.0;8763979.005
8797271523329;7392;7430;19758.0;54080727.525
8797310255105;7308;7348;23251.0;53151207.705
8803897507841;7159;7169;19983.0;26561556.675
8797203038209;7080;7129;22249.0;92120395.86
8797234364417;7054;7103;19983.0;32339603.565
8797272408065;7005;7133;19978.0;28752791.805
8797579313153;6997;7002;7304.0;45271790.82
8797145104385;6948;6974;19505.0;33133979.655
8797579280385;6854;6865;7163.0;46344921.39
8801894793217;6766;6800;18018.0;24488500.68
8797145333761;6679;6732;18111.0;34825189.275
8803303325697;6559;6596;19138.0;34126528.095
8797268312065;6471;6503;20397.0;77381812.8
8804189339649;6465;6473;19596.0;26317160.145
8799238815745;6320;6347;16685.0;28255443.39
8797982916609;6183;6295;14746.0;21503079.945
8801173012481;6177;6226;17751.0;22439946.69
8801141096449;6162;6200;18410.0;32291366.85
8803303194625;6162;6232;17545.0;27400908.375
8797207592961;6142;6163;16897.0;53783775.315
8804192780289;6117;6125;17528.0;22500601.83
8797207461889;6079;6127;19596.0;90843217.335
8798191550465;6068;6090;17515.0;27883415.925
8797145726977;6060;6101;15766.0;20403000.945
8805407326209;6060;6075;17366.0;21921978.78
8797220044801;5997;6056;17272.0;24319851.795
8801370537985;5997;6047;16834.0;23349462.165
8797220110337;5986;6016;16377.0;23042859.66
8797246619649;5907;5917;15062.0;20884875.57
8798170513409;5902;5930;11605.0;15277446.45
8797230956545;5859;5921;17566.0;24931085.715
8800160579585;5825;5874;16653.0;23437047.51
8800160546817;5778;5839;16403.0;25749223.2
8801895219201;5620;5641;15387.0;24533968.725
8804122361857;5560;5561;14901.0;20350120.05
8802910044161;5464;5471;15447.0;24367874.85
8797201629185;5438;5458;13722.0;38445510.33
8797289644033;5327;5361;16246.0;38542499.01
8797329555457;5285;5346;15991.0;25954229.07
8797202939905;5252;5279;13753.0;33974979.345
8802910109697;5235;5271;15403.0;38537773.965
8797232889857;5211;5268;15221.0;29840430.825
8797220503553;5165;5219;13660.0;17206633.395
8797231284225;5147;5199;9055.0;13420513.845
8797220798465;5122;5202;12305.0;16987217.985
8797301604353;5120;5145;15956.0;43833397.365
8797983014913;5111;5199;13228.0;19443485.025
8803728228353;5043;5065;5096.0;3554913.15
8797249667073;5037;5067;14770.0;31350178.215
8804219617281;5028;5056;13839.0;30559390.02
8797164437505;4938;4955;11981.0;17122832.55
8802941632513;4934;4960;14810.0;29734234.2
8797329293313;4860;4894;10188.0;13807322.505
8797314744321;4822;4869;13979.0;30758018.715
8801370636289;4815;4898;11137.0;15958439.685
8797204676609;4751;4777;13862.0;29367543.6
8802909978625;4711;4727;13385.0;20850989.13
8797987602433;4685;4744;14057.0;27469528.92
8806226624513;4667;4668;13160.0;18990378.945
8797145595905;4599;4635;13061.0;19553527.8
8800160874497;4568;4601;13794.0;20631056.265
8803794354177;4546;4555;13444.0;20008937.25
8806612336641;4544;4544;11983.0;18953518.41
8802941796353;4514;4546;13549.0;34144969.005
8802909847553;4410;4460;12631.0;19717972.245
8797231382529;4332;4337;11945.0;23529027.6
8797275193345;4312;4342;11234.0;17750283.48
8800778977281;4293;4330;4419.0;4229702.64
8797220995073;4258;4331;12792.0;18817941.015
8797281714177;4223;4247;9712.0;12860416.62
8797251502081;4221;4253;14616.0;72951410.88
8803797106689;4215;4220;12135.0;20650622.22
8797332504577;4194;4217;13277.0;52300395.765
8802941829121;4183;4227;13159.0;36285605.055
8797146415105;4159;4177;10180.0;14783985.45
8798191583233;4132;4139;11639.0;18837672.21
8797329063937;4118;4122;6314.0;8606341.8
8802941566977;4110;4131;12275.0;27655046.595
8797231251457;4086;4090;11203.0;16939030.545
8802909782017;4059;4092;12921.0;18362349.27
8797322379265;3977;3987;11510.0;26562961.395
8797233446913;3962;3969;10850.0;16291802.025
8799961645057;3961;3985;11425.0;20582311.545
8800255574017;3950;3996;13368.0;42529016.565
8799763922945;3941;3960;12073.0;39064626.225
8797190422529;3928;3942;10876.0;24445600.425
8806482214913;3921;3921;11032.0;15652469.835
8797144121345;3904;3938;11878.0;23659426.305
8797164961793;3868;3878;10378.0;16001262.855
8797275488257;3777;3797;9879.0;16286840.505
8797266739201;3762;3811;10656.0;16909612.695
8797322117121;3736;3799;9528.0;81354711.735
8797152608257;3735;3743;10466.0;28773407.025
8799238914049;3730;3740;10038.0;17188838.1
8797982818305;3727;3817;11036.0;18286109.1
8804189372417;3707;3707;10606.0;14158043.685
8798171037697;3681;3698;6679.0;9905044.59
8803897442305;3677;3693;9998.0;32966735.4
8797268049921;3656;3666;10445.0;37503902.79
8804189110273;3654;3662;10614.0;15329353.095
8797988552705;3653;3670;11053.0;22053457.125
8797284040705;3578;3609;8670.0;76636704.78
8797143531521;3542;3554;9393.0;26771432.85
8797579378689;3530;3536;3676.0;26897364.27
8797235249153;3505;3529;8453.0;30443983.56
8797261660161;3505;3526;9530.0;37538676.135
8799697928193;3490;3544;10864.0;23897065.995
8799372312577;3479;3507;10492.0;20475477.225
8797187440641;3414;3443;10004.0;29219546.115
8797312385025;3390;3438;9907.0;23060768.04
8797982982145;3357;3395;10469.0;17226712.98
8797274865665;3341;3352;7712.0;10702365.885
8798170546177;3340;3360;8340.0;11781008.64
8797579247617;3303;3311;3448.0;25040464.2
8797164634113;3286;3288;8760.0;13387131.63
8797201825793;3283;3293;8917.0;18035835.705
8797319495681;3267;3282;10395.0;22307581.575
8797272276993;3262;3267;9975.0;21919335.705
8797186883585;3256;3266;8593.0;16773329.925
8797577543681;3254;3256;3442.0;19795124.52
8798976704513;3211;3260;10011.0;18340344.09
8806226657281;3208;3208;8518.0;11886008.265
8797156605953;3187;3193;7893.0;17772192.9
8799375654913;3165;3170;8505.0;15246432.0
8797275291649;3143;3154;9784.0;20115526.365
8804192845825;3142;3146;9443.0;16700896.26
8797192093697;3127;3145;9010.0;15775913.25
8801895055361;3121;3143;8901.0;11948418.9
8803793698817;3113;3115;9693.0;17308127.295
8803303227393;3094;3111;9010.0;17242788.465
8797303177217;3052;3078;8341.0;19357258.86
8797286400001;3036;3049;10762.0;57235401.765
8801894760449;3014;3021;7325.0;9754339.725
8801370669057;3006;3051;7829.0;10617190.155
8797185966081;3004;3018;7641.0;21851102.16
8803305455617;2994;3009;8717.0;16758756.495
8797577871361;2989;2995;3156.0;17383390.875
8801371029505;2978;3004;7774.0;11122314.66
8801828634625;2974;3004;8926.0;19547935.02
8797235347457;2971;2988;9483.0;36284944.68
8806415695873;2960;2961;8707.0;14815033.56
8797271654401;2957;2963;8015.0;20775648.735
8797220929537;2939;2960;8812.0;14875300.17
8801237663745;2917;2940;9221.0;13408715.07
8797144580097;2888;2894;5792.0;8906301.63
8797245308929;2883;2899;8007.0;15754309.29
8797307469825;2858;2878;7999.0;26992697.85
8801895383041;2852;2861;7079.0;11962656.135
8797291446273;2828;2850;8192.0;21183062.355
8797305208833;2824;2834;7760.0;13292941.725
8799763824641;2822;2847;9299.0;27296755.875
8800523026433;2813;2815;8140.0;23492930.445
8802712453121;2789;2835;9548.0;34277024.655
8804122394625;2780;2780;8517.0;11466281.61
8799960367105;2774;2791;8786.0;17214290.46
8799960760321;2754;2762;8848.0;25668126.945
8804219518977;2751;2754;7835.0;17424151.695
8797298982913;2749;2758;8450.0;18299248.065
8797314482177;2749;2758;8264.0;29543019.48
8797145497601;2745;2776;6936.0;9369591.66
8797233184769;2717;2732;7378.0;15702072.93
8797581180929;2715;2717;2804.0;19572721.2
8804188651521;2714;2716;2940.0;3199935.42
8803040034817;2692;2702;8123.0;16832436.345
8797302095873;2679;2711;8185.0;9381657.06
8803630743553;2675;2687;7683.0;12597455.295
8803803037697;2674;2684;7294.0;9205808.31
8797223026689;2652;2678;8054.0;20095549.56
8797153099777;2635;2642;6517.0;23469910.38
8797151395841;2626;2633;6514.0;13281013.08
8797220470785;2606;2610;7057.0;12104667.27
8797207855105;2559;2585;6024.0;21067326.135
8803793567745;2549;2554;7738.0;13090685.445
8797231349761;2529;2543;6640.0;13127901.165
8803630776321;2528;2533;7061.0;11200127.535
8801371914241;2516;2532;7232.0;10666322.055
8803794223105;2507;2511;7205.0;11968074.0
8797153132545;2491;2505;6502.0;21286409.535
8803728719873;2486;2503;2513.0;2806498.8
8797575839745;2473;2476;2650.0;15190194.735
8797297639425;2471;2495;7436.0;15062223.105
8801371062273;2462;2473;6960.0;11312644.14
8798190960641;2460;2474;7417.0;16008753.96
8804057284609;2445;2446;2708.0;17141310.09
8808349663233;2444;2444;7173.0;10741279.545
8803728261121;2423;2441;2453.0;2751371.325
8797231054849;2415;2439;6894.0;20787550.155
8800522960897;2407;2416;5242.0;7541036.64
8800451198977;2404;2407;4126.0;1977849.27
8797320249345;2398;2406;6421.0;12510210.375
8797313826817;2388;2399;7642.0;31041086.175
8797301637121;2376;2387;7376.0;17798564.385
8803859726337;2375;2385;7158.0;13446647.55
8797302489089;2371;2395;6906.0;13025795.94
8805334188033;2355;2358;6982.0;13645779.165
8797251960833;2352;2382;7887.0;36864947.475
8799960858625;2333;2350;6866.0;20652740.37
8797306880001;2330;2355;5752.0;50987490.75
8797298589697;2327;2339;7355.0;14428160.01
8800260489217;2312;2327;6579.0;12087909.99
8797266640897;2307;2327;7473.0;10498339.485
8797986553857;2246;2254;3010.0;1857393.9
8803794288641;2233;2235;5882.0;9104204.16
8797238460417;2221;2235;6121.0;26520483.6
8801894825985;2217;2230;7097.0;11535969.015
8801372045313;2208;2223;7081.0;21256062.84
8797280272385;2197;2215;6634.0;12648218.175
8804057317377;2193;2197;2376.0;13613137.065
8806226984961;2191;2191;5958.0;8457888.96
8800255672321;2183;2214;6268.0;20264841.63
8800255770625;2180;2209;6764.0;20574977.625
8797326868481;2174;2188;2392.0;2333033.37
8797245276161;2173;2198;2198.0;5324525.64
8797302325249;2158;2179;6411.0;10944968.85
8797151625217;2121;2125;5496.0;11231785.935
8797252354049;2118;2129;6470.0;26302579.335
8797226500097;2115;2132;5926.0;12482715.51
8803039969281;2104;2110;5866.0;10590234.795
8797186162689;2100;2112;5434.0;20941801.02
8797246783489;2084;2088;5949.0;11963669.76
8797576757249;2083;2084;2168.0;13221384.975
8801371389953;2068;2069;5816.0;7708545.315
8801699364865;2065;2067;5234.0;9360675.81
8802941665281;2063;2071;5920.0;13557401.055
8797227941889;2054;2057;5563.0;15593156.235
8803794321409;2042;2042;5710.0;9831028.905
8801371717633;2029;2068;5521.0;11587502.25
8797187342337;2020;2023;4902.0;14485580.1
8804189503489;2017;2018;2154.0;1808223.975
8801370570753;2007;2019;5404.0;8218277.145
8803303129089;1992;2005;5078.0;11584014.885
8797153263617;1987;1998;5636.0;14984666.19
8810874339329;1987;1987;6533.0;16160881.455
8798172151809;1985;2003;5117.0;8814184.47
8797272178689;1970;1971;4343.0;5973196.545
8803139354625;1969;1981;6139.0;10750376.835
8801372864513;1965;1965;1965.0;2630628.945
8803303358465;1946;1960;5808.0;11343608.37
8798171136001;1942;1974;2562.0;5009089.68
8804189536257;1941;1941;5807.0;12348853.02
8801699627009;1937;1940;5554.0;8349215.31
8803793600513;1935;1939;5535.0;9765261.54
8800522698753;1933;1938;5525.0;12355060.95
8799403311105;1918;1923;6092.0;20723057.01
8797287088129;1914;1917;5574.0;14830231.455
8797311369217;1913;1954;5842.0;10775905.605
8798846287873;1912;1923;2573.0;1318783.635
8797321986049;1902;1916;5662.0;51667680.015
8803793633281;1887;1887;5508.0;10083318.3
8797185703937;1881;1890;4507.0;9542117.43
8797296951297;1880;1898;5519.0;9830606.94
8802941730817;1871;1879;5199.0;9560780.73
8797266313217;1865;1876;4947.0;9209188.575
8803303424001;1856;1871;5449.0;11333386.98
8799403212801;1848;1853;5322.0;13549874.13
8800778911745;1841;1845;1885.0;1392236.1
8797312090113;1836;1856;1875.0;2602505.7
8797245505537;1828;1836;4738.0;10036075.905
8804060037121;1819;1821;1928.0;13174938.945
8797266804737;1811;1819;5653.0;22941966.555
8806483427329;1794;1794;4860.0;7417082.25
8803797467137;1787;1789;5597.0;8730059.085
8804188553217;1784;1786;1887.0;2126737.89
8797579444225;1779;1789;1894.0;11827876.005
8797982130177;1777;1787;5440.0;9765969.84
8801895022593;1763;1771;5032.0;8466575.535
8797199204353;1761;1761;5228.0;27526775.535
8797194059777;1744;1750;4663.0;8660140.785
8797986291713;1734;1740;1988.0;1106216.01
8801370996737;1729;1741;4777.0;7464317.445
8801699659777;1725;1730;5093.0;8361089.955
8797986717697;1715;1715;2136.0;1309884.975
8797224206337;1700;1722;4496.0;10291914.09
8804188454913;1697;1698;1753.0;2627896.275
8803303292929;1693;1714;4792.0;8933062.14
8797279813633;1692;1709;4952.0;9669376.395
8797222666241;1683;1695;4778.0;12740478.75
8801828667393;1683;1686;4939.0;22630596.255
8797582753793;1661;1661;1785.0;10133601.795
8797245571073;1659;1667;4371.0;9036214.29
8806712508417;1657;1657;1732.0;9282746.115
8805407424513;1656;1657;4840.0;11314939.815
8801370701825;1655;1667;4599.0;6861266.28
8803793895425;1655;1661;5110.0;10208670.84
8797290692609;1653;1661;5039.0;17220842.955
8797221814273;1637;1660;4817.0;8463877.065
8807824752641;1628;1628;1722.0;2237374.35
8798170742785;1626;1632;2541.0;3873604.995
8797145923585;1620;1623;4694.0;6926356.26
8797297016833;1617;1640;5063.0;10763998.965
8805532467201;1614;1615;4941.0;9379050.39
8797283680257;1607;1619;4708.0;6379968.555
8797186457601;1603;1611;3931.0;8627153.085
8797981900801;1590;1594;4167.0;6392500.335
8797312843777;1587;1594;5021.0;18930047.67
8797186850817;1582;1591;3811.0;10375966.575
8800487866369;1577;1582;1584.0;1872237.015
8801698152449;1576;1577;4382.0;6998036.22
8800160612353;1573;1583;4942.0;11933882.55
8797297770497;1572;1598;5066.0;9670291.92
8797329227777;1563;1563;3714.0;5255197.56
8797282336769;1561;1568;4354.0;9424853.055
8802941599745;1560;1567;4723.0;8294761.935
8797296885761;1558;1564;4573.0;8342578.89
8797297836033;1553;1556;4292.0;16617727.755
8801270530049;1552;1567;4781.0;14008379.49
8797257465857;1549;1552;4840.0;14455731.195
8799763529729;1534;1549;4111.0;7746032.52
8800522076161;1529;1539;3954.0;6022527.75
8801532575745;1528;1529;4701.0;27099780.75
8802909913089;1525;1543;4037.0;6325406.505
8804059840513;1525;1532;4485.0;8198493.48
8797282041857;1521;1543;3720.0;6503042.025
8800778944513;1516;1523;1550.0;1294692.75
8797580460033;1515;1515;1610.0;9695260.71
8797333454849;1508;1525;3732.0;15051084.21
8797148282881;1507;1513;3983.0;12941452.575
8797184425985;1507;1515;3617.0;12880821.555
8797174104065;1506;1513;3794.0;8666459.73
8801370767361;1498;1529;4402.0;7180628.805
8797302554625;1497;1515;4625.0;11564496.855
8803040100353;1489;1499;4413.0;8873757.135
8800160088065;1484;1490;3942.0;5262909.345
8797182230529;1477;1479;3625.0;10027402.47
8797280174081;1470;1494;4385.0;10730738.52
8797178855425;1463;1484;1484.0;3403758.51
8797297737729;1463;1481;4906.0;16316169.795
8797164699649;1461;1466;4057.0;6757328.61
8800487276545;1460;1467;1467.0;1629715.95
8797235085313;1456;1458;3835.0;13456430.145
8807824588801;1451;1451;1508.0;1211889.06
8797221388289;1448;1458;3724.0;6474264.345
8810544365569;1446;1447;4923.0;7338132.0
8804188487681;1444;1445;1602.0;884588.58
8797194125313;1441;1446;3331.0;7189098.345
8797298130945;1440;1450;4390.0;9971124.03
8800812236801;1439;1443;2529.0;6887906.055
8801565376513;1439;1476;2386.0;6700773.15
8797296492545;1438;1456;4410.0;6621710.445
8801697988609;1438;1444;4398.0;7935408.765
8804189274113;1436;1437;1504.0;1345095.585
8801699397633;1423;1423;3950.0;6161505.57
8797221683201;1422;1432;4114.0;8267707.485
8797148086273;1416;1425;3923.0;14088424.815
8800160743425;1416;1434;4492.0;15853077.45
8797289250817;1407;1415;4609.0;20815654.095
8804188520449;1403;1404;1455.0;1919822.22
8797314777089;1396;1407;4521.0;6475979.88
8797985374209;1389;1392;1568.0;1942583.49
8799568592897;1386;1386;1482.0;8153282.205
8797246914561;1368;1373;3529.0;8402534.955
8797234331649;1366;1367;3658.0;7188834.195
8799402819585;1365;1371;4173.0;18662367.915
8797982064641;1362;1376;3828.0;16832852.73
8800975814657;1356;1356;3591.0;14106395.43
8797182853121;1351;1353;3486.0;10019838.555
8797296263169;1347;1353;4405.0;6570866.475
8806612107265;1347;1347;4137.0;7574007.78
8797304717313;1343;1351;4165.0;12512960.685
8797279715329;1342;1364;4431.0;14591588.58
8801500397569;1331;1348;3967.0;35430835.59
8798170775553;1327;1332;3499.0;5121860.265
8797251534849;1326;1331;4336.0;20190741.345
8800681066497;1321;1323;3825.0;14631449.94
8797577609217;1319;1319;1367.0;7972841.97
8797187571713;1318;1322;3582.0;7091563.5
8797325754369;1316;1336;1410.0;4352058.63
8799960662017;1311;1322;3818.0;10393730.01
8804188979201;1295;1297;1420.0;769145.445
8799960563713;1287;1294;3601.0;7944000.03
8797262348289;1285;1293;3667.0;34808599.26
8797276798977;1277;1279;3473.0;7536957.21
8797312679937;1276;1288;2853.0;24962953.95
8803793534977;1276;1278;4264.0;7277910.21
8797184491521;1274;1288;3328.0;16145890.02
8800680968193;1273;1280;3523.0;8723518.38
8797281452033;1272;1273;1317.0;1699646.985
8804057415681;1263;1264;1371.0;13985122.815
8805406834689;1263;1265;4181.0;14128455.24
8800779108353;1261;1272;1303.0;1458357.75
8797268344833;1259;1259;2831.0;7812887.58
8800060833793;1259;1261;1315.0;2232897.705
8800778878977;1259;1266;1303.0;924942.15
8805826822145;1254;1254;1456.0;884061.45
8800522567681;1249;1254;3550.0;7032739.725
8798170972161;1248;1248;1370.0;1585632.465
8798172315649;1246;1265;3659.0;6038635.815
8797254385665;1245;1252;4035.0;23131056.015
8797220405249;1239;1257;1257.0;1602554.04
8801371979777;1236;1244;3454.0;5845108.455
8797262282753;1233;1256;3304.0;29388906.09
8797304684545;1233;1243;3351.0;7208325.315
8801371783169;1231;1238;3232.0;8757842.805
8801533689857;1231;1234;3445.0;6699881.565
8797207166977;1228;1238;3844.0;16566705.765
8806483329025;1226;1227;3716.0;5072695.83
8801565474817;1225;1236;4109.0;5877658.62
8801371324417;1217;1218;3439.0;4354172.685
8797151920129;1216;1225;2717.0;7307366.805
8810511007745;1216;1216;3992.0;5554138.005
8797144875009;1215;1224;2777.0;3611359.755
8797217882113;1214;1219;3628.0;9234328.635
8797275324417;1212;1219;3553.0;33512674.905
8805407162369;1203;1204;3536.0;4490596.755
8798846222337;1199;1204;1552.0;687635.955
8800060604417;1197;1199;1269.0;1407026.97
8797227745281;1192;1206;2889.0;9901711.575
8797266477057;1191;1199;3467.0;7445910.285
8801371848705;1190;1199;3397.0;6064343.64
8800523091969;1187;1189;3611.0;8292016.215
8801828700161;1186;1194;1236.0;1945447.695
8803728687105;1185;1188;1200.0;991728.9
8797982031873;1180;1184;2786.0;4391019.315
8800523288577;1180;1190;3698.0;7475214.78
8803897802753;1180;1189;3578.0;7112252.52
8801371521025;1176;1183;3420.0;6471485.01
8797282172929;1174;1183;3233.0;5738764.005
8801895677953;1174;1186;3175.0;7022360.25
8797988061185;1171;1176;2892.0;5056078.32
8806227116033;1169;1177;3617.0;6623292.555
8797230006273;1156;1158;2880.0;6802102.755
8801664499713;1154;1155;3320.0;7549398.315
8801371947009;1153;1176;3484.0;7041402.675
8797258842113;1152;1157;2907.0;11742657.21
8797274144769;1152;1160;3838.0;15524766.0
8797308354561;1152;1156;3892.0;16277323.995
8797292986369;1149;1154;3348.0;11219032.215
8801173110785;1147;1151;3351.0;5689109.88
8797253173249;1146;1149;2815.0;5316514.695
8803794386945;1146;1149;2928.0;5425565.85
8797575675905;1145;1147;1210.0;7441612.83
8800487440385;1144;1145;3153.0;5776477.38
8804189208577;1142;1143;1342.0;812495.925
8800779239425;1141;1153;1175.0;1288131.66
8806482247681;1140;1140;3255.0;4503275.55
8797258973185;1137;1139;3149.0;10063383.12
8799960465409;1137;1147;2707.0;5751183.645
8797208084481;1135;1138;3372.0;10571866.695
8797231448065;1134;1148;2918.0;5918437.89
8807824654337;1130;1130;1199.0;1325898.765
8797307404289;1127;1147;3332.0;14632570.035
8799960268801;1122;1125;3346.0;7696816.515
8797223780353;1119;1133;3258.0;8251197.39
8797297868801;1119;1127;3468.0;13362158.16
8802941763585;1118;1123;3230.0;8547034.5
8806612205569;1116;1116;3747.0;16958118.51
8797247209473;1114;1123;2893.0;5014000.71
8797986652161;1114;1114;1304.0;997107.795
8797322870785;1112;1117;3547.0;10485973.26
8797234397185;1111;1112;3121.0;13592773.98
8797579411457;1110;1110;1157.0;7916366.835
8797293510657;1108;1116;3543.0;16064705.925
8797271982081;1106;1109;2972.0;9665408.43
8801371815937;1104;1111;3447.0;9220626.225
8801370472449;1103;1110;3317.0;5166062.595
8797236232193;1091;1099;3022.0;7650734.22
8798819647489;1085;1101;2926.0;7310328.615
8801372405761;1085;1098;3015.0;4897957.185
8807825113089;1080;1080;1155.0;1259396.64
8797273292801;1078;1080;2190.0;2694104.28
8797296721921;1078;1081;3437.0;7541332.425
8797582655489;1078;1079;1116.0;11621449.44
8808349696001;1077;1077;3163.0;5136784.2
8803793666049;1070;1074;3417.0;6892994.52
8797280567297;1067;1077;3328.0;34366970.25
8797223518209;1064;1077;3697.0;10586289.69
8799534022657;1064;1086;3022.0;3572676.27
8797240918017;1063;1069;2659.0;8375369.76
8797323132929;1059;1067;3167.0;11204964.585
8797292658689;1058;1062;2654.0;8714651.04
8800522502145;1056;1059;2838.0;5822897.985
8803896524801;1056;1060;3595.0;10332778.275
8805206556673;1055;1058;3011.0;4047082.605
8801634091009;1054;1055;2177.0;2763704.835
8804192976897;1054;1058;3079.0;7885237.815
8797148119041;1053;1065;2989.0;7636049.235
8797298884609;1052;1055;3082.0;8300163.105
8800488161281;1052;1065;1065.0;1360241.55
8797286924289;1047;1051;3183.0;6807253.95
8800617857025;1047;1050;1154.0;1201049.685
8801370603521;1043;1046;2913.0;3940162.74
8804189306881;1040;1042;1111.0;854399.025
8804189437953;1039;1039;3090.0;4258179.09
8806712311809;1039;1039;1065.0;6546018.195
8806712082433;1038;1038;1082.0;6358389.075
8797275389953;1037;1039;3317.0;13741382.7
8803794124801;1037;1040;2604.0;3883412.295
8797306945537;1035;1036;2881.0;7292519.595
8806712770561;1035;1035;1079.0;5384552.22
8797141630977;1032;1032;1032.0;1461724.335
8803797696513;1032;1034;2984.0;6139745.1
8805532893185;1032;1037;2866.0;4582951.92
8797288005633;1029;1029;2844.0;8530452.945
8799403016193;1026;1026;2188.0;8228461.185
8797253107713;1019;1021;2657.0;5719110.84
8798616223745;1019;1025;2896.0;8274891.555
8797577510913;1017;1017;1039.0;6325043.31
8797983211521;1015;1022;2968.0;5501500.515
8797181968385;1014;1016;2352.0;7709799.735
8801665712129;1011;1021;3720.0;18332100.945
8797986914305;1004;1007;1061.0;1023904.935
8803991126017;1001;1004;2697.0;6493357.935
8806226591745;1001;1001;2911.0;4855837.455
8799436898305;1000;1001;2624.0;6923337.885
8797306060801;989;996;2655.0;7394584.86
8797323198465;988;995;3118.0;12039488.415
8804057350145;987;988;1243.0;7460722.035
8806712541185;985;985;1045.0;5464362.51
8797194289153;984;986;2355.0;10761326.37
8803794255873;984;985;2887.0;4582771.56
8797215883265;983;989;1136.0;1049104.62
8804189241345;983;984;2675.0;4479366.825
8807824359425;983;983;1090.0;1042245.315
8799863275521;978;984;3267.0;13610791.26
8797318676481;976;976;2842.0;5392798.515
8801371160577;975;976;2499.0;4078683.135
8797986619393;973;980;1044.0;794747.745
8799863177217;973;978;3341.0;19443557.25
8797283713025;970;970;2708.0;7222473.9
8797322739713;968;975;3344.0;18125164.08
8801371684865;967;968;2880.0;6037242.48
8806712410113;963;963;982.0;6051078.54
8801565638657;962;965;2700.0;3620816.685
8803302047745;962;964;3148.0;5100437.205
8797306552321;958;964;3093.0;15044540.49
8799403835393;958;960;2734.0;6427179.045
8800522829825;956;963;2336.0;6573833.55
8797265428481;952;956;2238.0;8805514.275
8797575512065;941;942;970.0;7841492.325
8805334220801;940;941;2768.0;5714823.555
8797192847361;939;941;1779.0;3373253.325
8797253763073;939;946;3054.0;8337781.62
8797290987521;939;943;2711.0;3857085.0
8797307240449;939;948;2516.0;7548102.72
8801634877441;937;953;2773.0;10667890.035
8797302751233;931;938;2887.0;7990867.62
8800257671169;930;938;2773.0;9313535.295
8797143957505;929;929;2615.0;6886498.32
8797291085825;929;932;2889.0;7511954.76
8797323984897;929;946;2882.0;5971125.825
8805406703617;929;930;3270.0;11436536.745
8797297344513;928;936;2495.0;5463417.69
8797199532033;925;930;2545.0;6729231.6
8797986062337;925;926;1087.0;660742.425
8797217783809;924;924;2250.0;5205516.975
8797221945345;922;926;2770.0;7419156.66
8800060932097;921;922;948.0;1196464.05
8801371750401;921;926;2470.0;4114476.09
8797217849345;917;921;2504.0;5576570.685
8800647905281;917;919;2377.0;7584991.065
8804192714753;917;919;2739.0;7033609.44
8797296394241;914;927;2702.0;7123694.805
8797321854977;909;918;2426.0;3957587.28
8805206753281;907;907;2717.0;7980768.765
8797985439745;906;908;1024.0;1424538.585
8797986881537;906;907;1023.0;727179.21
8803728752641;904;907;908.0;753895.35
8797302947841;903;916;2952.0;6619360.95
8799372214273;903;913;3173.0;17542088.01
8803171139585;903;917;2639.0;4838647.77
8797235838977;900;905;2759.0;9837855.36
8797334896641;897;897;2702.0;14843099.16
8797986160641;888;891;1014.0;573952.23
8801500463105;888;903;2917.0;27761822.865
8797177839617;887;895;2388.0;9951568.92
8797237313537;887;891;2716.0;7194390.75
8797981966337;885;885;2315.0;3452764.23
8797272014849;884;886;2212.0;4764223.98
8803306242049;883;884;2490.0;7511165.73
8798616289281;880;883;2174.0;12256061.175
8803306209281;874;874;2317.0;4840418.385
8797239246849;871;874;1988.0;6666784.29
8797575544833;870;871;900.0;7512164.145
8803897901057;870;870;2392.0;9751290.39
8797151592449;869;869;1901.0;6824805.12
8801894891521;869;878;2597.0;7739522.73
8800487211009;867;872;1175.0;1443698.145
8797983244289;863;866;2620.0;5289874.74
8797221060609;862;869;2675.0;5341349.79
8797323427841;861;866;1656.0;1976965.56
8797327163393;852;854;1060.0;591376.905
8801565409281;848;856;2598.0;3803987.115
8797282238465;845;845;846.0;1119812.445
8805406769153;845;846;2819.0;9764867.16
8797987667969;842;846;1918.0;3031943.895
8797252157441;840;846;2438.0;9799660.665
8806712115201;840;840;873.0;5348487.69
8800189579265;837;858;2367.0;4296568.365
8797986750465;836;838;996.0;677426.085
8799763988481;836;836;2350.0;6658978.59
8797291741185;834;840;2471.0;6277896.99
8801828503553;830;833;2039.0;6286925.025
8805206884353;830;835;2478.0;5004121.995
8803303391233;829;844;2340.0;5687448.12
8797298032641;828;832;1891.0;6849131.535
8805405589505;828;829;2326.0;4257353.07
8799375949825;824;824;2154.0;5080791.87
8797262249985;821;832;2346.0;21985719.255
8804188585985;821;822;877.0;981339.435
8805407031297;819;821;2662.0;9402206.31
8806712049665;817;817;830.0;4550845.905
8797327785985;816;819;2266.0;8439460.965
8797986521089;813;822;909.0;590482.89
8803797434369;809;810;2122.0;7964011.215
8797236854785;808;815;2356.0;7000167.555
8798846091265;807;811;2302.0;4640888.79
8803793829889;798;801;2439.0;4887929.61
8797577576449;797;797;828.0;5119726.5
8797275127809;795;799;2459.0;9609651.45
8798911102977;794;811;2524.0;27577366.47
8797297442817;792;798;2343.0;5428824.12
8797316677633;792;802;2205.0;2712232.215
8803306143745;792;797;2365.0;5234485.995
8797988323329;789;796;1904.0;5086818.045
8800647839745;789;791;2047.0;7847015.94
8797313073153;788;792;2459.0;7653089.43
8799698092033;787;788;2163.0;3901201.11
8800746110977;787;791;2375.0;3916982.205
8797221322753;784;790;2284.0;5979134.475
8797248126977;782;786;1923.0;5021453.79
8797985800193;782;783;815.0;1182189.06
8806480576513;780;780;2175.0;3193755.705
8797581967361;779;779;809.0;7104451.725
8797987045377;779;779;817.0;863795.34
8797306650625;777;786;2494.0;26257264.74
8797257826305;774;774;1951.0;3726423.0
8797283516417;774;783;2569.0;6015580.065
8797223714817;773;779;2111.0;5339506.32
8797310418945;773;777;777.0;1795394.34
8797196615681;771;771;2911.0;27290456.145
8800615956481;769;770;845.0;963030.645
8797247340545;768;770;2376.0;7075504.62
8808349630465;768;768;2085.0;2953162.305
8803793764353;766;767;2201.0;4863106.8
8797220569089;765;767;2264.0;4100239.08
8797579673601;760;760;787.0;6484140.63
8799961743361;760;761;2389.0;9609856.74
8797322805249;758;760;1838.0;6827162.985
8800260390913;758;758;1941.0;3790617.75
8797196353537;757;757;1909.0;10818091.575
8806712934401;757;757;781.0;5417103.24
8801371881473;756;761;2344.0;4315396.68
8797148381185;754;756;1895.0;4077635.175
8797325164545;754;768;1881.0;4336006.86
8801634353153;753;754;1940.0;5031774.0
8797221453825;752;756;2249.0;4611463.02
8797291839489;751;761;2239.0;3942085.095
8797322674177;749;751;1729.0;7826686.155
8797273423873;748;748;1420.0;1985988.15
8806226690049;748;748;2091.0;3226106.07
8805407096833;747;748;2413.0;7395912.81
8797201956865;746;747;1882.0;7289544.915
8805827215361;743;744;773.0;741040.425
8797143728129;742;748;1851.0;3888501.885
8799436963841;742;750;1822.0;6537612.015
8805405949953;741;746;2167.0;4917217.725
8805629689857;740;740;2316.0;3540730.815
8806483460097;740;740;2124.0;3204769.32
8797274669057;734;736;1898.0;7831769.175
8803826499585;733;734;2192.0;5465615.355
8797222862849;732;742;742.0;1778311.62
8801795014657;729;731;757.0;2835682.83
8803513401345;727;728;2088.0;3547363.23
8808191131649;727;727;1945.0;6671863.71
8801141489665;726;727;2092.0;4755257.01
8800488816641;724;725;728.0;1516199.67
8797982294017;721;725;2111.0;3335227.425
8797293051905;720;727;2750.0;15468655.095
8797312581633;720;723;1673.0;4660966.8
8797326999553;718;720;767.0;621310.05
8797580165121;716;719;747.0;12749409.495
8805827313665;716;716;733.0;683813.88
8797578395649;714;718;738.0;9857796.165
8805406015489;712;715;2295.0;3841840.8
8797274963969;707;713;2056.0;4274346.825
8797327556609;705;712;1872.0;3311844.57
8797274374145;704;716;1644.0;10739323.89
8797264445441;701;704;1790.0;4616565.3
8801894858753;701;706;2290.0;7808075.235
8797296427009;699;702;1779.0;6130343.16
8797236264961;697;700;1628.0;3156415.695
8797152968705;696;696;2174.0;10119117.825
8798172217345;696;698;2125.0;6519396.915
8797290233857;695;697;1621.0;10378564.11
8797982654465;692;695;2001.0;3799130.985
8797280534529;687;704;2073.0;9387675.855
8805406408705;684;686;1821.0;2649050.415
8797249503233;683;683;1737.0;4427504.775
8797982228481;681;682;1482.0;3274861.14
8797187178497;678;685;1891.0;3471385.05
8797302685697;677;684;2118.0;6164649.63
8797984194561;675;675;1795.0;4765679.775
8797208215553;674;674;1452.0;2224594.485
8797292068865;673;674;1704.0;3997465.02
8803990142977;671;674;1769.0;6921518.04
8797333651457;670;689;1779.0;7723574.19
8797293740033;669;675;1690.0;3376167.03
8797576036353;668;668;690.0;6054230.565
8797306322945;666;668;2080.0;5527044.495
8806226821121;665;665;1824.0;2897913.825
8797191110657;664;671;1847.0;6576325.11
8797298622465;664;668;1794.0;4096928.835
8806227705857;664;668;2130.0;6054702.21
8797307011073;661;663;1953.0;7906292.955
8797303668737;660;665;2073.0;4900959.135
8797266706433;659;664;2044.0;4715355.465
8797576462337;657;657;678.0;4654984.77
8797986258945;657;661;717.0;365409.54
8799377915905;657;661;1288.0;3817698.885
8798170939393;655;658;1513.0;2253692.205
8801141391361;654;656;1960.0;6754352.985
8800521912321;653;656;1753.0;3033774.855
8807627522049;653;653;1694.0;3800522.745
8797190684673;652;655;1847.0;5701655.07
8801565736961;650;659;2298.0;8478840.735
8801635074049;646;650;1984.0;3124155.195
8797289676801;645;648;2061.0;8414937.45
8801698119681;645;646;1961.0;3951494.19
8797149134849;643;643;1740.0;4771648.935
8797307043841;642;644;1819.0;9555123.015
8804058333185;642;644;1926.0;9643015.755
8800647970817;641;643;1767.0;5504855.355
8797164371969;640;643;1664.0;2547027.0
8797247832065;640;642;1803.0;3295838.07
8803170942977;639;648;1962.0;3276181.935
8797327130625;638;640;773.0;449460.54
8806226722817;638;638;1855.0;5248332.315
8797266345985;635;636;1548.0;5731221.42
8798846124033;635;644;1591.0;3175128.09
8797981933569;634;640;1733.0;2478418.02
8797194321921;633;635;1613.0;3367982.52
8797234954241;633;644;1594.0;5814257.175
8797577052161;633;633;653.0;5899831.605
8797579739137;633;635;655.0;6724481.4
8797331947521;631;635;2034.0;5860034.73
8797207625729;630;639;1795.0;6585989.535
8803796877313;627;629;1807.0;6038042.175
8805531222017;627;629;1088.0;1672320.465
8800780779521;620;621;1793.0;3407950.125
8797327294465;618;625;1962.0;3316937.175
8805405982721;618;619;1839.0;4656509.64
8797172531201;617;621;1564.0;4965086.52
8805407752193;616;616;2113.0;7133707.665
8803957374977;615;622;1665.0;9201575.7
8797296558081;612;621;1926.0;4960863.63
8805406670849;611;613;1837.0;5136405.435
8797309075457;609;621;1904.0;5206653.18
8797308911617;608;611;1431.0;4872005.955
8801172455425;607;610;1274.0;1827161.01
8797292822529;604;605;1940.0;9935322.435
8797298720769;604;612;1664.0;4284861.705
8800617365505;604;605;664.0;619065.18
8801141293057;603;604;1835.0;3202423.515
8803793731585;603;604;1895.0;3473903.88
8805407653889;603;603;2483.0;14903973.405
8807956971521;603;603;2069.0;9779062.41
8797233479681;599;603;919.0;1448631.27
8801500102657;599;603;1366.0;7688988.99
8797183049729;598;599;1684.0;5993993.79
8799863570433;598;599;2248.0;22794127.47
8804188880897;598;598;673.0;317862.585
8807825014785;598;598;764.0;295126.56
8800189546497;597;598;1466.0;5259560.31
8800779075585;597;600;607.0;530397.45
8808353202177;597;597;1542.0;13413071.88
8801894629377;596;599;1844.0;4902102.99
8800522469377;595;596;1599.0;2864096.64
8797577936897;594;594;617.0;3494879.505
8797327523841;592;595;1525.0;3286356.165
8797307666433;591;592;1651.0;2905206.795
8800488325121;590;592;771.0;1031691.6
8797986422785;588;592;625.0;678044.205
8800260292609;588;588;1651.0;4518481.68
8801894989825;588;593;1463.0;2385438.12
8797294592001;587;588;588.0;1475081.775
8801565540353;587;592;1901.0;4922636.76
8803990175745;587;587;1420.0;3357587.34
8797302161409;586;593;1326.0;4595104.44
8799455346689;586;587;1468.0;6741284.625
8797332733953;585;586;1447.0;5984997.795
8797188128769;583;591;596.0;1297981.17
8797986455553;583;584;634.0;645512.985
8805206654977;582;585;1726.0;3480237.855
8797249044481;580;594;836.0;2107429.515
8797152673793;579;579;579.0;1305753.975
8801373323265;579;587;1742.0;5519406.825
8797985308673;577;577;662.0;886495.725
8803991093249;577;578;1597.0;5606198.235
8805406048257;576;578;1763.0;3145115.385
8806712279041;576;576;586.0;3872135.475
8797147463681;575;580;1478.0;4838626.53
8797178920961;574;581;817.0;2069320.86
8797312974849;573;581;1576.0;14014896.075
8807827210241;572;572;1324.0;2368011.87
8797306912769;570;583;1745.0;16472863.71
8798172282881;570;577;1716.0;5590509.21
8804122460161;570;571;1780.0;3395787.66
8809828319233;570;570;1661.0;2356336.935
8805407522817;569;569;2227.0;11510678.025
8804057382913;568;569;616.0;3673770.66
8797985538049;567;567;611.0;584284.185
8804058628097;567;567;1593.0;2165257.8
8797266608129;565;566;1518.0;7226500.545
8805630345217;564;565;1993.0;5099443.695
8799567380481;563;563;1810.0;4484427.39
8805406507009;562;563;1320.0;3493743.75
8797312319489;560;561;1491.0;3242854.935
8797323624449;559;561;1638.0;5182816.095
8799375163393;557;564;1797.0;7604950.41
8797222305793;556;558;1498.0;5256528.66
8800780877825;556;559;1516.0;4911420.51
8801371127809;556;559;1473.0;2473234.92
8802843426817;555;566;1737.0;5807599.425
8801270693889;554;555;1492.0;2827542.825
8797313499137;553;557;1530.0;6172847.685
8805334056961;553;556;1395.0;2968555.41
8801894957057;549;567;1736.0;5396143.95
8807826096129;549;549;587.0;468852.615
8797318053889;547;550;562.0;1044594.27
8800681689089;546;550;1334.0;4682586.915
8797982097409;545;546;1400.0;2401069.455
8797985636353;545;545;612.0;326131.605
8797239410689;544;544;1844.0;1915318.53
8803859791873;544;544;1579.0;2026966.905
8803728097281;543;545;829.0;231423.075
8803896295425;541;541;1135.0;1529969.76
8805827018753;541;541;675.0;425045.61
8798846386177;540;541;636.0;588931.83
8797307699201;539;546;1764.0;3835957.41
8804189175809;538;538;1187.0;3107688.84
8805405818881;538;538;589.0;959494.545
8797257957377;537;537;1347.0;6249005.46
8803512614913;537;539;1042.0;2814091.515
8797580361729;536;537;555.0;5116388.625
8797327196161;535;540;651.0;326458.755
8797197959169;534;535;2001.0;19571922.765
8797309698049;533;537;1147.0;4506596.46
8806227771393;532;533;1920.0;7889223.33
8797306585089;531;533;1571.0;5103335.745
8797277421569;530;530;1608.0;4482233.73
8797983571969;530;530;552.0;672592.68
8801371652097;527;531;1268.0;2384024.175
8797313990657;526;526;1390.0;4985616.465
8797580984321;525;525;541.0;4420913.985
8797302292481;522;530;1298.0;2772815.13
8797982720001;520;522;1369.0;2365399.575
8797186818049;517;519;1619.0;3802006.26
8797327392769;517;520;1528.0;4325366.655
8797248880641;516;516;1551.0;5341742.19
8797301178369;516;519;1130.0;1993201.47
8798819581953;515;522;1640.0;4329435.015
8800779042817;515;517;527.0;434534.4
8801894662145;514;515;1536.0;4381028.775
8797285449729;513;514;1650.0;5110149.96
8797576396801;513;513;542.0;3323127.375
8801565573121;513;520;1615.0;6347284.02
8803305521153;513;516;1643.0;3996292.41
8797309566977;512;514;536.0;536226.66
8801141587969;511;514;1444.0;6752411.325
8797274767361;510;510;1614.0;6065722.575
8797285384193;510;511;1318.0;3948502.23
8797298655233;510;512;1491.0;6141779.01
8800616480769;509;511;741.0;1132453.845
8797172858881;507;512;1551.0;2730046.995
8797323722753;504;506;1778.0;8174110.815
8797286891521;503;503;1198.0;4574590.695
8797216079873;502;502;514.0;766128.42
8797319888897;500;509;1421.0;3255791.94
8801635008513;500;500;686.0;984746.745
8805532729345;499;499;1486.0;2813862.105
8797222600705;498;504;1595.0;5671736.865
8801371455489;498;498;1432.0;2515254.615
8806227869697;498;503;1985.0;7382196.495
8797299703809;497;502;1654.0;7138103.85
8797186523137;496;498;1295.0;5062492.395
8797226795009;496;501;1190.0;3299568.705
8797244555265;496;497;504.0;652393.98
8806226853889;496;496;1451.0;2543661.0
8797182099457;495;497;1082.0;4222898.91
8797174497281;494;494;1354.0;3262670.685
8800189939713;494;496;581.0;556066.53
8804188389377;493;494;517.0;507511.8
8797580492801;492;493;514.0;4466765.115
8797988585473;491;504;1512.0;3715604.685
8807825440769;491;491;556.0;437562.0
8799567446017;487;492;1280.0;2152809.765
8803796385793;486;488;1527.0;4697448.885
8806714572801;486;486;1305.0;3232953.45
8797231513601;485;488;1338.0;3229940.295
8797208576001;484;489;1311.0;5297573.34
8805408210945;483;483;542.0;831758.4
8797189832705;482;483;499.0;561257.82
8804189405185;482;482;1526.0;3124684.35
8798714658817;481;485;1152.0;3029793.975
8805828263937;481;481;554.0;361935.225
8805630967809;480;480;618.0;284004.765
8797317332993;479;483;1361.0;1766100.15
8800779206657;479;483;489.0;431402.4
8805407621121;477;483;1944.0;10643066.145
8806714081281;477;477;1352.0;2945081.115
8801828831233;476;477;1255.0;5293702.215
8797225222145;475;477;1411.0;4545950.535
8797259005953;475;475;484.0;826137.09
8809986850817;475;475;1503.0;5332400.505
8801372471297;474;476;1189.0;3295086.03
8801172684801;473;479;1353.0;12255484.5
8801238614017;471;471;1584.0;7296012.675
8797291675649;470;474;1483.0;3939777.855
8799372115969;469;473;1233.0;3412405.17
8801141686273;469;469;1426.0;3179492.595
8800522764289;467;474;1155.0;3302932.95
8805629624321;467;467;1499.0;2285892.72
8800159334401;466;466;1641.0;10057125.87
8803040624641;466;468;1207.0;1773537.39
8804189044737;466;466;560.0;360729.0
8797306781697;465;467;1293.0;5241638.385
8804189011969;465;465;543.0;368176.68
8805406539777;465;466;1130.0;2342749.23
8797308190721;464;465;1568.0;4041267.75
8797193961473;463;463;1351.0;6775678.71
8797271621633;463;469;469.0;664750.89
8797183541249;462;464;1103.0;2652710.67
8797271031809;462;464;1316.0;5096865.825
8797301538817;459;462;1313.0;2614042.44
8797173874689;458;459;1170.0;2401561.26
8801500037121;458;461;1114.0;8138778.255
8805827805185;457;457;494.0;436765.905
8797199466497;456;457;1165.0;4590774.585
8797221257217;456;458;1354.0;3731377.14
8798172774401;456;456;471.0;1721001.465
8804188782593;456;458;518.0;285375.285
8801828601857;455;457;467.0;603501.165
8801499873281;454;455;1113.0;3016439.415
8797333192705;453;470;1268.0;3044440.845
8797290496001;452;453;1543.0;7866138.96
8797223583745;451;468;1341.0;3162925.71
8797295345665;449;451;1371.0;4733055.945
8797576888321;448;448;464.0;4241782.845
8800160907265;448;449;485.0;413385.615
8800489439233;448;452;456.0;787951.71
8800059260929;444;444;1195.0;3544256.25
8803305062401;444;445;1118.0;2039970.96
8805407129601;444;445;1096.0;2799307.755
8797276930049;443;451;1074.0;4204337.715
8801373356033;443;444;1229.0;5879222.46
8803695362049;443;448;1086.0;5753356.74
8805631066113;441;441;1253.0;2259613.665
8797199728641;440;440;747.0;10422395.325
8797275029505;440;446;1134.0;7861794.66
8797298950145;438;438;1087.0;1776791.16
8799372509185;437;438;450.0;1754836.02
8801142243329;437;439;1342.0;3435148.89
8797985603585;436;437;475.0;614505.645
8800189710337;436;436;1186.0;2762494.74
8803305160705;436;437;1277.0;2308285.845
8803797172225;436;436;1512.0;7121998.44
8806712180737;435;435;450.0;3016480.275
8805406375937;434;435;1367.0;2130400.17
8806484279297;434;434;1222.0;3398349.105
8797234233345;433;437;1225.0;4850900.505
8797245341697;432;432;940.0;2322889.2
8801372602369;432;432;449.0;557540.82
8801665908737;432;434;1597.0;9079422.165
8801894694913;431;432;1257.0;2779306.47
8803305619457;431;435;1375.0;2102948.01
8801172914177;430;430;441.0;710287.11
8797246652417;429;430;450.0;721756.53
8797579509761;429;429;453.0;5867505.135
8797188259841;428;431;438.0;951256.71
8797985570817;428;430;448.0;542007.45
8797203660801;427;428;1234.0;4853657.97
8800161169409;427;432;1292.0;3508415.28
8800488587265;427;431;433.0;706945.185
8803040559105;426;427;917.0;3203023.59
8801173176321;425;426;1219.0;2740035.96
8802286436353;425;427;1146.0;1501765.965
8803306110977;425;428;946.0;2676178.215
8809986752513;425;425;1086.0;3948234.84
8802712682497;424;424;1322.0;2539645.155
8803925098497;423;423;1448.0;5467837.995
8797577347073;422;422;440.0;3205227.915
8798172741633;422;422;425.0;1214183.07
8797314056193;421;426;1158.0;2416985.1
8797162045441;420;424;485.0;546529.545
8797279518721;420;423;890.0;2458948.59
8797987930113;420;420;1268.0;2405954.34
8797579968513;419;419;446.0;5337877.68
8797985243137;418;418;478.0;641677.995
8801371193345;418;418;1058.0;1528597.62
8797207232513;417;419;974.0;3354725.52
8797266870273;417;417;1156.0;5678973.135
8797254549505;415;417;1092.0;3071993.625
8803793862657;415;415;1283.0;2529730.62
8806483984385;415;415;1163.0;1953053.28
8797986029569;413;417;486.0;331851.78
8797270638593;411;411;877.0;1712150.28
8804188815361;411;414;450.0;245504.25
8797321592833;410;412;1186.0;2162389.77
8799862784001;409;411;1337.0;5460902.82
8797261955073;408;409;1094.0;3994582.77
8798170808321;408;411;1227.0;1685742.795
8801500069889;408;409;826.0;2934803.16
8803171008513;407;409;1233.0;1952896.95
8797263429633;406;406;991.0;1864637.775
8797291151361;406;407;1286.0;2090225.16
8800160940033;405;406;435.0;631145.97
8810874470401;405;405;1276.0;3178314.54
8805406998529;404;406;1225.0;3126776.67
8807825965057;404;404;450.0;365099.4
8800812433409;403;403;887.0;2782458.945
8810350739457;402;402;1197.0;2186396.55
8797298851841;401;401;1023.0;3602632.365
8805268094977;400;401;1242.0;2020117.185
8797317005313;399;402;424.0;637251.975
8803991453697;399;399;1357.0;8445865.14
8797222010881;397;397;1060.0;2173075.29
8797272309761;397;397;1147.0;2788235.235
8797302718465;397;398;1079.0;3013890.48
8797273096193;396;400;1086.0;2518047.63
8805630312449;396;396;1386.0;4140481.59
8803992666113;395;396;1256.0;5163677.685
8797145169921;394;396;1068.0;1711076.49
8806483787777;394;394;1280.0;1912592.16
8800522993665;393;393;1044.0;1415696.4
8800779173889;391;391;406.0;326351.25
8797266214913;390;391;1223.0;6076492.515
8797297115137;390;393;1037.0;2347340.175
8797249011713;389;389;409.0;997357.455
8798170480641;388;389;1085.0;2097376.515
8797218045953;387;387;1106.0;2496624.615
8797207986177;386;386;1133.0;3559134.24
8801565507585;386;390;1225.0;6111674.595
8797184229377;385;385;1140.0;3580220.745
8797278273537;385;388;1082.0;4287178.08
8806712147969;385;385;394.0;2367125.235
8797275914241;384;386;1218.0;2970319.995
8797217914881;383;387;1251.0;2513334.6
8797269458945;382;385;385.0;545777.55
8797308059649;382;387;487.0;1751051.295
8803303489537;382;385;957.0;3666879.855
8797257236481;381;386;386.0;734331.69
8797187506177;379;379;380.0;1254841.65
8797276078081;378;381;926.0;3184011.36
8797297803265;378;381;1324.0;6381874.71
8797332176897;378;380;917.0;2239412.76
8803237036033;377;379;1380.0;5233467.915
8797147398145;374;374;954.0;1504771.785
8801565835265;373;376;987.0;2506382.415
8797582032897;372;372;381.0;3503708.595
8800522895361;372;372;872.0;2160651.6
8797300785153;371;378;891.0;2458620.225
8797215784961;370;370;394.0;525709.575
8797247275009;370;370;879.0;1746941.085
8799992512513;370;374;1177.0;4492703.52
8797257498625;369;370;872.0;1658435.175
8798170841089;369;373;892.0;1562899.545
8800647872513;369;370;953.0;3241132.875
8797147922433;368;370;1117.0;4766265.945
8797274046465;368;368;755.0;1559847.465
8797273849857;365;365;1099.0;6807678.21
8800523550721;364;365;374.0;505967.85
8797301571585;363;364;1071.0;3968332.83
8797326180353;363;363;986.0;1601569.08
8799568625665;363;363;381.0;2225507.445
8797300359169;362;365;1049.0;2401630.065
8797322575873;362;362;854.0;2770281.135
8800159956993;361;361;390.0;387220.41
8806482870273;361;361;1021.0;1833870.24
8807824293889;361;361;484.0;233946.675
8798172086273;360;360;1176.0;4156104.465
8805827411969;360;361;373.0;265043.88
8797218897921;359;361;989.0;4534457.76
8797262381057;359;363;1063.0;1879930.89
8799568658433;359;359;378.0;2351213.37
8797986488321;358;358;395.0;240271.155
8799374082049;358;360;375.0;687707.145
8800521945089;358;359;883.0;2402605.215
8797311631361;357;357;1086.0;4101333.705
8797191897089;356;356;691.0;3140065.125
8797263626241;356;361;904.0;4501626.03
8799207030785;355;356;370.0;550993.635
8799992578049;354;357;367.0;482276.61
8801372012545;354;357;894.0;1515033.315
8801372372993;354;355;1029.0;1829394.135
8800060145665;353;353;377.0;313422.435
8803728883713;353;355;1029.0;3683235.69
8797223256065;352;353;911.0;2596170.555
8797579706369;352;352;362.0;2963096.91
8797983408129;352;352;842.0;1823711.085
8797185835009;351;354;1049.0;3800681.82
8797293314049;351;352;1154.0;4829975.325
8797294919681;351;355;1016.0;3168414.45
8798170710017;351;351;595.0;1079120.385
8797311926273;350;351;1260.0;9135567.45
8800779010049;350;350;357.0;277396.2
8797189668865;349;353;384.0;694424.205
8807824097281;349;349;363.0;292103.55
8801699692545;348;349;1121.0;2118954.87
8800489570305;347;347;349.0;776549.34
8803797336065;347;347;966.0;3366850.365
8797233610753;346;346;903.0;1388106.495
8807662714881;346;346;967.0;2885029.065
8797327065089;345;347;404.0;218068.245
8797234757633;344;346;1007.0;3104291.97
8797295837185;342;342;1200.0;7876431.99
8808283602945;341;341;981.0;1778117.535
8797266673665;340;340;950.0;4500859.59
8797306421249;340;340;733.0;3169491.48
8799533989889;340;342;1038.0;1219173.975
8801698578433;340;341;911.0;4900472.865
8803512254465;340;341;541.0;9973136.25
8797214539777;339;340;748.0;1713045.24
8797230661633;339;339;948.0;4458154.41
8797273227265;339;339;607.0;2181336.39
8797292855297;339;340;354.0;341016.48
8797579214849;339;339;348.0;3060213.255
8801697955841;339;341;799.0;3207017.025
8805827969025;339;339;363.0;355869.27
8797983473665;338;342;1012.0;1927415.43
8800522633217;338;339;923.0;3638988.225
8803303161857;338;339;959.0;2280832.155
8797194223617;337;341;841.0;3753996.93
8801371095041;337;337;865.0;1519108.11
8797273718785;336;336;953.0;9299173.86
8797300293633;336;336;885.0;2376161.235
8801634025473;336;339;1159.0;5801813.595
8797290037249;335;336;658.0;3335013.0
8797301702657;335;337;962.0;3388503.825
8797326934017;335;337;970.0;2981834.865
8804189470721;335;337;1147.0;5046152.985
8800523124737;334;334;991.0;2159019.36
8805408473089;334;334;936.0;2634485.94
8797182427137;333;333;751.0;3268191.51
8797275717633;333;338;845.0;4301375.895
8805530337281;333;333;985.0;1917962.325
8808283406337;333;333;970.0;3123451.44
8797263790081;332;332;346.0;714606.93
8797275226113;332;335;911.0;4684424.76
8797165060097;331;333;971.0;2134829.7
8798191124481;330;334;856.0;4562925.525
8800487669761;329;332;637.0;2419085.745
8798846353409;328;330;382.0;291734.82
8797288103937;327;328;1063.0;5725603.44
8797313040385;327;330;1051.0;10453439.835
8797191831553;325;326;517.0;971217.45
8797148053505;324;326;417.0;1193803.74
8797291642881;324;324;943.0;4899327.39
8797310910465;324;326;835.0;2630389.275
8797982687233;324;328;836.0;1788399.81
8799735676929;323;323;921.0;8751242.565
8805407358977;323;324;984.0;3197843.865
8803512811521;322;322;642.0;1417784.04
8806712377345;322;322;329.0;2796211.125
8797186031617;321;323;772.0;1939878.135
8801634156545;321;323;945.0;1778022.54
8801698480129;321;321;1013.0;4543638.66
8801699233793;321;321;467.0;9224705.925
8805407588353;321;324;1303.0;7769246.58
8797299507201;320;323;859.0;1970942.895
8797985996801;320;321;422.0;245213.955
8805407227905;319;319;832.0;2353173.21
8797988356097;318;319;810.0;1980674.1
8797293838337;317;318;1218.0;9219748.095
8803795730433;317;318;850.0;2146045.275
8805407293441;317;318;993.0;2727445.905
8797307568129;316;317;332.0;419439.15
8797308780545;316;317;774.0;1738282.635
8801373257729;316;316;1024.0;5088631.5
8806712999937;315;315;323.0;2622413.61
8800488128513;314;316;416.0;556500.915
8803829088257;314;314;360.0;254217.465
8804188913665;314;314;344.0;191131.065
8797306847233;313;314;532.0;2167490.565
8801895088129;313;317;1071.0;3224909.97
8798846255105;312;317;886.0;2796156.135
8805206949889;312;313;1011.0;1916450.865
8807662878721;312;312;931.0;3053475.99
8797253206017;311;313;974.0;5101504.515
8797266542593;311;311;869.0;1686222.765
8801565704193;311;312;898.0;1929693.15
8803992371201;311;311;440.0;184500.315
8797290070017;310;310;958.0;6219789.615
8798170873857;310;312;606.0;1211435.865
8804189601793;310;314;993.0;4053306.15
8797289807873;309;310;897.0;4856465.115
8797982392321;309;313;938.0;3010792.77
8797150248961;307;308;317.0;605937.825
8797230825473;307;307;761.0;2350444.05
8801991589889;307;307;692.0;1519827.435
8801237696513;306;306;720.0;3040478.865
8809724608513;306;306;690.0;6003140.94
8797277487105;305;307;886.0;3354290.415
8798845992961;305;306;397.0;162416.88
8799864651777;305;306;845.0;3132714.78
8797305864193;304;305;928.0;10153661.175
8805406474241;304;305;944.0;1883510.145
8797188882433;303;306;315.0;728424.72
8797257924609;303;304;858.0;2583567.495
8800523616257;303;304;376.0;218133.225
8803304603649;303;306;1077.0;3525513.48
8805826428929;302;302;310.0;379017.99
8797153689601;301;302;824.0;3165428.565
8797270802433;301;301;599.0;1562410.53
8798191419393;301;302;680.0;1690774.605
8797226631169;300;300;312.0;532212.39
8797288955905;300;302;711.0;2962329.75
8797582163969;300;301;320.0;2282326.335
8800489701377;300;301;301.0;783674.1
8802713108481;300;301;859.0;2215757.925
8803992010753;299;299;812.0;3274321.95
8797333749761;298;302;442.0;1498017.645
8805406801921;298;299;933.0;2904620.76
8797186621441;297;297;798.0;2153247.075
8797295116289;297;297;378.0;983721.24
8797984096257;297;298;738.0;1324929.465
8800160055297;297;300;332.0;2934890.235
8803305422849;297;297;896.0;3121904.52
8803827712001;297;297;325.0;288378.045
8804122001409;297;297;888.0;2862522.945
8805406605313;297;298;783.0;1780014.285
8806482477057;297;297;881.0;1509538.23
8797985701889;296;298;353.0;200414.205
8801698349057;296;297;801.0;3316157.415
8797244588033;295;295;298.0;1163574.495
8806483886081;295;295;884.0;1626044.13
8797252911105;294;295;891.0;1904356.935
8797155065857;293;294;521.0;5266813.455
8797156704257;293;293;572.0;5981299.425
8797273260033;293;296;834.0;2561608.395
8800489504769;293;299;396.0;786669.39
8807827996673;293;293;866.0;2165322.06
8797286334465;292;294;802.0;2713370.445
8799403606017;292;294;869.0;3697978.32
8806483918849;291;291;877.0;1657920.87
8797291905025;290;291;734.0;1613376.135
8803513892865;290;294;752.0;7338246.345
8803828957185;290;292;303.0;340775.1
8806482345985;290;290;898.0;1573345.71
8797288366081;289;289;721.0;3001658.22
8797314711553;289;289;863.0;5702000.49
8797334077441;289;289;900.0;6349878.225
8797305634817;288;290;806.0;3635908.065
8797987897345;288;288;742.0;2030642.28
8801371422721;288;288;876.0;1588888.035
8806712967169;288;288;300.0;2992476.645
8801173078017;287;288;354.0;209583.18
8804057841665;287;287;923.0;6182791.245
8805630279681;287;288;991.0;2755599.48
8805826330625;287;287;329.0;186307.695
8797285253121;286;292;685.0;3389129.01
8797311533057;286;286;641.0;5514662.385
8801565605889;286;286;394.0;572150.745
8805405917185;286;287;317.0;567959.625
8801373192193;285;286;892.0;4713685.02
8800255475713;284;286;629.0;2059843.905
8804122132481;284;288;863.0;3086299.665
8797186097153;283;283;784.0;4887074.745
8797287383041;283;286;643.0;3210306.255
8806482575361;283;283;951.0;1465189.155
8805406638081;282;283;893.0;2233687.05
8805402738689;281;281;722.0;1401221.655
8806227836929;281;281;1080.0;5638623.255
8803991846913;280;280;728.0;1354013.55
8797274832897;279;279;636.0;3886961.76
8801373290497;279;282;522.0;1782168.39
8797986193409;278;279;309.0;168135.21
8800522928129;278;279;826.0;3033207.585
8806483820545;278;278;830.0;1557770.4
8797174005761;277;277;617.0;1166441.49
8798171004929;277;280;701.0;1741611.15
8798171103233;277;278;700.0;1560762.54
8800616808449;277;278;775.0;5592104.01
8801370406913;277;277;602.0;804393.765
8804188717057;277;277;300.0;141677.19
8797145235457;276;278;715.0;1091927.79
8797189603329;276;277;291.0;412744.23
8797248716801;276;276;544.0;1140279.03
8797580558337;275;276;292.0;1942564.68
8802712780801;275;275;885.0;3265158.735
8803306504193;275;275;945.0;2956895.01
8807825506305;275;275;337.0;253378.845
8797254320129;274;275;725.0;2247019.155
8797273587713;274;274;304.0;362952.765
8807824031745;274;274;320.0;177021.765
8812280479745;274;274;965.0;3555637.875
8797285777409;273;273;624.0;3027640.995
8797302423553;273;276;934.0;3113229.735
8805333827585;273;273;278.0;634448.43
8797258219521;272;275;726.0;2039579.55
8797278437377;272;274;694.0;1196787.87
8797303832577;272;273;277.0;1096329.06
8801894924289;272;272;747.0;1453702.95
8808191393793;271;271;687.0;2818284.66
8797164503041;270;270;694.0;1126972.8
8797189046273;270;271;284.0;548086.05
8797293903873;269;269;574.0;2291022.99
8797300523009;269;271;774.0;1715414.985
8806480707585;268;268;747.0;1452335.31
8797237805057;267;267;737.0;3150297.495
8797983342593;267;267;779.0;1686275.82
8797233774593;266;267;646.0;2827220.58
8797274243073;266;268;632.0;1634182.335
8800648462337;265;267;799.0;1977650.505
8805407391745;265;266;870.0;2576065.455
8797982490625;264;265;698.0;1848948.3
8797282566145;263;264;769.0;3266078.94
8797332766721;263;263;770.0;3348215.37
8797215260673;262;263;304.0;315340.38
8797258088449;262;265;631.0;2178397.53
8797282435073;262;267;727.0;1738452.15
8797309730817;262;263;521.0;1253862.225
8800647806977;262;266;650.0;2244159.81
8797283287041;261;261;261.0;419838.075
8801173241857;261;265;696.0;1951065.765
8797286137857;260;260;857.0;6006410.595
8797332144129;260;262;885.0;4458184.515
8797582327809;259;259;264.0;1696669.92
8801373683713;259;259;700.0;1413785.07
8797290135553;258;259;778.0;3398411.295
8797580427265;258;258;271.0;2571195.915
8803828760577;258;259;266.0;394275.285
8803992469505;258;258;396.0;223807.5
8805629657089;258;258;516.0;742712.625
8797238329345;256;256;601.0;3942943.29
8799403704321;256;256;764.0;2469051.63
8799503384577;256;257;811.0;3974701.95
8797274472449;255;255;718.0;2020717.395
8797265002497;254;254;673.0;3420230.94
8798846320641;254;258;322.0;153030.78
8800488488961;254;255;374.0;573430.77
8797208936449;253;253;850.0;4006467.405
8800255967233;253;254;791.0;5196848.625
8807824162817;252;252;283.0;179818.83
8800616185857;251;252;696.0;2251807.02
8800975749121;251;253;611.0;1337550.93
8805827117057;251;251;290.0;176061.51
8799403409409;250;253;848.0;3200731.515
8805827510273;250;250;271.0;155151.225
8797258317825;249;250;644.0;1373891.085
8797986324481;249;249;273.0;184058.1
8797987143681;249;249;297.0;309037.32
8802712584193;249;249;676.0;2184669.27
8807825833985;249;249;294.0;154649.61
8797262741505;248;249;596.0;1289600.1
8797272539137;248;248;823.0;3032430.93
8797576298497;248;248;256.0;2990072.52
8797986586625;248;248;280.0;225995.67
8797221879809;247;247;653.0;1402111.89
8797985964033;247;247;271.0;180453.015
8800257540097;247;248;553.0;5067051.795
8804192911361;247;247;552.0;894695.49
8807824424961;247;247;261.0;284071.5
8798191091713;246;247;693.0;4051228.68
8801237860353;246;246;261.0;834203.745
8801698381825;246;246;772.0;2997773.64
8810874372097;246;246;812.0;2895508.44
8800779141121;245;247;249.0;195066.9
8806612303873;245;245;868.0;1348347.285
8797312942081;244;244;751.0;2393763.435
8797322706945;244;246;543.0;2088242.055
8800487571457;244;245;814.0;4525817.31
8805631098881;244;244;750.0;2818531.845
8808283471873;244;244;762.0;2759039.46
8797281615873;243;243;716.0;2831610.375
8797147168769;241;241;241.0;596161.98
8797245636609;241;242;618.0;2302208.73
8801828372481;241;241;649.0;2923576.425
8802024161281;241;241;372.0;1245923.1
8797579608065;240;241;252.0;3634648.83
8797985898497;240;240;257.0;161502.165
8801500135425;240;240;240.0;1381831.29
8797316349953;239;240;251.0;328036.635
8803827843073;239;239;274.0;203484.78
8805631393793;239;239;771.0;2241097.56
8797253009409;238;238;667.0;2186892.765
8797257170945;238;240;240.0;361389.6
8797193764865;237;238;448.0;1219479.255
8804122263553;237;238;799.0;1789855.74
8797300490241;236;236;666.0;2884796.505
8797988290561;236;236;654.0;1319130.18
8799698976769;236;236;606.0;1621991.835
8797319168001;235;236;240.0;533123.64
8803794026497;235;235;611.0;1109584.71
8797158572033;234;235;420.0;5086668.24
8798172250113;234;234;616.0;1889069.625
8801696677889;234;234;740.0;960900.21
8797148151809;233;235;340.0;1151148.825
8797158506497;233;234;470.0;3766197.87
8802713010177;233;234;753.0;1558438.425
8803306340353;233;233;634.0;1796566.41
8805408014337;233;233;268.0;353101.59
8797228040193;232;235;668.0;6619907.745
8797312647169;232;232;553.0;1727530.11
8800647938049;232;232;521.0;2103112.755
8803990994945;232;232;706.0;1800917.82
8797289742337;231;232;700.0;2146031.955
8801698054145;231;231;528.0;887200.92
8806483853313;231;231;689.0;1199411.685
8806714441729;231;231;775.0;2622828.69
8797254942721;230;230;582.0;2408481.225
8801895645185;230;230;507.0;4538611.71
8806713065473;230;230;236.0;1764657.495
8797148676097;229;229;626.0;3542711.355
8799752192001;229;231;771.0;7495304.22
8800522403841;229;229;685.0;1012915.26
8803829219329;229;229;243.0;188756.055
8807463583745;229;229;727.0;3322794.69
8807924072449;229;229;235.0;418487.85
8797153492993;228;228;484.0;1733634.135
8797246160897;228;230;631.0;3024529.785
8797305470977;228;231;567.0;1977407.01
8799076155393;228;228;436.0;2239242.93
8805533057025;228;228;600.0;807101.955
8797190127617;227;227;553.0;1956825.9
8797223649281;227;228;588.0;2245706.1
8801635139585;227;232;720.0;2355379.695
8805631492097;227;227;556.0;1271278.935
8797247406081;225;226;641.0;1236792.78
8797250027521;225;232;244.0;628518.825
8797293805569;225;227;771.0;6444546.93
8797986947073;225;225;246.0;239316.975
8805530927105;225;225;593.0;977010.75
8797577904129;224;224;232.0;2289601.89
8804121640961;223;224;523.0;2070200.7
8804188749825;223;223;244.0;161214.795
8797303373825;222;223;661.0;2067737.175
8800257703937;222;222;722.0;2411667.675
8811690655745;222;222;706.0;1718961.48
8797259464705;221;223;449.0;1206103.59
8797265166337;221;221;489.0;1677950.325
8797323591681;221;224;798.0;3744424.665
8806483066881;221;221;590.0;1182779.28
8807662780417;221;221;764.0;2270657.295
8797282402305;220;220;466.0;948262.455
8801699102721;220;220;346.0;7769062.44
8805827641345;220;220;250.0;114918.885
8797244817409;219;219;226.0;276624.72
8797276209153;219;219;607.0;1739404.08
8797294329857;219;221;632.0;1597364.415
8801698414593;219;220;652.0;3193453.17
8797245079553;218;220;255.0;917513.82
8800522043393;218;219;356.0;546739.83
8797323689985;217;219;572.0;3895436.43
8803729047553;217;218;271.0;125141.715
8797287284737;215;215;603.0;3422087.46
8797310812161;215;216;628.0;2525136.39
8799402917889;215;215;693.0;1649120.31
8806547259393;215;215;521.0;1119910.905
8797244751873;214;214;232.0;261777.555
8797258743809;214;214;631.0;3479701.77
8797332209665;214;217;709.0;3341284.38
8798171070465;214;215;692.0;1087000.38
8797236723713;213;214;357.0;2235788.775
8797264871425;213;214;511.0;2995273.125
8797293117441;213;214;712.0;2959140.78
8797576134657;213;213;227.0;3332708.325
8799075860481;213;213;423.0;1756969.11
8800975716353;213;214;591.0;3170406.24
8806484148225;213;213;691.0;1897213.635
8797188456449;212;212;213.0;904478.355
8797315497985;212;212;212.0;428779.485
8797580525569;212;212;223.0;2022354.81
8799080349697;212;212;220.0;1261727.28
8797236953089;211;213;460.0;3142687.005
8797582557185;211;212;220.0;2416509.63
8806712868865;211;211;218.0;2003493.15
8807957397505;211;211;648.0;1355355.855
8797291020289;210;212;493.0;1831690.44
8806482673665;210;210;622.0;1534618.08
8797294362625;209;210;647.0;2624285.745
8797580656641;209;209;224.0;1838470.77
8805407817729;209;209;237.0;453445.74
8797214212097;208;209;591.0;2667659.4
8797263593473;208;208;225.0;893905.875
8800487309313;208;208;535.0;1956899.295
8803828236289;208;208;224.0;167628.24
8797258678273;207;209;209.0;363648.06
8797579476993;207;207;223.0;2944673.865
8797187637249;206;206;209.0;783977.625
8797301407745;206;207;732.0;3211682.76
8807824850945;206;206;252.0;129415.59
8808152563713;206;206;231.0;150265.8
8797305733121;205;205;205.0;283862.52
8797308289025;205;206;644.0;2542288.59
8806484017153;205;205;564.0;1612631.205
8797237182465;204;204;647.0;5905049.85
8797274275841;204;206;647.0;1648434.105
8797305929729;204;206;563.0;1671159.375
8797285482497;203;203;375.0;3863618.64
8797319331841;203;203;209.0;394284.195
8797582491649;203;203;210.0;1282734.405
8807825768449;203;203;273.0;141232.725
8797198352385;202;204;614.0;6060517.38
8797296459777;202;203;513.0;2906681.04
8797320413185;202;202;551.0;1203322.545
8797983637505;202;202;637.0;2025868.23
8799763628033;202;207;467.0;1513570.995
8804189143041;202;202;232.0;176987.88
8797246390273;201;201;385.0;1283270.76
8797982261249;201;201;681.0;3082498.74
8803009626113;201;202;598.0;3219777.315
8803304669185;201;202;700.0;2750732.82
8797208477697;200;200;605.0;3118499.955
8797275062273;199;199;199.0;1914078.465
8800159727617;199;199;203.0;363450.51
8803305324545;199;200;523.0;5106806.64
8797183180801;198;198;198.0;224686.17
8797254909953;198;198;434.0;1010648.655
8797985767425;198;198;213.0;123648.75
8805629853697;198;198;458.0;1021761.585
8806483558401;198;199;656.0;1635335.1
8809235677185;198;198;222.0;168283.845
8797153329153;197;199;427.0;1758083.76
8797294985217;197;197;544.0;1735634.52
8799375360001;197;197;502.0;3586998.465
8801372307457;197;197;480.0;823434.39
8803513532417;197;197;243.0;146897.01
8803630350337;197;198;199.0;179010.45
8804219650049;197;199;585.0;2918008.755
8806225707009;197;197;314.0;2671689.195
8806480838657;197;197;592.0;1377276.795
8797292494849;196;197;290.0;761022.9
8804188946433;196;196;225.0;121132.125
8805631524865;196;196;545.0;1871027.595
8805826920449;196;196;215.0;170987.4
8797197860865;195;196;632.0;6664428.45
8797230301185;195;196;576.0;2812492.665
8797280239617;195;195;482.0;1602923.04
8797298688001;195;197;546.0;1134997.065
8797982588929;195;195;486.0;1294613.145
8803306307585;195;195;522.0;1233983.97
8803511631873;195;195;349.0;959910.3
8806218563585;195;195;559.0;1505221.38
8805631361025;194;194;522.0;1131724.125
8806253002753;194;194;204.0;144889.11
8797189079041;193;193;204.0;214717.005
8797580034049;193;193;204.0;2751244.02
8800975650817;193;195;445.0;1130317.335
8804058398721;193;195;528.0;1773511.605
8805406572545;193;193;533.0;1188451.8
8797315989505;192;192;204.0;230691.51
8797328867329;192;192;513.0;1015713.765
8799863472129;192;192;736.0;8389170.63
8800487538689;192;192;382.0;1626257.79
8801828732929;192;192;557.0;1113037.2
8803828301825;192;192;200.0;173055.33
8803925295105;192;192;459.0;2558504.655
8805826527233;192;192;202.0;190982.97
8797214638081;191;191;193.0;639698.76
8797323526145;191;194;609.0;2708859.105
8797331914753;191;192;580.0;2277765.27
8809038086145;191;191;502.0;1208008.35
8797183803393;190;190;515.0;2138121.9
8797271359489;190;191;530.0;2559184.56
8797282140161;190;191;578.0;1191043.485
8798172348417;190;190;517.0;2168285.355
8802843492353;190;191;457.0;4801400.37
8803306373121;190;191;505.0;1985910.03
8803797139457;190;192;725.0;3223843.515
8807957233665;190;190;429.0;1702029.6
8801665515521;189;190;665.0;2030484.87
8805407850497;189;189;227.0;456633.9
8808284520449;189;189;751.0;3357560.835
8797322608641;188;188;494.0;1529090.37
8803514056705;188;188;411.0;3968912.925
8806713032705;188;188;193.0;1637710.335
8797288857601;187;187;390.0;1990848.555
8797299015681;187;187;589.0;2891944.8
8797321822209;187;187;188.0;541392.435
8797983834113;187;187;620.0;3761163.99
8797987274753;187;189;564.0;4691147.04
8797295411201;186;188;405.0;1143778.23
8797576626177;186;186;193.0;1758547.935
8799403114497;186;186;489.0;1775528.055
8800159531009;186;186;188.0;784239.57
8797174464513;185;185;513.0;870493.545
8797290168321;185;188;471.0;1796733.63
8799079628801;185;185;197.0;229025.25
8800160677889;185;185;586.0;1741278.285
8805631131649;185;185;541.0;2377090.035
8797293445121;184;184;682.0;4359868.11
8797582983169;184;184;201.0;2204497.935
8797982752769;184;185;536.0;1042459.65
8800487964673;184;186;202.0;251068.185
8806480904193;184;184;542.0;1189613.43
8797184917505;183;186;314.0;915904.08
8797317922817;183;183;184.0;450980.37
8807496318977;183;183;576.0;2617727.76
8808349859841;183;183;493.0;1298708.1
8809003646977;183;183;509.0;1008226.98
8797183016961;182;182;512.0;2597359.77
8797262413825;182;182;388.0;867254.085
8797264183297;182;182;437.0;2152666.26
8797332340737;182;187;187.0;398218.995
8798171201537;182;186;499.0;796961.16
8803009822721;182;182;492.0;3123747.045
8803827908609;182;182;192.0;171707.175
8806712737793;182;182;184.0;1052360.46
8807662944257;182;182;633.0;996760.62
8797253599233;181;182;566.0;2840127.12
8797293379585;181;181;431.0;2192922.63
8797182984193;180;180;470.0;1256262.84
8803513958401;180;182;489.0;4631600.025
8797226172417;179;179;180.0;316129.095
8797291806721;179;179;513.0;2013004.125
8797301014529;178;179;514.0;1590203.475
8803306471425;178;179;694.0;3420559.035
8805629755393;178;178;447.0;795094.56
8806482903041;178;178;623.0;1233666.09
8806712606721;178;178;183.0;1147795.875
8806712836097;178;178;180.0;1461946.275
8807669366785;178;179;567.0;1962766.485
8807825309697;178;178;202.0;207882.045
8797194911745;177;177;578.0;3329678.61
8797271097345;177;178;487.0;1908738.495
8797296230401;176;176;282.0;1138098.33
8799735578625;176;177;451.0;1247391.81
8801372733441;176;178;444.0;1655884.665
8801698643969;176;176;467.0;4236903.63
8797258022913;175;175;473.0;1199149.74
8801634942977;175;175;470.0;1338722.595
8803304636417;175;175;585.0;2134151.28
8806546735105;175;175;411.0;769530.375
8797146054657;174;175;511.0;2300278.95
8798976802817;174;176;397.0;1373383.44
8800616972289;174;174;504.0;1084543.56
8801370963969;174;175;509.0;5763996.72
8806484082689;174;174;559.0;1393752.87
8797156376577;173;178;402.0;3884392.35
8797227155457;173;174;445.0;1976202.495
8797263003649;173;173;404.0;1318124.97
8797270671361;173;173;173.0;442843.425
8797311664129;173;173;460.0;2938924.125
8797320478721;173;173;518.0;1991081.475
8799864258561;173;174;465.0;2460094.47
8797225123841;172;174;469.0;1568627.37
8797254418433;172;176;405.0;834992.865
8797275783169;172;173;420.0;997855.245
8797276176385;172;172;345.0;1060495.2
8797310746625;172;172;476.0;2051111.34
8804122099713;172;172;500.0;2072027.205
8806713294849;172;172;178.0;1270554.84
8797191995393;171;172;233.0;506943.63
8797292101633;171;171;489.0;2010577.14
8803236708353;171;175;180.0;366567.93
8804059971585;171;171;662.0;5660556.075
8797264969729;170;170;295.0;2116417.05
8797201104897;169;169;169.0;331977.33
8803992305665;169;169;180.0;351383.04
8806714277889;169;169;488.0;1103849.1
8797155622913;168;172;180.0;1498861.125
8797315760129;168;168;169.0;175341.105
8797988192257;168;172;497.0;1200685.455
8797188063233;167;168;174.0;787573.62
8797259792385;167;168;454.0;1814574.555
8797307338753;167;167;327.0;1111764.465
8797323952129;167;168;411.0;1898820.045
8801895120897;167;167;617.0;1987390.755
8804122198017;167;167;602.0;2820733.56
8805407719425;167;167;180.0;486356.355
8805530435585;167;167;347.0;666856.08
8806484115457;167;167;521.0;1615985.865
8797174169601;166;169;363.0;823313.295
8797285580801;166;166;518.0;1131591.69
8807007158273;166;166;172.0;601608.78
8798182277121;165;168;425.0;47826.54
8799402622977;165;165;519.0;5799833.55
8803304767489;165;165;594.0;2274146.235
8805406965761;165;167;640.0;4143686.58
8811035754497;165;165;525.0;1750632.975
8797231742977;164;166;175.0;138232.485
8797581508609;164;164;169.0;1312020.855
8797986226177;164;164;196.0;117582.345
8803829153793;164;164;176.0;166165.875
8797156671489;163;165;331.0;3558927.24
8797316284417;163;165;169.0;168105.42
8797991763969;163;164;445.0;1394169.48
8801373061121;163;164;467.0;1875226.05
8803829055489;163;163;177.0;146770.875
8805402771457;163;163;309.0;862658.64
8807825899521;163;163;215.0;136676.745
8797180395521;162;168;168.0;739950.12
8797261332481;162;162;164.0;168584.265
8800488849409;162;163;299.0;786485.7
8801698447361;162;162;470.0;4297819.95
8801698611201;162;162;509.0;2414116.395
8802024226817;162;164;296.0;2429166.195
8806713786369;162;162;168.0;964858.815
8797282861057;161;162;214.0;596590.875
8797295804417;161;164;385.0;1377449.415
8806612729857;161;161;346.0;760972.995
8797193338881;160;160;328.0;1640884.815
8797982556161;160;160;525.0;3732806.43
8800523485185;160;161;179.0;81674.055
8803513565185;160;161;244.0;111667.59
8803991977985;160;161;624.0;3088793.475
8797184294913;159;159;217.0;1257364.26
8797187735553;159;159;160.0;723118.95
8797255041025;159;159;375.0;761652.72
8798714757121;159;160;430.0;1621110.87
8801372930049;159;159;409.0;3936483.495
8797217062913;158;158;410.0;1502230.455
8797229481985;158;158;159.0;721498.68
8797297704961;158;158;411.0;2191748.4
8800061128705;158;158;158.0;850772.43
8806480642049;158;158;460.0;912402.225
8797274210305;157;157;431.0;1519875.315
8797579542529;157;157;160.0;1716813.45
8800487833601;157;157;158.0;181120.185
8803498622977;157;160;388.0;1422096.3
8805530861569;157;157;482.0;849672.765
8805629919233;157;157;453.0;961731.99
8797182689281;156;156;356.0;1405852.515
8797297999873;156;156;377.0;737833.725
8797983113217;156;156;525.0;5295241.71
8799567183873;156;156;160.0;324117.315
8799764021249;156;158;469.0;1006437.105
8801237893121;156;156;180.0;797077.485
8802712518657;156;156;419.0;857411.775
8806227542017;156;156;401.0;1197915.345
8806482771969;156;156;445.0;654745.86
8797174038529;155;155;368.0;784489.455
8797220306945;155;155;155.0;192520.845
8797263724545;155;155;445.0;1779074.46
8797577412609;155;155;158.0;1143092.025
8803796156417;155;155;438.0;1074117.06
8797271130113;154;155;157.0;513152.91
8797299769345;154;155;451.0;827674.245
8797580263425;154;155;162.0;1257071.895
8798172119041;154;154;555.0;3738418.065
8807825244161;154;154;171.0;117311.58
8797280993281;153;154;229.0;2112740.415
8797991829505;153;156;420.0;1299932.46
8799735447553;153;155;409.0;4390400.88
8803728949249;152;152;175.0;132136.065
8806480773121;152;152;437.0;981991.98
8806612828161;152;152;467.0;611413.47
8797199499265;151;151;472.0;3057073.74
8797983899649;151;151;254.0;647106.525
8799863668737;151;151;579.0;6419487.375
8806713262081;151;151;160.0;1510166.07
8797253074945;150;153;339.0;631893.51
8800159629313;150;150;152.0;695749.995
8801895415809;150;150;162.0;157323.285
8803992076289;150;150;387.0;1489808.25
8805406179329;150;150;525.0;2341903.095
8806483034113;150;150;444.0;1209450.06
8797262643201;149;149;403.0;1124850.42
8797285679105;149;149;427.0;1806410.16
8797288071169;149;149;363.0;1917404.505
8797315694593;149;150;152.0;692196.525
8799961055233;149;149;429.0;2990464.38
8801371258881;149;149;322.0;623203.605
8797280927745;148;148;148.0;1864355.445
8798171496449;148;150;229.0;2589840.9
8803304701953;148;150;438.0;1741527.045
8803797499905;148;148;154.0;180584.505
8797203628033;147;147;343.0;1884277.26
8797229350913;147;147;149.0;736062.885
8800746373121;147;147;501.0;1105119.99
8803305095169;147;149;490.0;1010401.335
8803991683073;147;147;153.0;172574.1
8803992535041;147;147;458.0;4659870.69
8805630902273;147;147;443.0;856394.19
8797236428801;146;149;512.0;3088385.685
8797279420417;146;148;361.0;1335581.19
8797304455169;146;146;255.0;280280.88
8797579804673;146;146;152.0;1281481.155
8797988028417;146;146;316.0;631338.84
8797988454401;146;146;382.0;910855.44
8799371919361;146;146;393.0;4193191.98
8803304341505;146;146;258.0;385701.57
8805407981569;146;146;181.0;382984.83
8797156573185;145;146;249.0;1103772.825
8797249175553;145;145;415.0;2062023.93
8797259890689;145;145;326.0;885900.285
8797262839809;145;145;348.0;1001632.59
8797304029185;145;145;154.0;814575.15
8800746209281;145;145;350.0;999867.825
8801372897281;145;147;492.0;4971003.03
8804057907201;145;145;456.0;2021457.735
8807824228353;145;145;195.0;99082.755
8807827406849;145;145;431.0;1469361.06
8797274636289;144;146;160.0;719920.8
8806484246529;144;144;460.0;1307256.885
8797145300993;143;143;318.0;797742.045
8797275586561;143;144;152.0;282348.045
8797281026049;143;144;446.0;1881638.235
8801373159425;143;145;463.0;1603665.045
8801499807745;143;143;231.0;2877016.185
8801991491585;143;143;401.0;1209737.745
8803011395585;143;143;405.0;2788304.22
8797236297729;142;142;261.0;2892059.91
8797316153345;142;142;148.0;121027.68
8797319102465;142;142;151.0;153557.28
8797984063489;142;142;376.0;704600.28
8797987799041;142;142;364.0;770203.485
8803498688513;142;143;417.0;1625438.385
8803896721409;142;142;460.0;2817486.945
8797582917633;141;141;144.0;1560418.83
8800523517953;141;141;160.0;86689.305
8803513368577;141;141;232.0;4758635.925
8805208719361;141;141;395.0;941995.98
8805402804225;141;141;368.0;1280447.775
8797285056513;140;140;437.0;1224704.565
8797306028033;140;140;286.0;649882.26
8797147693057;139;139;341.0;854523.135
8797153722369;139;140;333.0;1972511.595
8797292003329;139;139;384.0;1736161.83
8797303046145;139;140;507.0;4127999.175
8797326540801;139;140;400.0;1396660.815
8803728785409;139;139;140.0;115319.25
8797188194305;138;138;138.0;439841.925
8797223288833;138;140;357.0;2595830.49
8797259235329;138;138;272.0;1135301.445
8799403507713;138;138;433.0;1708476.075
8804057645057;138;138;416.0;1399256.82
8805631459329;138;138;446.0;1367177.67
8806712639489;138;138;147.0;880889.985
8797307928577;137;137;358.0;1114647.345
8797575741441;137;137;147.0;1476841.5
8803304472577;137;137;364.0;989348.22
8804122492929;137;137;431.0;815786.91
8806714474497;137;137;391.0;1067576.04
8807827275777;137;137;365.0;788582.925
8797252222977;136;136;464.0;2673753.75
8797295673345;135;135;399.0;3203000.055
8805408047105;135;135;151.0;188896.59
8806714507265;135;135;430.0;1186448.67
8797982785537;134;136;359.0;1349383.635
8798171725825;134;134;415.0;4499940.195
8799763660801;134;134;497.0;4000338.945
8803306045441;134;134;320.0;1335047.04
8803306536961;134;134;468.0;3759071.895
8804122230785;134;134;436.0;2469148.65
8797247307777;133;133;136.0;483534.99
8797298425857;133;133;339.0;4604312.43
8797315203073;133;133;138.0;297211.905
8797334011905;133;133;476.0;5726291.355
8800523386881;133;133;373.0;706253.04
8803896983553;133;133;431.0;1910579.355
8805206327297;133;133;336.0;570931.74
8797247111169;132;132;135.0;497148.345
8799372804097;132;132;388.0;1573092.0
8800487374849;132;136;364.0;3307624.155
8801371586561;132;132;435.0;1822824.9
8801634287617;132;132;314.0;1165738.095
8805629820929;132;132;385.0;808406.595
8806482444289;132;132;391.0;896134.545
8806714343425;132;132;397.0;875083.77
8808352940033;132;132;331.0;2601491.4
8797247078401;131;131;336.0;1737547.92
8797288529921;131;131;334.0;1281411.81
8803304996865;131;131;437.0;2518850.61
8804122525697;131;132;498.0;3698582.85
8806711263233;131;131;133.0;1292864.265
8797278208001;130;130;232.0;746370.27
8797299081217;130;130;383.0;5372089.56
8797300031489;130;130;400.0;2150393.04
8797306257409;130;130;198.0;389123.1
8799961251841;130;130;419.0;2902078.845
8801237925889;130;130;139.0;978179.58
8801372438529;130;131;333.0;1177806.15
8804192649217;130;131;383.0;2603881.8
8806612271105;130;130;250.0;686962.575
8806713393153;130;130;132.0;2017449.45
8797180526593;129;129;347.0;2965098.375
8797209034753;129;129;354.0;2027310.3
8797262020609;129;129;290.0;504200.115
8797294755841;129;130;334.0;1163871.315
8801699069953;129;129;204.0;3234435.885
8803304865793;129;129;342.0;1630106.91
8810874437633;129;129;429.0;1531002.33
8797231906817;128;128;139.0;173315.745
8797262807041;128;128;311.0;551980.845
8803992403969;128;128;229.0;103131.675
8797229940737;127;127;397.0;2323081.845
8797252747265;127;127;245.0;987855.39
8797258252289;127;129;331.0;757058.535
8797280043009;127;127;190.0;1986103.035
8797316120577;127;127;134.0;172362.465
8797322838017;127;127;362.0;1153745.55
8798191058945;127;127;343.0;1071322.02
8806711328769;127;127;133.0;1474960.275
8807662813185;127;127;374.0;1215321.255
8797183344641;126;126;334.0;2467918.44
8797201432577;126;126;126.0;257440.41
8797249732609;126;126;387.0;1601726.535
8797278076929;126;126;394.0;2193424.335
8797320314881;126;126;164.0;634756.095
8797334044673;126;127;128.0;664238.43
8801372831745;126;126;336.0;1035690.03
8803991486465;126;126;130.0;196182.99
8807826161665;126;126;135.0;108506.43
8797201235969;125;127;129.0;257632.065
8797272342529;125;125;347.0;1408485.555
8797291118593;125;125;291.0;863524.62
8803305029633;125;125;327.0;3322545.345
8803306602497;125;125;423.0;2164319.955
8807662845953;125;125;338.0;1160281.71
8807825702913;125;125;164.0;103895.01
8797183737857;124;124;258.0;998643.15
8797308485633;124;125;313.0;975319.335
8797576691713;124;124;132.0;2088683.415
8799079694337;124;125;126.0;232236.585
8800489635841;124;126;352.0;970187.085
8803304833025;124;124;429.0;2497845.285
8803828170753;124;124;135.0;92897.46
8805596135425;124;124;330.0;2128041.045
8797245997057;123;123;358.0;2212513.515
8797295738881;123;124;423.0;2570751.855
8797302849537;123;124;333.0;1369813.32
8797310648321;123;123;352.0;992627.55
8797988093953;123;123;310.0;627160.5
8799698583553;123;123;289.0;1426900.365
8801372340225;123;124;275.0;826855.245
8801373126657;123;123;338.0;1301125.05
8802713960449;123;123;453.0;5214010.725
8803040362497;123;123;314.0;1337457.78
8806546178049;123;123;369.0;767103.615
8807987838977;123;123;322.0;1391469.12
8809167683585;123;123;143.0;150690.42
8800489177089;122;122;177.0;2313407.475
8807496482817;122;122;342.0;1629988.695
8807824916481;122;122;163.0;61938.09
8809135472641;122;122;394.0;2158092.72
8797191536641;121;121;145.0;388786.86
8797280305153;121;121;383.0;3719047.905
8799697534977;121;121;124.0;429163.245
8799763955713;121;121;193.0;1674712.215
8800161005569;121;121;130.0;112946.895
8803008577537;121;121;316.0;897876.81
8805629722625;121;121;336.0;505920.51
8809136029697;121;121;406.0;2437574.4
8797237248001;120;121;334.0;2631213.135
8797258514433;120;120;249.0;1107621.9
8797294034945;120;120;292.0;1389550.41
8800386154497;120;120;122.0;683512.335
8803795763201;120;120;348.0;861360.075
8803992338433;120;120;172.0;61402.275
8803511435265;119;119;287.0;2841066.81
8803924606977;119;119;328.0;1716726.96
8805631000577;119;119;178.0;109077.165
8806711361537;119;119;124.0;1397365.875
8797257728001;118;118;327.0;1298442.555
8797258907649;118;118;253.0;664685.37
8797258940417;118;118;274.0;618316.02
8797264773121;118;119;120.0;457477.245
8797293281281;118;119;378.0;2012058.63
8797303930881;118;118;118.0;617032.71
8803797073921;118;118;314.0;1000071.18
8803896655873;118;118;390.0;2498329.89
8797254811649;117;117;303.0;809827.02
8797308583937;117;117;325.0;791340.075
8797326409729;117;117;266.0;726493.455
8798172708865;117;117;294.0;694940.22
8798846189569;117;117;372.0;2362779.495
8799436668929;117;117;253.0;2022258.375
8801698545665;117;118;375.0;2102681.16
8804057776129;117;117;336.0;1448124.39
8805406932993;117;118;459.0;4869695.52
8797198254081;116;116;287.0;2802954.555
8797253664769;116;116;329.0;971873.37
8797263527937;116;116;116.0;135903.735
8797267329025;116;116;120.0;405533.61
8797307535361;116;117;324.0;1199569.41
8800522436609;116;116;217.0;341496.36
8801698316289;116;117;282.0;1544578.785
8804192583681;116;116;280.0;1321658.235
8806612762625;116;116;311.0;765440.865
8809828581377;116;116;324.0;1758189.42
8797195993089;115;115;418.0;3479094.0
8797253926913;115;116;244.0;2640074.265
8797324115969;115;115;296.0;2642884.965
8799207129089;115;116;118.0;143835.165
8797273161729;114;115;319.0;844955.28
8797313794049;114;114;230.0;229495.5
8801172127745;114;114;115.0;190327.455
8801372766209;114;114;292.0;765030.825
8803829547009;114;114;119.0;153086.76
8797278568449;113;113;248.0;631875.735
8797313007617;113;114;236.0;695271.51
8797983965185;113;113;220.0;531127.125
8799763890177;113;113;387.0;3293129.25
8801372504065;113;113;315.0;445119.3
8801533755393;113;113;182.0;806064.075
8803512549377;113;113;126.0;1793615.4
8805530599425;113;113;338.0;595998.765
8809233088513;113;113;348.0;1036483.92
8809828417537;113;113;260.0;592434.0
8797188292609;112;112;114.0;579407.31
8797250519041;112;112;387.0;2765618.91
8797272571905;112;112;294.0;1240065.675
8803728818177;112;112;112.0;125500.5
8803990667265;112;112;368.0;1579060.8
8805209702401;112;112;387.0;2370371.04
8806712475649;112;112;114.0;898549.425
8797229744129;111;112;114.0;360492.12
8797300686849;111;113;337.0;1420171.56
8797317758977;111;112;113.0;326021.31
8797983735809;111;114;342.0;1676104.83
8797985013761;111;111;267.0;589753.8
8802712485889;111;111;229.0;470300.265
8805828788225;111;111;118.0;106099.515
8797258350593;110;110;290.0;658054.08
8797292789761;110;110;322.0;2028517.56
8797303406593;110;110;384.0;3355099.335
8797316972545;110;110;117.0;152907.21
8797986684929;110;110;122.0;100082.16
8804058562561;110;110;253.0;977006.295
8806711590913;110;110;117.0;1666264.41
8798172479489;109;110;312.0;1815601.86
8798191616001;109;109;281.0;1302274.215
8799568723969;109;109;114.0;779052.645
8802713567233;109;109;387.0;3492033.57
8806482640897;109;109;210.0;478839.51
8806612172801;109;109;326.0;705892.95
8806712901633;109;109;112.0;977198.805
8797215227905;108;110;110.0;309046.365
8797238362113;108;108;274.0;1026897.975
8797244456961;108;108;109.0;574298.19
8797249634305;108;108;242.0;1334477.88
8797263134721;108;108;188.0;439902.63
8797282205697;108;108;366.0;1163484.0
8797316087809;108;108;114.0;284647.23
8799376146433;108;108;340.0;3196618.47
8800523321345;108;108;258.0;908312.625
8805406867457;108;108;320.0;1222995.15
8797295706113;107;108;224.0;470322.45
8797577641985;107;107;114.0;930399.525
8806484344833;107;107;286.0;974629.53
8806713491457;107;107;109.0;1052371.035
8807827800065;107;107;271.0;1510959.015
8797215064065;106;106;106.0;193689.0
8797281157121;106;106;106.0;1028780.37
8797281386497;106;106;182.0;1318345.065
8797297934337;106;106;299.0;552223.935
8797582131201;106;106;111.0;2276330.94
8801828405249;106;107;246.0;591541.155
8803009757185;106;106;344.0;2435275.755
8804057972737;106;106;347.0;889506.945
8806483263489;106;106;321.0;818130.015
8806712344577;106;106;106.0;817785.315
8797153558529;105;105;205.0;736539.885
8797247766529;105;105;105.0;311156.1
8797302456321;105;106;144.0;446489.73
8797324902401;105;107;348.0;1724460.165
8797578625025;105;105;108.0;1577879.235
8798171398145;105;106;288.0;2014175.43
8799503122433;105;105;291.0;1549190.115
8799863963649;105;105;339.0;2598445.44
8800061325313;105;105;110.0;464286.51
8801373454337;105;105;344.0;2002254.3
8805630935041;105;105;169.0;79373.565
8806227378177;105;105;297.0;719612.055
8806482509825;105;105;318.0;450749.16
8806711689217;105;105;110.0;1564304.13
8797187997697;104;104;106.0;430314.525
8797215162369;104;104;117.0;188753.58
8798170382337;104;106;107.0;388259.325
8799865110529;104;104;261.0;1770528.78
8800487702529;104;104;104.0;117945.225
8803303948289;104;104;374.0;2310507.225
8803828695041;104;104;126.0;77389.875
8806713131009;104;104;106.0;1181631.51
8797295312897;103;103;295.0;1056874.365
8797309894657;103;104;105.0;147240.405
8800159432705;103;103;103.0;229032.675
8801373093889;103;103;283.0;1019414.43
8801698742273;103;103;353.0;2395098.315
8801828470785;103;104;249.0;699684.705
8803512352769;103;103;186.0;2647529.325
8804122165249;103;104;268.0;1197049.005
8806711820289;103;103;105.0;1155704.265
8806712442881;103;103;104.0;831196.98
8797578067969;102;102;108.0;656685.945
8800060440577;102;102;106.0;658369.26
8800060637185;102;103;106.0;187751.835
8801270857729;102;103;256.0;1598087.79
8804189569025;102;102;194.0;491617.89
8806612533249;102;102;233.0;564885.54
8797235773441;101;101;332.0;3779766.0
8797306748929;101;101;260.0;1156477.545
8797575348225;101;101;105.0;1772942.355
8798191157249;101;101;348.0;1749231.27
8803040231425;101;101;272.0;825359.13
8809495658497;101;101;118.0;154519.47
8797180493825;100;100;271.0;3186417.06
8797193633793;100;100;100.0;179199.27
8797228007425;100;100;101.0;350122.005
8797299212289;100;100;251.0;883564.065
8798172905473;100;100;217.0;884377.125
8801699561473;100;100;269.0;1084815.855
8803514089473;100;100;268.0;997359.165
8797209624577;99;99;312.0;2723203.035
8797271064577;99;102;103.0;373793.49
8797282467841;99;99;231.0;473693.715
8797310615553;99;99;265.0;1121502.015
8803991748609;99;99;100.0;144744.57
8803992240129;99;99;100.0;132013.89
8805826723841;99;99;105.0;90170.505
8808352907265;99;99;261.0;845741.16
8809824354305;99;99;209.0;741201.12
8797183639553;98;98;275.0;1753576.245
8797262184449;98;98;262.0;915489.675
8797285744641;98;98;267.0;797550.93
8797286793217;98;98;187.0;696290.22
8797300228097;98;99;302.0;793540.8
8797323919361;98;98;230.0;2925573.48
8803105406977;98;98;340.0;2318114.34
8803630317569;98;100;106.0;71502.3
8809825337345;98;98;203.0;509697.495
8797258055681;97;97;247.0;543832.38
8797281583105;97;98;169.0;1840188.735
8799076057089;97;98;237.0;2338778.43
8799375261697;97;97;203.0;1213709.625
8803304734721;97;98;306.0;1385642.295
8804058136577;97;98;284.0;1281080.07
8806712246273;97;97;98.0;658939.5
8806712573953;97;97;98.0;735492.6
8797156048897;96;96;161.0;1745103.33
8797245669377;96;96;142.0;729985.365
8797273456641;96;96;257.0;772379.55
8797296197633;96;96;259.0;1877566.5
8797581082625;96;96;98.0;1015731.675
8797984358401;96;97;281.0;942474.96
8799376048129;96;97;278.0;1251677.925
8800681263105;96;96;178.0;195669.225
8800812367873;96;97;277.0;852057.045
8803511762945;96;96;181.0;3718140.885
8803829284865;96;96;98.0;183118.77
8803829481473;96;96;96.0;99706.635
8805828689921;96;96;106.0;106097.265
8806711394305;96;96;97.0;1206775.845
8797235281921;95;95;247.0;859701.645
8797581344769;95;95;101.0;781884.405
8797987766273;95;95;234.0;1151239.815
8799567511553;95;95;318.0;2244772.665
8801373421569;95;95;269.0;1193583.15
8801895448577;95;95;312.0;1537406.775
8804121903105;95;95;358.0;1405818.765
8797218832385;94;94;125.0;533671.02
8797271949313;94;94;276.0;1309261.5
8797279223809;94;94;213.0;678987.045
8803827974145;94;95;107.0;105631.155
8806224232449;94;94;228.0;423739.035
8807988133889;94;94;294.0;1259063.055
8797233086465;93;93;296.0;1917443.925
8797277683713;93;93;122.0;905207.67
8797279584257;93;93;236.0;1048960.53
8797287612417;93;93;245.0;612026.055
8797987733505;93;93;100.0;369402.39
8799374180353;93;93;98.0;157695.66
8803009036289;93;93;378.0;1899139.68
8803896590337;93;93;230.0;1495294.11
8803991879681;93;93;282.0;912883.14
8803992141825;93;93;97.0;114005.385
8807825637377;93;93;103.0;56675.025
8797154410497;92;92;216.0;2647342.71
8797188325377;92;92;95.0;356684.04
8797296001025;92;94;249.0;651657.51
8798172577793;92;93;98.0;390484.98
8799763693569;92;92;92.0;496758.6
8800615989249;92;92;254.0;686518.695
8800616775681;92;93;146.0;1076269.32
8797153656833;91;91;247.0;1099394.595
8797184884737;91;91;210.0;981318.87
8797278896129;91;91;292.0;1021647.96
8797316513793;91;91;92.0;491194.395
8797319462913;91;91;94.0;145673.955
8798191353857;91;91;260.0;1634335.245
8800523059201;91;93;272.0;745801.065
8800779370497;91;91;94.0;110407.95
8803008512001;91;91;269.0;1072880.595
8803008970753;91;93;350.0;1498765.59
8805406736385;91;91;305.0;1130757.66
8797152772097;90;90;194.0;1045782.81
8797215326209;90;90;91.0;105534.09
8797228793857;90;90;93.0;452465.37
8797261922305;90;90;247.0;921160.305
8797315235841;90;90;91.0;218437.425
8801371553793;90;91;245.0;992574.855
8801698709505;90;90;290.0;2011194.675
8803796090881;90;90;207.0;1904134.095
8803991650305;90;90;95.0;110137.95
8805406900225;90;91;367.0;3691336.41
8806482968577;90;90;258.0;514887.48
8807925317633;90;90;126.0;94315.995
8797224173569;89;89;218.0;2291078.52
8797234102273;89;89;216.0;2286976.185
8797293477889;89;90;231.0;1822154.805
8797295050753;89;89;305.0;1302135.66
8797303767041;89;90;92.0;504350.775
8797316546561;89;89;89.0;547415.235
8797331685377;89;89;280.0;1225121.715
8797985177601;89;89;249.0;1688053.86
8798170120193;89;89;92.0;136827.18
8800059686913;89;89;89.0;473861.52
8803514253313;89;92;293.0;3303686.925
8803793797121;89;89;307.0;657966.87
8805405687809;89;89;97.0;164766.555
8797181542401;88;88;315.0;2542597.2
8797190520833;88;88;122.0;243551.61
8797199695873;88;88;170.0;1136506.41
8797222764545;88;88;147.0;981185.535
8797287972865;88;88;229.0;1041507.09
8797297672193;88;88;89.0;405757.215
8797315891201;88;88;90.0;193495.995
8801372569601;88;90;212.0;2356473.15
8803010805761;88;88;145.0;1511744.985
8805401821185;88;88;143.0;3519250.92
8805630246913;88;88;161.0;646957.215
8805631295489;88;88;290.0;738048.825
8797157654529;87;87;232.0;1232686.575
8797215293441;87;87;94.0;97466.49
8797254156289;87;87;209.0;2542979.43
8797259530241;87;87;90.0;389004.21
8797285220353;87;88;171.0;3218854.14
8799375556609;87;87;233.0;1420451.325
8800386711553;87;87;265.0;997536.6
8800488292353;87;87;88.0;134445.15
8803012902913;87;87;173.0;1176081.435
8803512647681;87;87;143.0;1782438.75
8803827777537;87;87;103.0;81147.285
8803828826113;87;88;91.0;131615.91
8804058267649;87;87;301.0;1619155.53
8805401788417;87;87;147.0;659472.525
8805630377985;87;87;239.0;2444852.16
8806612664321;87;87;188.0;562968.81
8809825370113;87;87;219.0;477546.345
8797225877505;86;86;261.0;1661891.715
8797304520705;86;86;86.0;105272.235
8800386056193;86;86;86.0;438693.03
8801698775041;86;86;239.0;3045544.47
8803304407041;86;87;266.0;1526907.105
8803796221953;86;86;155.0;1132750.8
8805406212097;86;86;261.0;521604.405
8805407064065;86;86;342.0;3118351.905
8807306297345;86;86;190.0;797681.61
8811756290049;86;86;276.0;895302.36
8797153853441;85;85;243.0;1313550.045
8797983703041;85;85;87.0;316584.135
8798171627521;85;85;169.0;1475902.89
8800522731521;85;85;196.0;584605.665
8805406441473;85;85;230.0;525882.105
8797182296065;84;84;180.0;1419183.27
8797187604481;84;84;85.0;232458.885
8797246849025;84;84;176.0;575081.415
8797270605825;84;84;157.0;380062.17
8797280632833;84;84;292.0;1626379.965
8797284859905;84;85;242.0;2654817.84
8797318152193;84;84;85.0;139069.035
8797318905857;84;84;89.0;166865.04
8798191452161;84;84;86.0;81914.175
8799567216641;84;84;252.0;1257552.72
8799697731585;84;84;86.0;264057.03
8800160317441;84;84;84.0;632999.52
8800487407617;84;84;213.0;1195240.05
8800487636993;84;85;240.0;1113054.705
8802679881729;84;93;265.0;600136.335
8809824026625;84;84;297.0;1057429.17
8797156966401;83;83;197.0;2246625.54
8797184360449;83;83;155.0;668209.59
8797195141121;83;85;299.0;3872206.35
8797288595457;83;83;160.0;631697.715
8797309108225;83;83;205.0;1013100.975
8797316448257;83;83;85.0;82860.435
8797318021121;83;83;84.0;128023.335
8797581934593;83;83;88.0;1573263.18
8799567314945;83;83;84.0;326389.905
8800062439425;83;84;89.0;106765.47
8803039903745;83;83;251.0;1206318.51
8808185495553;83;83;245.0;962025.075
8797181411329;82;82;197.0;1364766.12
8797302980609;82;82;295.0;1507612.77
8797303537665;82;83;217.0;681750.225
8797314416641;82;82;286.0;2311707.825
8800062537729;82;84;85.0;90773.46
8800523583489;82;82;90.0;48541.095
8803304374273;82;82;297.0;1995184.395
8803828039681;82;83;87.0;85730.445
8806712803329;82;82;84.0;611029.98
8807924236289;82;82;97.0;68141.16
8808283668481;82;82;254.0;474466.86
8797187473409;81;81;81.0;351493.47
8797214900225;81;81;85.0;334881.855
8797236559873;81;81;263.0;2087622.09
8797246062593;81;81;180.0;1126711.125
8797281124353;81;81;90.0;891818.1
8797299179521;81;81;228.0;659827.98
8797311696897;81;81;241.0;1626343.335
8797318217729;81;81;82.0;108639.135
8797319266305;81;81;89.0;114214.815
8797334831105;81;82;190.0;1180929.645
8798182375425;81;82;152.0;16710.57
8799763857409;81;81;170.0;1156948.335
8806481657857;81;81;83.0;108652.5
8806711033857;81;81;81.0;649539.855
8797251895297;80;80;236.0;2512756.71
8797261037569;80;80;189.0;482813.1
8797263986689;80;80;91.0;80705.565
8797316022273;80;80;82.0;129027.285
8797316939777;80;80;80.0;331613.235
8797318250497;80;81;82.0;486893.16
8797323296769;80;80;84.0;468277.83
8797578821633;80;80;87.0;456045.345
8798172053505;80;80;203.0;742259.745
8799894175745;80;80;202.0;1825041.375
8800061030401;80;80;83.0;160777.8
8800062668801;80;80;263.0;2748893.085
8800681623553;80;80;139.0;4918439.52
8800779501569;80;80;81.0;90186.3
8801665449985;80;82;217.0;1126578.78
8801828765697;80;80;240.0;1170727.605
8802024194049;80;80;152.0;807391.935
8803990437889;80;80;236.0;537602.625
8804058071041;80;80;216.0;1257514.38
8805533155329;80;80;201.0;337135.905
8807306330113;80;80;208.0;1508728.995
8808352448513;80;80;152.0;37573.11
8797227188225;79;79;80.0;312259.725
8797237379073;79;81;156.0;1391188.05
8797258383361;79;79;169.0;568220.22
8797327261697;79;79;245.0;338404.95
8797578887169;79;79;84.0;483119.595
8799504498689;79;79;208.0;1409543.73
8799864356865;79;79;234.0;1295877.78
8800488882177;79;79;169.0;499834.89
8801373028353;79;79;223.0;639619.56
8801500430337;79;79;203.0;610175.52
8803630284801;79;79;223.0;717358.95
8805632475137;79;79;196.0;380024.685
8807824523265;79;79;82.0;33563.43
8797172989953;78;78;248.0;1529305.56
8797179936769;78;78;252.0;1382132.34
8797257990145;78;78;151.0;421427.385
8797274800129;78;79;172.0;593499.6
8797305798657;78;78;234.0;924381.9
8797334700033;78;78;189.0;1166152.59
8797984915457;78;78;225.0;1367475.255
8801666039809;78;79;204.0;1356912.99
8803008446465;78;78;268.0;948023.145
8803829415937;78;78;85.0;79096.41
8805206425601;78;78;203.0;514430.1
8805403131905;78;78;206.0;745914.42
8805405720577;78;79;82.0;123382.53
8806711427073;78;78;81.0;821566.485
8797248782337;77;77;125.0;404988.75
8797280075777;77;77;204.0;720461.34
8797284564993;77;77;147.0;1515547.44
8797301374977;77;79;259.0;1089650.205
8797579083777;77;77;86.0;505523.205
8797987405825;77;77;271.0;2398855.365
8798616420353;77;77;207.0;1372161.24
8799374475265;77;79;80.0;341696.745
8801634484225;77;77;174.0;1673929.26
8805532303361;77;77;216.0;1367843.58
8805828165633;77;77;85.0;63463.185
8797158670337;76;76;234.0;3401995.635
8797286694913;76;76;193.0;836914.23
8797294821377;76;76;181.0;1894525.425
8797578592257;76;76;78.0;989380.98
8805531090945;76;76;207.0;369162.09
8805597151233;76;76;169.0;322926.075
8805630050305;76;76;222.0;857876.49
8797300097025;75;75;195.0;992830.005
8797301833729;75;75;163.0;1848211.065
8797317693441;75;75;76.0;330824.115
8797326770177;75;75;75.0;752089.5
8799402721281;75;75;250.0;2523062.205
8801895317505;75;75;185.0;680841.405
8806482411521;75;75;206.0;466524.765
8806483001345;75;75;210.0;391087.62
8809136226305;75;75;259.0;1774356.75
8797232037889;74;74;225.0;2968763.76
8797272145921;74;74;159.0;223982.325
8797300195329;74;74;181.0;865379.835
8797315727361;74;74;74.0;168719.535
8797983801345;74;74;277.0;1455761.07
8797985472513;74;74;84.0;93659.085
8799865307137;74;74;244.0;2569879.935
8799894142977;74;74;244.0;2972974.86
8800061587457;74;75;75.0;279063.81
8801698512897;74;74;208.0;1401448.41
8805631426561;74;74;225.0;648010.575
8806481592321;74;74;74.0;108165.06
8806482542593;74;74;214.0;424251.9
8807828226049;74;74;206.0;1217270.97
8808190410753;74;74;250.0;887099.67
8808352219137;74;74;230.0;560234.88
8810874306561;74;74;243.0;1039469.085
8811821760513;74;74;281.0;856948.77
8797197795329;73;73;204.0;2174667.975
8797307437057;73;73;75.0;139619.16
8801370898433;73;73;140.0;1582758.315
8803009953793;73;73;243.0;1530641.34
8803828629505;73;73;82.0;50749.2
8804058202113;73;73;224.0;1163131.245
8805407948801;73;73;100.0;212111.37
8806226788353;73;73;210.0;483676.83
8797252091905;72;72;208.0;1200476.88
8797287874561;72;72;208.0;1057017.51
8797311205377;72;73;170.0;2160929.52
8797581639681;72;72;78.0;1010053.17
8800617234433;72;72;230.0;705551.715
8801698217985;72;72;182.0;1630148.67
8805405294593;72;72;124.0;1545833.115
8805407555585;72;72;188.0;1903857.435
8805533450241;72;72;190.0;372685.815
8805629886465;72;72;248.0;538259.355
8805631197185;72;72;229.0;731573.955
8806483165185;72;72;181.0;449331.705
8806483197953;72;72;210.0;483473.34
8809823862785;72;72;208.0;798455.88
8797199826945;71;71;199.0;2811529.125
8797215555585;71;71;71.0;148045.41
8797281189889;71;71;89.0;945820.8
8798171561985;71;71;234.0;2654942.85
8799697829889;71;71;74.0;368289.63
8800779436033;71;71;74.0;67907.25
8803236839425;71;71;71.0;178350.165
8803992567809;71;71;207.0;877307.625
8805401591809;71;71;110.0;1423750.185
8808939618305;71;71;252.0;1921825.53
8809825632257;71;71;173.0;1613546.235
8797189472257;70;70;74.0;93675.105
8797234298881;70;71;206.0;2865940.605
8797271425025;70;70;70.0;352629.99
8797285646337;70;71;169.0;655779.375
8797311860737;70;70;157.0;647246.385
8797327491073;70;70;206.0;266169.51
8797333946369;70;70;198.0;1138928.04
8797334798337;70;70;171.0;902723.13
8799373066241;70;70;73.0;323375.175
8800616677377;70;70;214.0;1223365.005
8805406244865;70;70;205.0;1175970.06
8806482739201;70;70;191.0;288904.5
8806714048513;70;70;71.0;648416.07
8797281550337;69;69;161.0;883318.995
8797318807553;69;69;71.0;106292.745
8797319004161;69;69;70.0;133454.565
8797580591105;69;70;77.0;1106005.14
8798190927873;69;69;154.0;1383009.75
8799863865345;69;69;225.0;1868038.785
8800779304961;69;70;74.0;63661.05
8801666170881;69;69;243.0;2318807.43
8803010019329;69;69;183.0;1123834.005
8803828563969;69;69;72.0;149459.175
8804192452609;69;70;193.0;722204.37
8805405753345;69;69;74.0;122328.945
8806711656449;69;69;70.0;980988.705
8808348450817;69;69;217.0;816822.63
8797182722049;68;70;112.0;489717.045
8797258874881;68;68;179.0;2406962.025
8797264904193;68;68;69.0;272387.565
8797291216897;68;68;162.0;554599.71
8797300817921;68;68;200.0;340844.4
8797308551169;68;68;180.0;967761.495
8801370931201;68;68;145.0;1587846.15
8801372798977;68;68;212.0;630618.84
8803305357313;68;68;203.0;727814.115
8803990274049;68;68;168.0;1771957.935
8803991519233;68;68;71.0;105876.63
8806483132417;68;68;219.0;508459.005
8807825178625;68;68;72.0;39744.9
8810874404865;68;68;211.0;558402.255
8797181083649;67;67;169.0;1206997.56
8797254877185;67;67;237.0;1372668.075
8797308518401;67;67;187.0;917968.5
8797313728513;67;69;210.0;667880.19
8797332799489;67;67;167.0;810201.285
8797575872513;67;67;70.0;1193228.82
8797984325633;67;68;205.0;553912.065
8798171824129;67;67;152.0;2816142.975
8799862980609;67;67;162.0;874923.93
8800385859585;67;67;139.0;654396.975
8800386351105;67;68;91.0;132692.22
8803728621569;67;69;69.0;96832.125
8803794714625;67;67;177.0;1002176.55
8803991715841;67;67;67.0;124452.18
8806481625089;67;67;68.0;127772.28
8808352514049;67;67;112.0;33601.86
8809136128001;67;67;215.0;1123402.095
8797222076417;66;66;133.0;732894.435
8797230235649;66;66;128.0;572300.775
8797275848705;66;66;133.0;538872.345
8797279059969;66;66;195.0;970779.69
8797284073473;66;67;236.0;1498061.61
8797285351425;66;66;77.0;152577.945
8797287710721;66;66;199.0;1128436.875
8797288824833;66;66;181.0;1452549.6
8797306355713;66;66;135.0;352127.925
8797334405121;66;66;199.0;1147059.09
8797576200193;66;66;69.0;933292.89
8806482378753;66;66;203.0;375074.64
8806482608129;66;66;146.0;290572.425
8806612860929;66;66;170.0;527684.715
8808352808961;66;66;127.0;36755.1
8809828286465;66;66;151.0;276350.94
8812380880897;66;66;220.0;1680574.95
8797202972673;65;65;142.0;531300.69
8797280763905;65;65;163.0;676870.38
8797283483649;65;65;65.0;107733.6
8797298065409;65;65;66.0;85578.48
8799862685697;65;65;65.0;137286.495
8803040296961;65;65;144.0;964398.51
8803513466881;65;65;95.0;1047149.19
8803793993729;65;65;170.0;237287.385
8803829678081;65;65;150.0;401664.42
8805631590401;65;65;143.0;392353.65
8806612566017;65;65;117.0;324390.24
8807827472385;65;65;207.0;588787.38
8808352710657;65;65;121.0;24478.785
8809627222017;65;65;233.0;1187339.4
8811592646657;65;65;69.0;99184.455
8797228367873;64;64;65.0;291199.455
8797236396033;64;64;210.0;1684350.0
8797241638913;64;64;82.0;141389.415
8797245538305;64;64;141.0;373127.085
8797264805889;64;64;199.0;2416946.805
8797280010241;64;64;66.0;123674.715
8797287317505;64;64;182.0;1766209.95
8797291872257;64;64;205.0;1143295.065
8797317890049;64;64;64.0;376500.96
8800159825921;64;64;65.0;134021.88
8802459320321;64;64;180.0;2425675.005
8805407916033;64;64;84.0;179043.21
8805989122049;64;64;145.0;271339.65
8808283439105;64;64;206.0;830586.735
8809828515841;64;64;165.0;320746.86
8797187080193;63;63;174.0;2180187.0
8797255270401;63;63;146.0;409419.675
8797265100801;63;63;189.0;561634.875
8797317300225;63;63;65.0;334885.5
8799567675393;63;63;222.0;981865.44
8799864750081;63;63;200.0;1168006.68
8799962136577;63;63;65.0;437652.135
8803695296513;63;63;175.0;732473.415
8805407490049;63;65;236.0;3111444.765
8806711492609;63;63;65.0;867185.325
8806714408961;63;63;194.0;420724.26
8809495756801;63;63;66.0;93041.19
8797190488065;62;62;62.0;116301.78
8797303996417;62;62;130.0;579976.74
8800488652801;62;62;65.0;106077.78
8801372667905;62;62;179.0;844933.005
8801665843201;62;62;159.0;844850.34
8801665974273;62;62;202.0;1562698.35
8801828438017;62;63;116.0;796186.395
8803514187777;62;62;184.0;2022525.225
8803514286081;62;62;159.0;998384.535
8803829612545;62;62;129.0;439380.855
8805402312705;62;62;179.0;1739170.98
8805631262721;62;62;164.0;452185.56
8797188489217;61;61;62.0;261594.0
8797229023233;61;61;64.0;518862.6
8797288988673;61;61;146.0;1830825.675
8797303603201;61;61;176.0;888819.03
8797304127489;61;61;118.0;470660.13
8797983145985;61;61;156.0;1051620.57
8800616873985;61;61;193.0;683172.135
8801372078081;61;61;63.0;163443.33
8801699528705;61;61;159.0;1134277.2
8802713042945;61;61;99.0;1915905.33
8803630415873;61;61;62.0;66932.1
8803728850945;61;61;63.0;66978.45
8803826466817;61;62;165.0;344549.34
8797187702785;60;60;65.0;229828.14
8797273817089;60;60;151.0;491874.3
8797277913089;60;61;128.0;382966.245
8797284335617;60;60;83.0;1556447.715
8797294002177;60;60;134.0;606717.9
8797306388481;60;60;174.0;933071.4
8797310779393;60;60;176.0;1809954.135
8797313302529;60;60;128.0;390110.13
8797317562369;60;60;60.0;148324.5
8798171791361;60;61;108.0;1213431.48
8799992676353;60;63;179.0;1457499.6
8800522010625;60;60;200.0;1139724.495
8803828432897;60;60;60.0;83773.485
8803828498433;60;60;62.0;101805.75
8803992043521;60;60;120.0;568090.215
8806226264065;60;60;153.0;602100.855
8797265199105;59;59;169.0;1070473.995
8797305044993;59;59;119.0;446670.945
8797308321793;59;59;118.0;509447.97
8799206637569;59;59;61.0;274063.455
8803797237761;59;59;128.0;473289.57
8807825571841;59;59;73.0;38576.025
8797143793665;58;58;167.0;924489.27
8797174595585;58;58;93.0;156310.605
8797229056001;58;58;58.0;448481.745
8797284663297;58;58;105.0;5956112.115
8797309599745;58;59;59.0;114138.45
8797318184961;58;58;58.0;234710.325
8797987307521;58;58;62.0;337780.89
8800060735489;58;58;59.0;130184.1
8803991027713;58;58;139.0;536017.95
8806226755585;58;58;163.0;622337.895
8811789058049;58;58;66.0;64743.39
8797156540417;57;57;133.0;1480341.105
8797189865473;57;57;58.0;112035.51
8797253632001;57;57;128.0;611078.13
8797285285889;57;59;131.0;776491.56
8797286596609;57;57;112.0;985901.355
8797303898113;57;57;57.0;187133.4
8797306814465;57;57;85.0;271090.53
8797318479873;57;57;58.0;361740.24
8797323460609;57;57;193.0;1037455.92
8797580197889;57;57;62.0;619314.84
8797986979841;57;57;169.0;676210.095
8798171234305;57;57;62.0;384663.735
8798616354817;57;57;140.0;1693753.92
8799173312513;57;57;57.0;322742.745
8799567118337;57;57;58.0;190733.535
8799567478785;57;57;182.0;1055660.22
8801372635137;57;57;137.0;434482.29
8803797204993;57;58;178.0;763605.0
8805407260673;57;58;183.0;678153.51
8805408342017;57;57;153.0;592922.52
8805828886529;57;57;69.0;40662.09
8806227804161;57;57;234.0;1345309.47
8806713982977;57;57;57.0;490919.13
8806714310657;57;57;143.0;352122.975
8797145268225;56;56;146.0;625588.065
8797187899393;56;56;56.0;181702.935
8797235937281;56;56;69.0;192022.56
8797277519873;56;56;61.0;2278912.095
8797315563521;56;57;57.0;245352.465
8797333815297;56;56;119.0;898984.44
8799372017665;56;56;190.0;2308990.41
8802453815297;56;56;170.0;2386130.625
8803009560577;56;56;178.0;1467720.9
8803009888257;56;56;124.0;836484.615
8805532565505;56;56;167.0;375894.225
8807236108289;56;56;57.0;453426.525
8807662747649;56;56;145.0;360050.265
8807825375233;56;56;67.0;68391.99
8808906129409;56;56;166.0;488905.2
8797187276801;55;55;134.0;674052.03
8797187768321;55;55;56.0;256379.31
8797187964929;55;55;60.0;185652.09
8797216047105;55;55;56.0;296198.235
8797235806209;55;55;85.0;404075.745
8797246029825;55;55;172.0;656048.835
8797260840961;55;55;116.0;1331972.955
8797308452865;55;55;158.0;634924.215
8797309665281;55;55;56.0;138740.49
8797984161793;55;56;163.0;591574.32
8798172872705;55;55;145.0;1565788.905
8798182146049;55;55;93.0;18153.54
8798190993409;55;55;161.0;997074.405
8809823698945;55;55;160.0;592770.915
8797266903041;54;54;146.0;900252.63
8797282304001;54;54;161.0;1309425.075
8798170906625;54;54;121.0;227696.895
8800257900545;54;54;160.0;2882795.175
8800616644609;54;54;86.0;327713.265
8801370505217;54;54;121.0;1402560.225
8802453782529;54;54;126.0;1583233.65
8802712616961;54;54;170.0;453938.49
8803040428033;54;54;135.0;403050.915
8803305586689;54;54;105.0;1082028.195
8803796779009;54;54;164.0;1463555.97
8803797041153;54;54;141.0;730230.48
8803991912449;54;54;114.0;456121.845
8805406310401;54;54;93.0;586882.62
8805533253633;54;54;133.0;228723.075
8805827870721;54;54;57.0;29345.175
8807007289345;54;54;54.0;238800.465
8797185212417;53;53;105.0;781597.53
8797264412673;53;53;53.0;282215.52
8797307895809;53;53;120.0;665235.225
8797322280961;53;53;53.0;329013.45
8797985832961;53;53;66.0;37042.56
8798171463681;53;53;146.0;1472792.625
8799080742913;53;53;54.0;545724.36
8799751995393;53;53;53.0;164146.455
8800779272193;53;53;53.0;41621.85
8801238646785;53;53;163.0;1776604.455
8803305127937;53;54;120.0;800534.34
8805533548545;53;53;130.0;287596.62
8811919998977;53;53;190.0;872338.05
8797262217217;52;52;52.0;89271.585
8797278633985;52;52;52.0;235583.595
8797281091585;52;52;101.0;244642.41
8797318283265;52;52;52.0;297593.73
8797985341441;52;52;54.0;51536.925
8799206670337;52;52;52.0;285342.705
8799863767041;52;52;137.0;1121358.69
8800059359233;52;52;52.0;140042.025
8800060342273;52;52;53.0;343348.38
8801500266497;52;53;164.0;1051641.9
8802024128513;52;52;138.0;1139478.525
8803040493569;52;52;141.0;946989.36
8803306635265;52;52;52.0;233114.805
8803992272897;52;52;52.0;90733.815
8803992436737;52;52;55.0;45723.96
8805631164417;52;52;143.0;659484.9
8805828591617;52;52;57.0;93814.335
8806226067457;52;52;116.0;1272239.505
8808190214145;52;52;166.0;522785.79
8797252452353;51;51;140.0;814984.605
8797260480513;51;52;117.0;1276444.08
8797302063105;51;51;85.0;215140.905
8797310353409;51;51;127.0;1360914.885
8797316743169;51;51;52.0;230890.185
8797317431297;51;51;52.0;189292.635
8797578919937;51;51;53.0;295160.13
8797991796737;51;51;136.0;404508.735
8799864061953;51;51;176.0;1430915.22
8800260784129;51;51;54.0;365466.735
8801991852033;51;51;153.0;730117.305
8802024095745;51;51;92.0;855004.59
8803008643073;51;52;183.0;863546.175
8803304275969;51;51;149.0;492870.285
8804058464257;51;51;165.0;1846694.475
8804189634561;51;51;109.0;225632.7
8805408276481;51;51;123.0;657203.49
8805630509057;51;51;119.0;411729.435
8805632442369;51;51;136.0;492693.48
8805890850817;51;51;109.0;409997.115
8806481002497;51;51;163.0;591866.91
8807726448641;51;51;157.0;639772.875
8809235578881;51;51;52.0;52781.535
8797180985345;50;50;164.0;1225197.0
8797215588353;50;50;51.0;63765.0
8797264314369;50;50;51.0;186005.655
8797264510977;50;50;52.0;470041.11
8797303144449;50;50;174.0;1032870.24
8797305667585;50;50;125.0;584073.045
8797323165697;50;50;64.0;271020.87
8797991632897;50;50;124.0;1317205.845
8798182408193;50;52;126.0;14501.205
8799373688833;50;50;50.0;278536.005
8799455903745;50;50;99.0;1366166.925
8800189906945;50;50;50.0;230060.205
8801828864001;50;50;145.0;1097924.355
8803040165889;50;50;125.0;610901.82
8803630481409;50;51;51.0;55057.05
8803896918017;50;50;148.0;754731.945
8803897671681;50;51;143.0;379759.77
8806482280449;50;50;160.0;506067.48
8806483296257;50;50;143.0;290164.5
8797159096321;49;50;126.0;1257615.18
8797182754817;49;49;82.0;629782.515
8797182787585;49;49;145.0;1027526.76
8797195042817;49;50;176.0;619257.555
8797201301505;49;50;51.0;94884.885
8797214965761;49;49;51.0;218530.62
8797254746113;49;49;95.0;279115.74
8797259661313;49;49;94.0;768397.095
8797261299713;49;49;118.0;1078813.755
8797311893505;49;49;150.0;921891.915
8800488456193;49;49;77.0;98265.105
8801206796289;49;49;85.0;1339388.595
8801370734593;49;49;145.0;1976622.93
8803992109057;49;49;121.0;893064.735
8804188618753;49;49;131.0;536476.86
8805400674305;49;49;75.0;257048.01
8807987970049;49;49;161.0;810121.005
8797158113281;48;48;92.0;1417443.885
8797218603009;48;48;133.0;1121387.715
8797254713345;48;49;49.0;182682.72
8797258416129;48;48;120.0;264290.67
8797263396865;48;48;95.0;1074326.805
8797289840641;48;48;141.0;885401.865
8797291184129;48;51;123.0;578361.915
8797328572417;48;48;85.0;456997.41
8799079661569;48;48;50.0;53923.77
8799372607489;48;48;53.0;228325.59
8799376244737;48;48;148.0;1340112.24
8799455543297;48;48;117.0;751140.675
8799568363521;48;48;63.0;157344.21
8800061784065;48;48;49.0;205905.69
8800062078977;48;48;54.0;429618.15
8801698840577;48;48;132.0;938769.57
8802459123713;48;48;131.0;2509343.28
8802680012801;48;48;124.0;1437836.49
8803990470657;48;48;162.0;1219137.03
8803991060481;48;48;141.0;604213.605
8804188684289;48;48;90.0;300444.795
8804189700097;48;48;135.0;1118944.35
8805401231361;48;48;82.0;950750.685
8806546112513;48;48;128.0;220266.0
8806712213505;48;48;49.0;344496.735
8809986949121;48;48;121.0;469260.135
8797188161537;47;47;47.0;197221.005
8797209690113;47;47;141.0;1245787.83
8797215752193;47;51;51.0;108904.275
8797270245377;47;47;49.0;90689.625
8797277290497;47;47;110.0;652691.34
8797280370689;47;48;92.0;771381.0
8797290528769;47;47;133.0;363854.655
8797301276673;47;47;127.0;1422289.395
8797305896961;47;47;120.0;704977.65
8797334372353;47;47;102.0;1250942.76
8797581606913;47;47;51.0;758372.94
8797988421633;47;47;96.0;243963.18
8800160481281;47;47;47.0;428976.675
8800488521729;47;47;47.0;62888.76
8800522305537;47;47;106.0;451659.78
8800975781889;47;47;108.0;569075.94
8801991720961;47;47;129.0;1554129.045
8803511402497;47;47;80.0;755451.72
8803511828481;47;47;81.0;764139.15
8803925229569;47;48;162.0;717410.43
8805405032449;47;47;118.0;484586.775
8805630541825;47;47;127.0;264831.435
8806482313217;47;47;132.0;378860.58
8808152465409;47;47;47.0;140670.045
8808352415745;47;47;69.0;13755.195
8809826516993;47;47;107.0;599009.985
8797238624257;46;46;88.0;1169704.62
8797263036417;46;46;132.0;775169.1
8797315596289;46;46;47.0;305058.375
8797578002433;46;46;47.0;297305.325
8797581017089;46;46;46.0;1137409.965
8799533924353;46;48;51.0;206406.0
8803992207361;46;46;56.0;46815.93
8804122296321;46;46;154.0;249198.3
8804607426561;46;46;1263.0;1819335.42
8805209276417;46;46;152.0;688732.38
8805408145409;46;46;137.0;521188.515
8805631229953;46;46;131.0;675431.145
8807794114561;46;46;160.0;904013.82
8808352481281;46;46;72.0;17744.31
8797199400961;45;45;125.0;1285412.715
8797235183617;45;45;45.0;420997.5
8797248978945;45;45;91.0;231218.37
8797252288513;45;45;112.0;731411.685
8797258711041;45;45;160.0;662259.78
8797269622785;45;45;130.0;998066.385
8797299572737;45;45;135.0;756819.72
8797305274369;45;45;109.0;326149.425
8797317824513;45;45;45.0;179574.165
8797992026113;45;45;49.0;18144.45
8799377719297;45;45;111.0;1789568.55
8799455444993;45;45;117.0;830965.86
8802712420353;45;45;138.0;285002.28
8803512942593;45;45;85.0;270593.82
8803795828737;45;45;105.0;599802.255
8804057710593;45;45;119.0;521824.68
8805532631041;45;45;128.0;914853.78
8806226198529;45;45;120.0;565663.23
8807826030593;45;45;46.0;53002.035
8808217247745;45;45;92.0;178979.715
8809495560193;45;45;51.0;100604.295
8797180559361;44;44;149.0;1465567.875
8797189341185;44;44;45.0;121366.215
8797190717441;44;44;76.0;102538.8
8797228498945;44;44;44.0;230228.145
8797263495169;44;44;44.0;277136.1
8797292953601;44;44;67.0;350963.415
8797309468673;44;44;76.0;435921.48
8797333618689;44;46;98.0;1422862.29
8797984456705;44;44;136.0;435761.055
8797991698433;44;44;116.0;229361.895
8801665581057;44;48;128.0;465285.915
8801991786497;44;44;151.0;2208192.03
8803008118785;44;44;128.0;576993.51
8803859922945;44;44;154.0;438589.26
8803990929409;44;44;155.0;743301.63
8805402640385;44;44;44.0;393062.535
8805408079873;44;44;47.0;57315.825
8805408112641;44;44;51.0;66979.35
8806711230465;44;44;44.0;454515.165
8806711853057;44;44;46.0;527293.665
8807669202945;44;44;142.0;569614.41
8797237051393;43;43;129.0;1020254.4
8797258153985;43;43;88.0;362563.965
8797287841793;43;45;114.0;470238.975
8797293772801;43;43;112.0;831699.36
8797296164865;43;43;88.0;805981.95
8797324050433;43;43;69.0;111776.625
8798182178817;43;43;62.0;9234.495
8799376441345;43;43;85.0;994237.875
8799961350145;43;43;43.0;106135.11
8803008905217;43;43;119.0;464050.845
8803236642817;43;44;44.0;203435.865
8803992502273;43;43;99.0;459921.195
8805828362241;43;43;54.0;32087.34
8807669104641;43;43;115.0;356792.625
8810445438977;43;43;126.0;1249875.18
8797189636097;42;42;43.0;140187.555
8797232103425;42;42;107.0;1529875.89
8797240950785;42;42;66.0;106992.405
8797315825665;42;42;46.0;60353.1
8797316775937;42;42;48.0;221242.68
8797317464065;42;42;42.0;173991.96
8798171660289;42;42;124.0;1034524.8
8798182244353;42;42;61.0;9339.57
8799075729409;42;42;58.0;970943.535
8799455707137;42;42;67.0;640014.21
8800061227009;42;42;43.0;229605.12
8800386613249;42;42;126.0;526667.445
8801371619329;42;42;127.0;517614.48
8803794550785;42;42;61.0;516360.69
8803990208513;42;43;43.0;53808.345
8805407686657;42;42;116.0;491164.56
8805531811841;42;42;162.0;2252061.0
8805630738433;42;42;78.0;464739.93
8806483099649;42;42;123.0;290631.96
8806711296001;42;42;42.0;416560.77
8806713819137;42;42;44.0;244071.27
8807007092737;42;42;45.0;182171.295
8808283799553;42;42;43.0;162815.85
8797199761409;41;41;42.0;4562412.75
8797221781505;41;41;41.0;91696.725
8797254221825;41;41;113.0;748269.585
8797273980929;41;41;72.0;332647.515
8797279485953;41;41;122.0;565782.57
8797290102785;41;41;124.0;1504141.83
8797305339905;41;42;93.0;287302.545
8797308420097;41;41;88.0;510182.46
8797316382721;41;41;42.0;35608.59
8797318873089;41;41;41.0;84568.365
8797333848065;41;41;113.0;873548.1
8797983768577;41;41;41.0;190246.5
8797984227329;41;41;83.0;272148.705
8800059785217;41;42;42.0;202699.935
8800061685761;41;41;41.0;226230.57
8800256163841;41;41;41.0;185610.645
8800487768065;41;41;70.0;87032.16
8802679947265;41;41;126.0;1444141.35
8803305553921;41;41;87.0;327895.515
8805531746305;41;42;173.0;885555.585
8805531877377;41;41;111.0;646031.7
8806228361217;41;41;106.0;1078530.615
8806713327617;41;41;43.0;596171.25
8806713851905;41;41;42.0;517834.035
8806714376193;41;41;131.0;429471.945
8807793786881;41;41;164.0;1553156.91
8797214375937;40;40;91.0;605470.05
8797232627713;40;40;40.0;126983.34
8797262479361;40;42;135.0;573254.325
8797264707585;40;40;40.0;196459.335
8797280108545;40;40;70.0;1133617.5
8797293707265;40;40;113.0;900545.085
8797299048449;40;40;89.0;631845.405
8797299408897;40;40;126.0;855953.145
8797310124033;40;40;131.0;2352717.315
8797315268609;40;40;42.0;281139.12
8797316612097;40;42;42.0;110421.54
8798171955201;40;40;63.0;618710.4
8799376343041;40;40;106.0;690954.57
8799698878465;40;40;88.0;380075.85
8803304800257;40;40;139.0;637286.445
8806226362369;40;40;151.0;650908.935
8809626927105;40;40;139.0;584553.465
8811723620353;40;40;80.0;256122.18
8797155688449;39;39;52.0;599910.48
8797226729473;39;39;90.0;321439.77
8797270867969;39;40;123.0;657899.415
8797279354881;39;39;78.0;249856.56
8797296984065;39;39;78.0;716233.23
8797299802113;39;39;111.0;857188.755
8797305077761;39;39;92.0;440081.415
8797318578177;39;39;39.0;161053.785
8797334470657;39;39;82.0;406649.97
8797580820481;39;39;41.0;509342.22
8799173345281;39;40;41.0;207565.155
8799377326081;39;39;85.0;988672.365
8799961153537;39;39;98.0;671387.94
8800257867777;39;39;84.0;389726.82
8801634418689;39;39;91.0;940003.74
8802713632769;39;39;104.0;1364067.0
8803236577281;39;40;42.0;73193.22
8803303718913;39;39;142.0;1383638.31
8803304931329;39;39;79.0;286991.505
8803512909825;39;39;111.0;616734.765
8803513860097;39;39;138.0;1434088.215
8803794649089;39;39;78.0;401406.57
8803828105217;39;39;40.0;31111.335
8803990765569;39;39;102.0;501907.95
8804623646721;39;39;362.0;475918.47
8805405786113;39;39;40.0;64608.93
8805630410753;39;39;145.0;602948.385
8806711754753;39;39;40.0;527834.07
8806713163777;39;39;40.0;390645.18
8808283111425;39;39;39.0;127660.05
8809299509249;39;39;55.0;57442.23
8809825861633;39;39;97.0;285382.71
8797205528577;38;38;54.0;113140.26
8797292920833;38;38;100.0;1152279.45
8797333028865;38;38;40.0;39804.21
8798171856897;38;38;88.0;1741421.925
8798819614721;38;38;146.0;3409157.565
8799865044993;38;38;78.0;1116233.82
8800617431041;38;38;74.0;1025011.845
8800779403265;38;38;40.0;35136.9
8803512877057;38;38;58.0;245382.075
8805405425665;38;39;88.0;437356.395
8806219022337;38;38;98.0;190885.365
8806483525633;38;38;116.0;227730.78
8806711099393;38;38;39.0;311832.675
8806711459841;38;38;39.0;428566.275
8809134817281;38;38;153.0;1509226.02
8809627123713;38;38;110.0;480743.28
8797142351873;37;37;38.0;68381.19
8797207429121;37;37;85.0;904307.22
8797244293121;37;37;41.0;52587.9
8797246357505;37;38;84.0;321189.795
8797265068033;37;37;130.0;1069300.305
8797292593153;37;37;38.0;64068.885
8797305831425;37;37;113.0;491867.055
8797312811009;37;39;127.0;571442.85
8797322215425;37;37;109.0;454024.395
8797334437889;37;37;119.0;858783.645
8797334929409;37;37;84.0;633437.685
8798172512257;37;37;68.0;286628.085
8798182309889;37;37;72.0;11131.02
8798191386625;37;37;60.0;590823.99
8801699725313;37;37;82.0;278633.97
8803797303297;37;37;126.0;731307.735
8805400805377;37;37;74.0;248901.615
8806713425921;37;37;37.0;468329.625
8807828455425;37;37;92.0;1368723.15
8808217346049;37;37;101.0;330790.14
8808352350209;37;37;53.0;16219.89
8797184753665;36;36;48.0;242934.975
8797198974977;36;36;89.0;619407.765
8797208805377;36;36;109.0;1079104.5
8797237018625;36;36;122.0;702724.23
8797237542913;36;36;109.0;1768049.1
8797251862529;36;36;133.0;1542565.08
8797253337089;36;36;97.0;779871.6
8797259399169;36;36;36.0;83592.135
8797262151681;36;36;69.0;202041.81
8797283614721;36;36;36.0;44233.785
8797289283585;36;36;125.0;2463940.575
8797292298241;36;36;73.0;205726.59
8797296852993;36;36;36.0;174042.765
8797312548865;36;36;85.0;628471.62
8797316644865;36;36;36.0;191224.035
8797318545409;36;36;36.0;75806.595
8797321887745;36;36;37.0;127397.34
8797985046529;36;36;64.0;415211.94
8797991862273;36;36;89.0;295299.675
8799864553473;36;36;85.0;482134.725
8800617037825;36;36;112.0;639755.685
8803305783297;36;36;78.0;224543.475
8804057513985;36;36;92.0;500360.13
8805402542081;36;36;64.0;297920.925
8805403885569;36;36;122.0;409680.675
8806226100225;36;36;90.0;382928.805
8806483689473;36;36;79.0;292098.15
8806612598785;36;36;101.0;295439.895
8806713556993;36;36;36.0;541703.565
8806714540033;36;36;96.0;280015.92
8807826259969;36;36;38.0;30490.695
8808284487681;36;36;71.0;221526.045
8808351989761;36;36;72.0;426040.245
8809299968001;36;36;39.0;49291.515
8809826058241;36;36;36.0;92537.145
8797190356993;35;37;38.0;114775.47
8797195075585;35;35;58.0;831398.895
8797250256897;35;35;103.0;508979.025
8797271293953;35;35;35.0;138688.65
8797318119425;35;35;35.0;60275.34
8797322477569;35;35;36.0;50683.32
8800059883521;35;35;35.0;229435.965
8800487735297;35;35;36.0;44935.02
8802713927681;35;35;96.0;597523.68
8805631950849;35;35;61.0;190239.48
8806218924033;35;35;107.0;562123.53
8806350749697;35;35;38.0;68093.1
8807662649345;35;35;131.0;522056.34
8807924629505;35;35;44.0;31893.39
8809825009665;35;35;74.0;170956.215
8809825894401;35;35;67.0;198372.78
8811592482817;35;35;35.0;37019.7
8797241081857;34;34;34.0;32698.89
8797299310593;34;34;83.0;392262.885
8797308223489;34;34;73.0;243886.95
8797311107073;34;34;73.0;1046879.46
8797315923969;34;34;34.0;221342.985
8797318414337;34;34;34.0;109529.595
8797322510337;34;34;35.0;110403.54
8798171594753;34;34;92.0;1063761.255
8798171889665;34;35;73.0;1226774.97
8799504039937;34;34;40.0;355031.91
8799534055425;34;34;36.0;111863.475
8799962398721;34;35;96.0;515981.115
8800061489153;34;34;34.0;167500.08
8800779337729;34;34;34.0;29634.75
8801828339713;34;34;87.0;299084.31
8803008839681;34;34;95.0;463602.285
8803511599105;34;34;57.0;538314.39
8805531942913;34;34;121.0;751807.8
8805596004353;34;34;110.0;634791.06
8806482804737;34;34;97.0;152062.335
8806483230721;34;34;124.0;232375.095
8806711558145;34;34;37.0;413617.365
8806713098241;34;34;34.0;306163.98
8807662682113;34;34;97.0;308857.005
8808348483585;34;34;89.0;285350.31
8797156442113;33;33;64.0;822570.615
8797183279105;33;33;41.0;147515.085
8797185671169;33;33;55.0;596840.4
8797188685825;33;33;33.0;162816.75
8797246750721;33;33;69.0;420814.17
8797260447745;33;33;53.0;486438.3
8797293674497;33;33;48.0;73017.945
8797295509505;33;34;106.0;391383.99
8797308878849;33;33;91.0;13593653.955
8797313597441;33;33;75.0;295302.465
8797318742017;33;33;33.0;180675.855
8797327360001;33;33;76.0;97216.92
8797334274049;33;33;72.0;642312.36
8798170316801;33;33;35.0;82084.5
8798182342657;33;33;56.0;7322.895
8799075827713;33;33;48.0;358472.7
8799373787137;33;33;33.0;129898.71
8799864455169;33;33;89.0;589590.135
8800681164801;33;33;69.0;75938.985
8802712551425;33;33;76.0;181900.53
8805405327361;33;33;54.0;1074622.905
8805405392897;33;33;74.0;510040.26
8805532041217;33;33;109.0;617138.37
8805533220865;33;33;450.0;617559.615
8805631557633;33;33;71.0;272504.565
8806226132993;33;33;76.0;290505.555
8806484049921;33;33;96.0;285255.0
8806712705025;33;33;35.0;298870.38
8808352382977;33;33;56.0;21145.815
8809135570945;33;33;45.0;278713.845
8809627516929;33;33;88.0;373108.095
8812477054977;33;33;111.0;439418.16
8797207658497;32;32;83.0;779425.155
8797227417601;32;32;55.0;231681.24
8797228302337;32;32;34.0;232611.57
8797231218689;32;32;32.0;66533.355
8797243899905;32;32;36.0;91334.7
8797244162049;32;32;32.0;132831.27
8797252517889;32;32;35.0;348021.63
8797264674817;32;32;33.0;129738.825
8797270409217;32;32;73.0;238296.33
8797271457793;32;32;80.0;1009251.765
8797272735745;32;32;32.0;86384.16
8797324345345;32;32;64.0;76445.19
8797579018241;32;32;33.0;213879.15
8797580328961;32;32;32.0;274048.29
8797984751617;32;32;70.0;603812.7
8801698021377;32;32;87.0;367449.12
8803012706305;32;32;50.0;469434.555
8803303456769;32;32;82.0;200845.485
8803513827329;32;32;49.0;492583.77
8803796123649;32;32;83.0;468278.415
8804192518145;32;32;102.0;608334.075
8805406146561;32;32;91.0;388673.1
8805408440321;32;32;56.0;441580.95
8809823764481;32;32;116.0;565177.41
8797209427969;31;31;60.0;809491.725
8797278240769;31;31;103.0;1314857.61
8797278306305;31;31;73.0;235820.115
8797310025729;31;31;31.0;53956.98
8797322641409;31;31;31.0;157216.815
8797332996097;31;31;31.0;33011.91
8797334732801;31;31;74.0;527770.71
8797334863873;31;31;60.0;759501.495
8799455150081;31;31;93.0;49272.165
8799533891585;31;31;31.0;95122.845
8800522174465;31;31;34.0;55324.8
8800523255809;31;31;32.0;187383.87
8800523649025;31;31;62.0;79345.62
8800681492481;31;31;51.0;393031.215
8801237827585;31;31;61.0;165881.475
8801370800129;31;31;91.0;1157624.775
8801828274177;31;32;32.0;51040.53
8802459353089;31;31;82.0;1100238.93
8803305193473;31;31;92.0;500740.65
8803797532673;31;31;83.0;495290.97
8805401559041;31;31;72.0;492358.365
8805408538625;31;31;32.0;143876.655
8806713360385;31;31;31.0;338592.645
8807924039681;31;31;35.0;19776.555
8808285044737;31;31;62.0;272490.39
8808351563777;31;31;31.0;108484.965
8809630302209;31;31;31.0;126387.585
8797157818369;30;30;55.0;478481.94
8797190389761;30;31;32.0;102161.745
8797208313857;30;30;60.0;112633.56
8797264347137;30;30;32.0;41355.0
8797296656385;30;30;83.0;1141486.785
8797303701505;30;30;30.0;134220.24
8797306519553;30;30;68.0;269258.13
8797316218881;30;30;30.0;63897.795
8797317398529;30;30;30.0;71315.73
8797983604737;30;30;35.0;281027.61
8797991960577;30;30;31.0;86354.685
8798171987969;30;30;79.0;1682014.5
8798172938241;30;30;62.0;238455.0
8799075893249;30;30;30.0;459560.25
8799698288641;30;30;99.0;498884.715
8799863078913;30;30;89.0;634410.045
8800189874177;30;30;65.0;538878.96
8801372536833;30;30;73.0;194783.67
8801665777665;30;30;104.0;572619.06
8801828995073;30;30;64.0;1183968.0
8803009363969;30;30;85.0;489630.285
8803794747393;30;30;83.0;564698.43
8803859136513;30;30;58.0;7734.24
8805400903681;30;30;48.0;471731.715
8805631328257;30;30;97.0;272842.515
8806482706433;30;30;73.0;166759.74
8808352579585;30;30;47.0;14037.165
8808906162177;30;30;76.0;270206.28
8809823043585;30;30;47.0;105083.91
8797201596417;29;29;30.0;48118.95
8797242130433;29;29;33.0;58521.33
8797248684033;29;30;64.0;640047.15
8797249601537;29;29;77.0;770434.425
8797260349441;29;29;50.0;552840.075
8797260742657;29;29;99.0;1159193.34
8797272211457;29;29;58.0;467041.32
8797277618177;29;29;29.0;46705.95
8797301309441;29;29;73.0;240314.49
8797305995265;29;29;68.0;572346.81
8797311041537;29;29;63.0;975181.185
8797319561217;29;29;29.0;40107.42
8798171430913;29;29;83.0;501675.3
8798171758593;29;29;64.0;633532.995
8798191484929;29;29;29.0;122237.1
8799567413249;29;29;30.0;96281.1
8799697633281;29;29;29.0;62459.91
8799699107841;29;29;71.0;225182.7
8799961546753;29;29;55.0;448250.04
8800522338305;29;29;53.0;58252.905
8800779468801;29;29;31.0;30688.65
8801172848641;29;29;30.0;46502.37
8803011264513;29;29;99.0;915255.225
8803513434113;29;30;40.0;232205.31
8803514580993;29;29;63.0;623768.22
8803630809089;29;29;69.0;1518901.83
8803662692353;29;29;77.0;1085800.77
8803793928193;29;29;104.0;416175.705
8803796254721;29;29;83.0;630133.02
8803796975617;29;29;51.0;1087933.365
8805828067329;29;29;30.0;24635.34
8806226329601;29;29;66.0;626062.275
8809824845825;29;29;60.0;94034.7
8797184950273;28;28;103.0;714766.5
8797188816897;28;28;30.0;142432.065
8797190094849;28;28;28.0;54274.095
8797195206657;28;28;48.0;964012.95
8797228728321;28;28;28.0;184517.91
8797235478529;28;28;93.0;426405.285
8797244620801;28;28;28.0;145711.08
8797253304321;28;28;41.0;302080.5
8797284892673;28;28;64.0;2303967.195
8797292036097;28;28;73.0;903359.115
8797293019137;28;29;82.0;936586.8
8797295935489;28;28;51.0;643543.155
8797334503425;28;28;76.0;557907.21
8797577707521;28;28;28.0;420531.39
8798171529217;28;28;70.0;856255.86
8798174969857;28;29;44.0;12826.125
8799080611841;28;28;34.0;257846.085
8799373885441;28;28;28.0;100596.24
8799377031169;28;28;59.0;716602.995
8799567609857;28;28;28.0;121302.36
8799962038273;28;28;29.0;161547.93
8800260685825;28;28;28.0;162669.915
8800488914945;28;28;62.0;3037368.24
8801500004353;28;28;43.0;226416.285
8801665646593;28;28;104.0;482274.81
8801894727681;28;28;28.0;145543.815
8802459254785;28;28;53.0;907872.66
8802459287553;28;28;79.0;1126487.25
8802459385857;28;28;57.0;1249854.165
8803009298433;28;28;79.0;655730.325
8803010150401;28;28;60.0;508894.425
8803010936833;28;28;67.0;1088750.115
8803011067905;28;28;47.0;532179.9
8803511468033;28;28;39.0;176670.405
8803794944001;28;28;70.0;768299.895
8803794976769;28;28;54.0;312952.05
8803795795969;28;28;86.0;468391.545
8803826401281;28;28;90.0;320479.065
8803990798337;28;28;58.0;154805.49
8804057579521;28;28;79.0;343260.045
8804188848129;28;28;60.0;672366.285
8805533351937;28;28;83.0;157785.39
8805632409601;28;28;84.0;172977.39
8805989220353;28;28;86.0;427457.25
8807006208001;28;28;80.0;350311.545
8807793262593;28;28;103.0;664382.43
8808906063873;28;28;62.0;671568.975
8809825042433;28;28;61.0;167938.965
8811821891585;28;28;29.0;107836.425
8797145530369;27;27;58.0;85418.19
8797150806017;27;27;73.0;77110.785
8797151887361;27;27;51.0;115960.5
8797154115585;27;27;67.0;538019.235
8797228433409;27;27;27.0;165469.005
8797277323265;27;27;76.0;240514.65
8797286957057;27;27;56.0;885916.485
8797294723073;27;27;79.0;337984.2
8797310582785;27;27;56.0;667033.245
8797310713857;27;27;46.0;691655.805
8797311139841;27;27;68.0;787592.7
8797316251649;27;27;35.0;63258.795
8797317791745;27;27;27.0;156408.48
8797318086657;27;27;28.0;41299.245
8797578985473;27;27;28.0;153896.985
8797580132353;27;27;29.0;395008.56
8797984620545;27;28;64.0;740395.485
8797991665665;27;27;77.0;160235.505
8798182703105;27;27;83.0;3994.965
8799377227777;27;27;89.0;834390.135
8799962365953;27;27;69.0;318682.08
8800261963777;27;27;37.0;84679.875
8803303587841;27;27;58.0;211624.965
8803306405889;27;28;65.0;310168.485
8803796615169;27;27;41.0;438996.78
8803896852481;27;27;54.0;243410.94
8805595906049;27;27;97.0;965818.35
8805597282305;27;27;79.0;301153.05
8805890752513;27;27;41.0;433385.64
8805956911105;27;27;79.0;154526.445
8806120488961;27;27;76.0;242613.765
8808284454913;27;27;101.0;302051.88
8808352612353;27;27;41.0;205110.765
8808938438657;27;27;62.0;387228.87
8809823371265;27;27;91.0;291688.2
8811657854977;27;27;27.0;74617.245
8797195894785;26;26;39.0;164233.44
8797214801921;26;26;43.0;404623.485
8797236035585;26;26;48.0;500589.315
8797271392257;26;26;72.0;271494.675
8797279617025;26;26;27.0;44492.535
8797287350273;26;26;79.0;867991.95
8797298556929;26;26;75.0;566373.825
8797307371521;26;26;26.0;56296.89
8797334634497;26;26;62.0;644457.42
8798171299841;26;26;65.0;130659.75
8799373590529;26;26;29.0;134497.35
8799865208833;26;26;51.0;653316.705
8800189972481;26;26;31.0;147470.985
8800489472001;26;26;32.0;55133.28
8801237630977;26;26;59.0;783866.385
8801666105345;26;26;88.0;584638.56
8801698676737;26;26;71.0;406711.665
8801895579649;26;26;47.0;1486510.605
8802680143873;26;26;54.0;832208.22
8803010478081;26;26;72.0;556407.135
8803515596801;26;26;93.0;1230449.31
8803630383105;26;27;27.0;21857.85
8803794878465;26;26;67.0;342090.45
8805405556737;26;26;62.0;253292.76
8805405622273;26;26;81.0;416397.33
8805632114689;26;26;63.0;208793.025
8806483722241;26;26;54.0;215466.93
8806711623681;26;26;27.0;407019.42
8806711787521;26;26;27.0;321548.58
8807464173569;26;26;51.0;505825.965
8808283144193;26;26;27.0;92626.515
8809139109889;26;26;76.0;746939.16
8809823338497;26;26;66.0;184904.145
8809824583681;26;26;57.0;32790.06
8797155983361;25;25;44.0;486553.32
8797195829249;25;25;71.0;864861.75
8797251469313;25;25;25.0;163131.48
8797286531073;25;25;47.0;402992.685
8797288792065;25;25;53.0;220944.15
8797311303681;25;25;25.0;28596.285
8797317496833;25;25;27.0;162424.17
8797325066241;25;25;62.0;882956.835
8797327327233;25;25;86.0;919613.115
8798714494977;25;25;82.0;462771.405
8798878400513;25;26;62.0;170475.345
8799076122625;25;25;44.0;345500.64
8799372705793;25;25;26.0;31011.615
8799374868481;25;25;31.0;24398.55
8799376834561;25;25;64.0;356568.435
8799533957121;25;25;25.0;50587.83
8800487342081;25;25;88.0;347043.42
8801699299329;25;25;28.0;279521.055
8803011723265;25;25;63.0;601778.16
8803012968449;25;25;58.0;956739.06
8803303555073;25;25;71.0;192178.62
8803303620609;25;25;64.0;202820.04
8803795927041;25;25;57.0;279084.285
8803796189185;25;25;78.0;560358.585
8804059709441;25;26;49.0;670588.92
8804397907969;25;25;558.0;905338.89
8806228426753;25;25;59.0;212385.42
8806484312065;25;25;65.0;351465.3
8806546800641;25;25;67.0;213812.64
8806612402177;25;25;49.0;205096.5
8807924727809;25;25;26.0;21127.86
8807925121025;25;25;25.0;28466.46
8808184709121;25;25;85.0;816742.17
8809235152897;25;25;27.0;18332.73
8797191208961;24;24;38.0;48586.32
8797201760257;24;24;24.0;136672.785
8797227614209;24;24;27.0;76244.715
8797289906177;24;24;60.0;1013843.655
8797300752385;24;24;71.0;298705.68
8797311336449;24;24;70.0;1131312.6
8797328539649;24;24;45.0;1972414.17
8797578133505;24;24;24.0;124921.305
8797578854401;24;24;25.0;138780.0
8797579182081;24;24;28.0;172478.88
8798976671745;24;24;26.0;52683.435
8799374278657;24;24;24.0;133483.545
8799374573569;24;25;27.0;138753.495
8799377424385;24;24;43.0;507556.665
8799698386945;24;24;40.0;169591.545
8799864848385;24;24;58.0;520040.7
8800160710657;24;24;54.0;364462.2
8800523157505;24;24;55.0;202289.985
8800616579073;24;24;83.0;376557.39
8801698283521;24;24;81.0;788876.73
8802453749761;24;24;44.0;544579.65
8802714157057;24;24;84.0;539353.215
8803236904961;24;24;24.0;100352.115
8803305652225;24;24;54.0;274643.235
8803514679297;24;24;70.0;500549.22
8803514843137;24;24;59.0;724617.81
8803859070977;24;24;26.0;44587.125
8804059906049;24;24;58.0;203003.28
8805402935297;24;24;67.0;271631.655
8805406343169;24;24;53.0;284101.74
8807926595585;24;24;39.0;76669.29
8809825075201;24;24;51.0;178828.065
8797251141633;23;23;47.0;157476.555
8797258481665;23;23;51.0;191816.82
8797259431937;23;24;24.0;80078.085
8797278044161;23;23;45.0;154448.82
8797280600065;23;23;58.0;112516.605
8797304225793;23;23;23.0;95855.76
8797313695745;23;23;23.0;31038.615
8797318348801;23;23;25.0;58502.43
8798171693057;23;23;57.0;309727.665
8798419681281;23;23;45.0;711765.675
8799373000705;23;23;23.0;115986.06
8799376736257;23;23;57.0;480587.76
8799962234881;23;23;24.0;212987.475
8800257769473;23;23;52.0;283443.03
8800261668865;23;23;34.0;80000.415
8800261865473;23;23;26.0;66149.775
8800648560641;23;23;24.0;21452.13
8801699266561;23;23;40.0;343864.665
8802453716993;23;24;57.0;752970.555
8803009429505;23;23;72.0;450373.41
8803010740225;23;23;37.0;378881.415
8803304964097;23;23;68.0;522493.605
8803510288385;23;23;67.0;512264.43
8803795599361;23;23;57.0;836919.315
8803897180161;23;23;67.0;393082.875
8803992174593;23;24;24.0;25485.48
8805401493505;23;23;23.0;290115.855
8806226952193;23;23;67.0;153597.78
8806711132161;23;23;25.0;378030.465
8806713589761;23;23;23.0;411434.865
8808352645121;23;23;39.0;12620.205
8808938635265;23;23;78.0;673866.27
8809135177729;23;23;59.0;238048.29
8809136717825;23;23;67.0;235291.635
8809235480577;23;23;24.0;14374.215
8809825828865;23;23;95.0;740907.585
8797215850497;22;22;24.0;173879.955
8797277749249;22;22;22.0;133319.475
8797288693761;22;22;43.0;229916.43
8797289218049;22;22;50.0;708318.27
8797317595137;22;22;22.0;81514.89
8797318447105;22;22;23.0;115446.915
8797324017665;22;22;73.0;529386.93
8797581443073;22;22;22.0;227125.26
8798182211585;22;22;27.0;4459.995
8799373492225;22;22;22.0;144337.365
8799377620993;22;22;43.0;712149.84
8800487604225;22;22;53.0;256950.495
8801373224961;22;22;65.0;375316.83
8801699135489;22;22;34.0;717410.25
8803010609153;22;22;34.0;262332.675
8803011985409;22;22;52.0;714601.215
8803012771841;22;22;52.0;619517.115
8803305226241;22;22;55.0;141430.41
8803512844289;22;22;57.0;4208563.53
8803794681857;22;22;36.0;262727.55
8803795206145;22;22;65.0;430566.525
8805400641537;22;22;41.0;136189.17
8805405523969;22;22;52.0;227172.555
8806225182721;22;22;51.0;832944.78
8806226558977;22;22;77.0;268385.895
8806612795393;22;22;58.0;178109.73
8807793131521;22;22;65.0;247531.5
8807827734529;22;22;53.0;224069.4
8808283013121;22;22;22.0;52201.62
8809136586753;22;22;80.0;719749.125
8809235775489;22;22;26.0;22403.655
8809495920641;22;22;70.0;393382.35
8809823633409;22;22;91.0;476012.835
8811788926977;22;22;27.0;22414.005
8797187833857;21;22;22.0;95734.35
8797195796481;21;21;77.0;922468.5
8797263462401;21;21;41.0;516572.145
8797284466689;21;21;21.0;79266.87
8797310287873;21;21;22.0;37549.305
8797317627905;21;21;21.0;87475.41
8797321199617;21;21;27.0;46299.24
8798176378881;21;21;29.0;4108.86
8799373983745;21;21;25.0;96451.02
8799992479745;21;21;21.0;97536.915
8800062275585;21;21;21.0;93556.755
8800256262145;21;21;28.0;106006.05
8800386252801;21;21;31.0;29781.945
8801633959937;21;21;58.0;876104.73
8801828241409;21;21;37.0;562895.37
8802459222017;21;21;40.0;811020.105
8802713468929;21;21;51.0;857830.5
8802713796609;21;21;74.0;914377.86
8803512025089;21;21;22.0;348694.605
8803512680449;21;21;40.0;81058.5
8803513630721;21;21;29.0;257831.91
8803513925633;21;21;66.0;654819.075
8803795468289;21;21;62.0;244295.955
8803795992577;21;21;41.0;371664.405
8803828891649;21;21;22.0;14343.525
8803990536193;21;21;60.0;351466.785
8805333696513;21;21;21.0;32063.625
8805630640129;21;21;80.0;412599.015
8805891112961;21;21;62.0;636948.0
8806225805313;21;21;44.0;215778.69
8806483755009;21;21;39.0;152905.725
8806711066625;21;21;21.0;190365.615
8808187428865;21;21;39.0;96854.895
8809235349505;21;21;22.0;25419.105
8809824649217;21;21;52.0;72477.945
8809826713601;21;21;40.0;178180.56
8797236756481;20;20;45.0;240861.96
8797260513281;20;20;45.0;389061.405
8797277814785;20;20;43.0;837646.155
8797287579649;20;20;38.0;510327.99
8797292756993;20;20;55.0;341316.54
8797312614401;20;20;20.0;119881.935
8797316710401;20;21;21.0;100787.49
8797317955585;20;20;24.0;42473.745
8797323034625;20;20;20.0;111986.685
8797987471361;20;20;27.0;1491527.025
8798180671489;20;20;62.0;5305.68
8799080546305;20;20;21.0;133427.52
8799080710145;20;20;24.0;220261.815
8799372410881;20;20;20.0;84014.145
8799374376961;20;20;23.0;68123.88
8799375065089;20;20;49.0;601281.9
8799455805441;20;20;32.0;305427.735
8799567577089;20;20;30.0;100769.58
8800059392001;20;20;20.0;35143.2
8802713665537;20;20;61.0;862015.5
8802714189825;20;20;39.0;305951.04
8803009232897;20;20;59.0;498658.95
8803011461121;20;20;47.0;307312.2
8803797729281;20;20;42.0;242987.94
8803990634497;20;20;48.0;188587.08
8803991552001;20;20;20.0;148691.205
8806483591169;20;20;63.0;344158.605
8806711885825;20;20;20.0;183248.55
8807692959745;20;20;22.0;20945.475
8808191295489;20;20;53.0;139049.46
8809140551681;20;20;73.0;862271.055
8809823502337;20;20;77.0;337089.96
8809824157697;20;20;51.0;180509.715
8797174366209;19;19;27.0;84589.65
8797181870081;19;19;46.0;232320.06
8797194747905;19;19;42.0;598005.405
8797244325889;19;19;23.0;61310.43
8797250420737;19;19;52.0;388456.74
8797264576513;19;19;19.0;58203.81
8797284696065;19;20;49.0;1547652.42
8797285187585;19;19;44.0;906341.67
8797295378433;19;19;60.0;185403.735
8797308157953;19;20;42.0;169266.33
8797311598593;19;19;41.0;474537.915
8797318774785;19;19;19.0;81105.615
8797321068545;19;19;29.0;51603.12
8797321134081;19;19;21.0;52932.735
8797579870209;19;19;21.0;164830.68
8797580296193;19;19;20.0;266718.6
8797581770753;19;19;20.0;484243.56
8797984849921;19;19;47.0;485389.35
8798176706561;19;19;21.0;3419.91
8799376605185;19;19;49.0;557936.46
8800161202177;19;19;29.0;213135.03
8800257474561;19;19;43.0;207888.66
8800616415233;19;19;19.0;23400.495
8801238089729;19;19;39.0;110987.01
8801699430401;19;19;19.0;219425.265
8803009495041;19;19;66.0;421249.095
8803236773889;19;19;21.0;26450.55
8803306438657;19;19;60.0;287410.5
8803513991169;19;19;61.0;651517.605
8803795369985;19;19;58.0;406283.76
8803796811777;19;19;63.0;418493.43
8803828367361;19;19;20.0;16559.19
8803897245697;19;19;62.0;684821.385
8803990339585;19;19;63.0;493980.48
8804121673729;19;19;25.0;425800.935
8805400576001;19;19;45.0;385601.445
8805402869761;19;19;35.0;281778.075
8805405884417;19;19;21.0;34508.025
8805407883265;19;19;20.0;37536.84
8806226001921;19;19;44.0;498815.685
8806228328449;19;19;75.0;718200.36
8806546341889;19;19;42.0;95457.06
8807007223809;19;19;19.0;77049.315
8808283045889;19;19;20.0;58830.03
8808352677889;19;19;30.0;6034.77
8808939126785;19;19;49.0;735275.745
8809139437569;19;19;39.0;494755.785
8809823600641;19;19;59.0;257071.455
8809825796097;19;19;60.0;395813.7
8811854495745;19;19;20.0;69755.49
8797148577793;18;18;24.0;103091.175
8797159063553;18;18;34.0;422722.755
8797195337729;18;18;54.0;479986.83
8797236690945;18;18;61.0;542730.42
8797259038721;18;18;18.0;85663.755
8797261856769;18;18;47.0;528638.625
8797309992961;18;18;34.0;329381.055
8797318381569;18;18;18.0;92786.535
8797323362305;18;18;18.0;24811.785
8797333127169;18;18;18.0;96255.855
8797578788865;18;18;20.0;111209.985
8799075991553;18;18;19.0;48191.085
8799376932865;18;18;54.0;436539.465
8800257802241;18;18;60.0;360209.97
8800488095745;18;18;27.0;37373.445
8800489013249;18;18;37.0;3497445.135
8800877477889;18;18;47.0;259584.03
8801699037185;18;18;29.0;400884.48
8802459189249;18;18;43.0;832441.5
8802713436161;18;18;48.0;682228.8
8803008184321;18;18;59.0;291795.525
8803010412545;18;18;51.0;320507.28
8803011854337;18;18;64.0;765850.41
8803011919873;18;18;59.0;468346.86
8803514023937;18;18;57.0;500297.355
8803631005697;18;18;64.0;1071286.515
8803859202049;18;18;24.0;2854.98
8803897606145;18;18;23.0;59866.47
8804557783041;18;18;44.0;19646.82
8804557848577;18;18;73.0;38768.085
8805531549697;18;18;66.0;382681.53
8806221807617;18;18;43.0;868576.185
8806415728641;18;18;42.0;188733.645
8808152662017;18;18;18.0;36000.9
8808190640129;18;18;47.0;294776.955
8808938340353;18;18;47.0;337054.59
8809135964161;18;18;51.0;304505.955
8809136848897;18;18;33.0;365902.65
8809137700865;18;18;26.0;194692.725
8809138716673;18;18;52.0;410281.38
8809825959937;18;18;18.0;29920.05
8797149200385;17;17;17.0;23815.62
8797187932161;17;17;17.0;81539.685
8797244522497;17;17;17.0;93315.645
8797287940097;17;17;37.0;139711.725
8797288628225;17;17;29.0;403907.895
8797317136385;17;18;19.0;100994.805
8797317365761;17;17;17.0;65075.805
8797317988353;17;18;18.0;84996.855
8797322313729;17;17;19.0;36411.525
8797580099585;17;17;17.0;172498.32
8797984784385;17;17;46.0;381835.8
8798174806017;17;17;37.0;4221.45
8798176772097;17;17;44.0;5474.07
8798176870401;17;17;37.0;4806.63
8799239208961;17;17;39.0;114453.45
8799377817601;17;18;39.0;641033.415
8799864946689;17;17;60.0;819957.285
8800257605633;17;17;19.0;98224.965
8800257835009;17;17;18.0;68927.76
8800488947713;17;17;40.0;1160193.195
8801373650945;17;17;34.0;124521.48
8802453848065;17;17;46.0;648049.185
8803010543617;17;17;61.0;520150.95
8803011657729;17;17;45.0;447878.34
8803012313089;17;17;33.0;453584.475
8803303849985;17;17;18.0;651859.155
8803306176513;17;17;55.0;606688.74
8803514351617;17;17;47.0;504191.745
8803630448641;17;17;17.0;13762.35
8803794059265;17;17;33.0;166015.08
8803795894273;17;17;27.0;300526.245
8803796713473;17;17;35.0;476953.02
8805408571393;17;17;17.0;108266.58
8805631918081;17;17;18.0;367794.0
8805956419585;17;17;42.0;588370.635
8806218858497;17;17;45.0;210428.955
8806225969153;17;17;35.0;307981.8
8806227279873;17;17;47.0;193440.06
8806546866177;17;17;39.0;118813.365
8806612008961;17;17;43.0;152628.93
8807957102593;17;17;37.0;100494.225
8808939028481;17;17;41.0;408574.89
8809136324609;17;17;57.0;386362.305
8809235251201;17;17;17.0;13983.21
8809629843457;17;17;43.0;171834.48
8809824288769;17;17;31.0;125166.87
8797236625409;16;16;31.0;74187.495
8797253959681;16;16;38.0;150684.3
8797283844097;16;16;52.0;236270.475
8797292167169;16;16;16.0;101065.23
8797300588545;16;16;38.0;205601.85
8797307273217;16;16;16.0;32105.52
8797319397377;16;16;16.0;56512.8
8797320871937;16;16;24.0;63887.355
8797332930561;16;16;59.0;205771.545
8797578952705;16;16;17.0;99591.885
8797579051009;16;16;17.0;105678.9
8797581803521;16;16;18.0;187959.6
8797984817153;16;16;27.0;289076.85
8799373295617;16;17;19.0;68003.46
8799374966785;16;16;27.0;432941.4
8799752290305;16;16;16.0;107818.065
8800261603329;16;16;20.0;46819.89
8800262160385;16;16;17.0;34414.83
8800287358977;16;16;50.0;1272211.155
8802712846337;16;16;54.0;101644.335
8803011198977;16;16;48.0;448507.575
8803012182017;16;16;28.0;324664.605
8803304243201;16;16;16.0;53757.99
8803306569729;16;16;42.0;259807.95
8803513008129;16;16;24.0;72270.63
8803695230977;16;16;34.0;162398.205
8803794845697;16;16;39.0;377718.93
8803795304449;16;16;54.0;429445.215
8804658249729;16;16;133.0;66840.165
8805400772609;16;16;49.0;1140346.17
8805401133057;16;16;22.0;426152.655
8805401165825;16;16;28.0;127388.025
8805403295745;16;16;25.0;499915.71
8805630672897;16;16;38.0;263705.22
8805632049153;16;16;40.0;110268.63
8805632081921;16;16;32.0;161689.14
8805632737281;16;16;34.0;101495.97
8806483394561;16;16;50.0;287647.29
8806712672257;16;16;16.0;146248.2
8806713720833;16;16;17.0;191023.56
8806939688961;16;16;44.0;870443.28
8807826849793;16;16;34.0;329061.87
8807924826113;16;16;17.0;24368.895
8808285077505;16;16;48.0;187188.48
8808349794305;16;16;43.0;130181.85
8808906096641;16;16;43.0;208121.67
8809429958657;16;16;45.0;49731.48
8809823404033;16;17;53.0;210148.425
8797185277953;15;15;49.0;405499.5
8797247537153;15;15;47.0;50738.4
8797291479041;15;15;29.0;463089.195
8797291610113;15;15;16.0;68269.95
8797311172609;15;15;30.0;538175.655
8798180474881;15;15;15.0;2411.775
8798180540417;15;15;17.0;20445.39
8799075663873;15;15;37.0;649493.01
8799567151105;15;15;15.0;48593.25
8799567347713;15;15;16.0;42112.8
8799698485249;15;15;34.0;215865.54
8800062373889;15;15;18.0;137550.51
8800617660417;15;15;31.0;372249.27
8801373618177;15;15;25.0;1491157.935
8801991294977;15;15;30.0;205129.935
8803012116481;15;15;35.0;504607.41
8803304308737;15;15;16.0;665735.805
8803514449921;15;15;43.0;416251.215
8803795042305;15;15;38.0;231451.515
8803796058113;15;15;45.0;350040.33
8803897737217;15;15;29.0;95436.0
8804189732865;15;15;15.0;13072.455
8804509941761;15;15;77.0;125045.1
8804522983425;15;16;62.0;94521.06
8805400707073;15;15;23.0;349038.0
8805403983873;15;15;24.0;562812.93
8805531418625;15;15;52.0;745462.53
8805531680769;15;15;40.0;301647.465
8805532139521;15;15;30.0;366417.0
8805630476289;15;15;30.0;177347.97
8805630705665;15;15;48.0;427730.76
8805891047425;15;15;35.0;404410.05
8806227148801;15;15;46.0;84337.2
8806546243585;15;15;38.0;97912.8
8806546997249;15;15;32.0;146034.045
8806547128321;15;15;33.0;84042.18
8806612238337;15;15;55.0;394999.875
8806612893697;15;15;25.0;95763.465
8806713229313;15;15;16.0;153998.235
8807007354881;15;15;15.0;74043.27
8808283078657;15;15;16.0;48615.21
8809137602561;15;15;52.0;328484.16
8809828384769;15;15;38.0;501940.62
8811592941569;15;15;47.0;196468.335
8797147234305;14;14;14.0;37717.74
8797263560705;14;14;14.0;66535.2
8797264838657;14;14;14.0;59771.07
8797271261185;14;14;15.0;72056.25
8797288136705;14;14;28.0;304208.685
8797289119745;14;14;14.0;13440.105
8797289709569;14;14;43.0;498496.5
8797300916225;14;14;36.0;110279.88
8797308977153;14;14;23.0;555284.16
8797310943233;14;16;29.0;416333.115
8797313433601;14;14;28.0;120149.955
8797315858433;14;14;14.0;30998.7
8797316579329;14;14;15.0;80502.435
8797317234689;14;14;15.0;89393.445
8798170251265;14;14;14.0;17842.68
8799206834177;14;14;31.0;600655.5
8799372902401;14;14;14.0;68720.085
8799455051777;14;14;54.0;26540.865
8799456002049;14;14;40.0;403362.315
8799864160257;14;14;29.0;274709.25
8800159236097;14;14;42.0;219175.83
8801699168257;14;14;22.0;114378.12
8801699495937;14;14;14.0;93823.38
8801828798465;14;14;26.0;33222.645
8803511861249;14;14;32.0;641310.165
8803515138049;14;14;46.0;523569.69
8803515367425;14;14;36.0;550223.145
8803794812929;14;14;37.0;137044.98
8803802873857;14;14;25.0;341296.56
8803829350401;14;14;14.0;11524.545
8803992633345;14;14;44.0;320278.41
8804389257217;14;14;243.0;387052.065
8804462985217;14;14;38.0;330931.53
8804596547585;14;14;449.0;797496.66
8805402148865;14;14;28.0;418509.765
8805403099137;14;14;27.0;529286.625
8805408735233;14;14;51.0;629573.4
8805531484161;14;14;44.0;514548.09
8805532205057;14;14;37.0;262383.93
8805630574593;14;14;41.0;186954.21
8805631033345;14;14;24.0;19810.44
8805632376833;14;14;37.0;86894.055
8806218760193;14;14;37.0;135395.1
8806483361793;14;14;36.0;230731.83
8807924531201;14;14;14.0;21386.025
8808185004033;14;14;49.0;227992.59
8809137111041;14;14;42.0;421228.08
8809138094081;14;14;37.0;242122.815
8809142943745;14;14;35.0;160492.5
8809527967745;14;14;26.0;93104.415
8809824550913;14;14;38.0;171835.74
8809824714753;14;14;32.0;47487.69
8809824944129;14;14;25.0;58985.64
8809826189313;14;14;33.0;204400.485
8809826844673;14;14;30.0;195893.775
8797199171585;13;13;17.0;145913.715
8797255663617;13;14;14.0;30007.53
8797291970561;13;13;45.0;360307.035
8797297606657;13;13;13.0;24492.96
8797305143297;13;13;33.0;307160.46
8797322412033;13;13;13.0;17489.16
8797328310273;13;13;31.0;393252.03
8797985144833;13;13;30.0;255334.68
8798176673793;13;13;35.0;1778.85
8798182604801;13;13;31.0;7437.645
8799376539649;13;13;28.0;322434.72
8799698190337;13;13;30.0;96511.5
8800059981825;13;13;15.0;332992.35
8800487899137;13;13;14.0;17235.54
8800617299969;13;13;33.0;649667.16
8800617496577;13;13;27.0;488950.425
8801172160513;13;13;29.0;86060.835
8802680078337;13;13;26.0;419284.98
8802713862145;13;13;34.0;134522.505
8803008053249;13;13;28.0;337955.4
8803306274817;13;13;43.0;202624.83
8803511566337;13;13;22.0;212288.67
8803511730177;13;13;22.0;752007.465
8803512483841;13;13;16.0;559141.29
8803514417153;13;13;43.0;624400.875
8803514777601;13;13;41.0;780550.83
8803515498497;13;13;28.0;409290.75
8803795140609;13;13;23.0;323538.39
8803795632129;13;13;27.0;608736.375
8803859857409;13;13;35.0;110252.25
8803990503425;13;13;46.0;401838.3
8803991584769;13;13;14.0;33395.22
8804189765633;13;13;20.0;21353.94
8804435001345;13;13;54.0;102722.31
8804478320641;13;13;154.0;1420061.715
8804509908993;13;13;72.0;113490.945
8804523081729;13;13;166.0;238287.96
8805401329665;13;13;18.0;166839.75
8805401624577;13;13;17.0;321179.805
8805402411009;13;13;23.0;123015.69
8805403164673;13;13;33.0;163158.795
8805403754497;13;13;44.0;2838036.24
8805405458433;13;13;33.0;250654.815
8805408702465;13;13;13.0;34025.355
8805533319169;13;13;333.0;603475.74
8805630443521;13;13;42.0;298342.62
8805630771201;13;13;40.0;303532.56
8805632638977;13;13;39.0;324351.72
8806218366977;13;13;36.0;273708.9
8806225281025;13;13;23.0;54038.385
8806546931713;13;13;36.0;88347.24
8806711197697;13;13;14.0;184111.56
8806713524225;13;13;14.0;150954.21
8806714245121;13;13;37.0;258283.35
8807793917953;13;13;48.0;344047.86
8807830061057;13;13;32.0;343709.1
8807925415937;13;13;13.0;14965.56
8808348385281;13;13;26.0;102963.15
8811723653121;13;13;39.0;427199.85
8811920031745;13;13;13.0;64110.78
8797193076737;12;12;17.0;47102.85
8797198483457;12;12;12.0;27676.89
8797242195969;12;12;18.0;21142.8
8797261168641;12;12;28.0;234549.0
8797264936961;12;12;28.0;195985.44
8797283090433;12;12;19.0;26998.56
8797285122049;12;12;17.0;1842373.935
8797309861889;12;12;26.0;44324.28
8797323558913;12;12;12.0;64704.375
8798171267073;12;12;12.0;28344.6
8798172184577;12;12;13.0;37334.115
8798176182273;12;12;16.0;2246.4
8798181163009;12;12;31.0;16947.855
8799373393921;12;12;12.0;40832.1
8799455641601;12;12;25.0;166163.175
8799568429057;12;12;18.0;51684.48
8799698681857;12;12;44.0;266852.7
8799735709697;12;12;12.0;110866.86
8800159858689;12;12;12.0;12783.96
8800489144321;12;12;49.0;9453317.085
8801237958657;12;12;24.0;147424.95
8801372241921;12;12;24.0;219363.21
8803012247553;12;12;24.0;226751.4
8803012509697;12;12;25.0;261644.04
8803305291777;12;12;15.0;158537.655
8803498786817;12;12;16.0;40460.31
8803513663489;12;12;35.0;261702.9
8803514220545;12;12;22.0;219506.715
8803794583553;12;12;24.0;222421.05
8803795664897;12;12;24.0;390904.065
8803797598209;12;12;22.0;254415.465
8803797762049;12;12;26.0;201924.36
8803859267585;12;12;18.0;2565.18
8803992600577;12;12;27.0;188705.7
8804397809665;12;12;101.0;161404.335
8804557881345;12;12;55.0;26572.275
8805400870913;12;12;33.0;91009.575
8805533417473;12;12;98.0;154769.67
8805631754241;12;12;33.0;471327.66
8805828460545;12;12;13.0;14262.525
8805988990977;12;12;28.0;58006.845
8806225772545;12;12;18.0;173336.22
8806226427905;12;12;38.0;133009.065
8806481821697;12;12;12.0;58143.51
8806612140033;12;12;44.0;294113.79
8807827865601;12;12;44.0;211421.475
8807924432897;12;12;14.0;10629.36
8808283242497;12;12;12.0;49583.61
8808283996161;12;12;12.0;43984.305
8808352546817;12;12;21.0;7410.69
8808741961729;12;12;22.0;282193.155
8808938930177;12;12;35.0;435685.95
8809137930241;12;12;31.0;209459.295
8809823174657;12;12;30.0;78595.29
8809825140737;12;12;23.0;104464.89
8809954181121;12;12;26.0;125271.9
8797144711169;11;11;23.0;44930.07
8797156311041;11;11;24.0;283775.4
8797162373121;11;11;14.0;59677.38
8797170696193;11;11;11.0;19522.98
8797207396353;11;11;29.0;62459.91
8797207560193;11;11;13.0;98142.75
8797250945025;11;11;30.0;330471.0
8797260644353;11;11;29.0;267655.95
8797287022593;11;11;19.0;349049.88
8797292429313;11;11;33.0;602318.7
8797296132097;11;11;28.0;227901.42
8797313859585;11;11;11.0;13020.975
8797316055041;11;11;15.0;41294.43
8797317529601;11;11;11.0;14476.275
8797318512641;11;11;16.0;42340.77
8797320216577;11;11;13.0;41119.74
8797322346497;11;11;11.0;11628.0
8797332701185;11;11;33.0;46878.48
8797987438593;11;11;43.0;113674.5
8798174674945;11;11;11.0;1980.495
8798176313345;11;11;14.0;5218.47
8798180507649;11;11;12.0;1444.32
8798181097473;11;11;11.0;5597.64
8799239012353;11;11;41.0;509966.775
8799376670721;11;11;24.0;302720.715
8799455248385;11;12;37.0;20331.315
8799863373825;11;11;24.0;62102.745
8799961939969;11;11;11.0;65634.255
8800287391745;11;11;16.0;219367.125
8801172258817;11;11;19.0;25369.02
8801373585409;11;11;21.0;60308.955
8802459156481;11;11;19.0;255643.29
8802713829377;11;11;11.0;257728.95
8803011362817;11;11;26.0;283414.68
8803303915521;11;11;15.0;534274.29
8803514646529;11;11;42.0;423387.0
8803514712065;11;11;29.0;272183.85
8803793960961;11;11;36.0;135386.325
8803795107841;11;11;27.0;169036.74
8803796287489;11;11;23.0;287032.995
8803796320257;11;11;18.0;131950.26
8803797565441;11;11;29.0;184545.495
8803859660801;11;11;12.0;118312.02
8803897376769;11;11;11.0;26733.96
8804578918401;11;11;136.0;205477.65
8804660609025;11;11;47.0;64870.47
8805403066369;11;11;23.0;557068.815
8805533515777;11;13;131.0;204107.175
8805533646849;11;11;19.0;54773.415
8805632507905;11;11;36.0;73338.885
8805890949121;11;11;26.0;125577.09
8806218661889;11;11;32.0;77688.9
8806227345409;11;11;28.0;116454.24
8806227443713;11;11;28.0;67489.785
8806482083841;11;11;12.0;64425.78
8806483951617;11;11;35.0;284510.475
8806612631553;11;11;33.0;88077.42
8807925514241;11;11;11.0;13943.43
8808086208513;11;11;30.0;351847.485
8808351858689;11;11;20.0;79655.13
8808352841729;11;11;18.0;5401.485
8809139929089;11;11;24.0;375446.7
8809141633025;11;11;18.0;273366.09
8809823895553;11;11;32.0;126623.025
8809824419841;11;11;45.0;305833.725
8811854757889;11;11;11.0;26955.54
8797153755137;10;10;21.0;33165.72
8797179772929;10;10;10.0;18468.9
8797180755969;10;10;31.0;163885.5
8797185310721;10;10;41.0;443719.62
8797189996545;10;11;11.0;26566.29
8797217652737;10;10;17.0;67402.35
8797242982401;10;10;10.0;16603.155
8797270900737;10;10;10.0;40482.0
8797274701825;10;10;19.0;48143.34
8797280796673;10;10;18.0;42645.69
8797284106241;10;10;10.0;24606.405
8797300948993;10;10;12.0;51695.505
8797320577025;10;10;13.0;18603.99
8797320937473;10;10;13.0;23499.36
8797580066817;10;10;10.0;54172.26
8797983670273;10;10;10.0;253287.9
8798174937089;10;10;25.0;4479.795
8798176346113;10;10;14.0;2238.075
8798181326849;10;10;24.0;3068.37
8798181523457;10;10;16.0;5431.95
8798191190017;10;10;13.0;316645.875
8799079956481;10;10;13.0;36082.8
8799374671873;10;10;11.0;59571.585
8800160776193;10;10;10.0;8525.97
8800160808961;10;10;10.0;30404.565
8800189808641;10;10;12.0;356596.245
8800488357889;10;10;29.0;41634.72
8800488685569;10;10;28.0;44220.96
8800488980481;10;10;25.0;2487422.205
8800681754625;10;10;10.0;204926.4
8801698807809;10;10;19.0;178141.545
8801828896769;10;10;23.0;44032.005
8802713075713;10;10;25.0;487745.775
8802713731073;10;10;29.0;363985.695
8803010215937;10;10;30.0;295050.195
8803012837377;10;10;35.0;447263.775
8803512221697;10;10;13.0;235011.06
8803514155009;10;10;20.0;153978.705
8803514318849;10;10;23.0;343649.565
8803514744833;10;10;21.0;298413.45
8803515072513;10;10;24.0;274988.025
8803515400193;10;10;22.0;396373.005
8803795959809;10;10;17.0;125079.795
8803796746241;10;10;17.0;187024.905
8803796910081;10;10;21.0;106324.875
8803990962177;10;10;20.0;77625.0
8804403478529;10;11;83.0;128378.835
8804471341057;10;10;187.0;1874799.045
8805401985025;10;10;21.0;473170.455
8805532368897;10;10;31.0;445315.5
8805632180225;10;10;28.0;159844.32
8805989318657;10;10;35.0;129482.325
8806225575937;10;10;19.0;319643.46
8806547193857;10;10;26.0;73379.7
8806612369409;10;10;18.0;68713.245
8806612434945;10;10;16.0;183759.255
8806612500481;10;10;22.0;242034.12
8806713753601;10;10;10.0;138860.775
8807793852417;10;10;11.0;35659.575
8807925612545;10;10;11.0;58254.885
8808187133953;10;10;17.0;46879.155
8808283340801;10;10;10.0;44455.14
8809139208193;10;10;36.0;336684.06
8809824518145;10;10;26.0;91796.85
8809824616449;10;10;19.0;38395.935
8809824780289;10;10;18.0;5930.37
8809825107969;10;10;19.0;65759.49
8809826091009;10;10;10.0;19059.03
8811528224769;10;10;27.0;86387.85
8797155033089;9;9;40.0;380567.475
8797162110977;9;9;10.0;53047.8
8797202546689;9;9;22.0;36114.21
8797270507521;9;9;10.0;9569.7
8797279944705;9;9;44.0;827182.665
8797287546881;9;9;27.0;429332.85
8797303963649;9;9;17.0;61119.36
8797311238145;9;9;28.0;425685.33
8797321363457;9;9;12.0;36658.485
8798170218497;9;9;9.0;18676.305
8798181195777;9;9;14.0;19850.04
8798976737281;9;9;22.0;4895.28
8799568330753;9;9;11.0;26319.15
8799568461825;9;9;9.0;26033.76
8799735644161;9;9;18.0;381174.795
8800189612033;9;9;28.0;255254.13
8800255868929;9;9;16.0;224433.0
8800261472257;9;9;13.0;32585.265
8800488259585;9;9;20.0;24622.2
8800488783873;9;9;20.0;36558.9
8800523354113;9;9;9.0;22184.685
8800523452417;9;9;16.0;14548.275
8801141784577;9;9;17.0;280319.85
8801698250753;9;9;22.0;179591.58
8802024259585;9;9;12.0;54160.515
8803305914369;9;9;18.0;99482.895
8803512320001;9;9;10.0;93525.75
8803514122241;9;9;11.0;112436.415
8803514482689;9;9;25.0;215087.31
8803515170817;9;9;36.0;385361.1
8803630841857;9;9;20.0;255375.72
8803794518017;9;9;22.0;185136.3
8803795009537;9;9;18.0;234553.86
8803796680705;9;9;12.0;128674.98
8803826368513;9;9;13.0;118824.75
8803990306817;9;9;27.0;381744.495
8803990601729;9;9;19.0;242365.95
8804470259713;9;9;54.0;520338.915
8804578754561;9;11;78.0;107888.22
8804595859457;9;9;36.0;49646.52
8804644192257;9;9;66.0;641224.665
8805400510465;9;9;10.0;90699.435
8805401067521;9;9;15.0;57388.14
8805401296897;9;9;23.0;97892.37
8805402607617;9;9;18.0;565140.78
8805406277633;9;9;20.0;233117.235
8805630017537;9;9;18.0;227350.26
8805826625537;9;9;10.0;9244.8
8805989515265;9;9;24.0;399704.85
8806120685569;9;9;29.0;314630.28
8806225936385;9;9;25.0;269987.625
8806226165761;9;9;12.0;145715.22
8806481788929;9;9;11.0;66086.82
8806482935809;9;9;28.0;98894.7
8806677151745;9;9;268.0;445195.755
8806711951361;9;9;9.0;93431.88
8806713622529;9;9;9.0;169923.6
8808283373569;9;9;9.0;40439.745
8808348647425;9;9;22.0;86660.46
8808351367169;9;9;17.0;187380.72
8808352743425;9;9;15.0;3010.68
8808906227713;9;9;31.0;170892.45
8809136422913;9;9;21.0;131000.625
8809137799169;9;9;28.0;302098.86
8809140027393;9;9;23.0;348922.665
8809141829633;9;9;19.0;388572.615
8809235054593;9;9;12.0;14172.435
8809823469569;9;9;33.0;165005.865
8809823666177;9;9;22.0;71068.68
8809826680833;9;9;24.0;128851.56
8811592450049;9;9;29.0;161016.165
8797146349569;8;8;8.0;9469.8
8797188620289;8;8;13.0;61408.71
8797188751361;8;8;8.0;42318.81
8797228892161;8;8;8.0;59453.55
8797237870593;8;8;8.0;73568.295
8797241475073;8;8;12.0;24313.815
8797263888385;8;8;8.0;56726.505
8797290397697;8;8;8.0;59004.0
8797292265473;8;8;8.0;22591.8
8797303013377;8;8;19.0;61842.15
8797317857281;8;8;8.0;48534.12
8797318938625;8;8;11.0;26230.05
8797333913601;8;8;21.0;466991.955
8797333979137;8;8;17.0;66725.595
8797338435585;8;8;14.0;133870.32
8798170185729;8;8;8.0;18379.08
8798176608257;8;8;11.0;658.53
8798180868097;8;8;8.0;3344.4
8798180900865;8;8;23.0;8897.895
8798182113281;8;8;14.0;17003.7
8799076352001;8;8;8.0;461389.95
8800062177281;8;8;8.0;67879.89
8800489668609;8;8;24.0;57435.48
8800681361409;8;8;21.0;343300.5
8800812269569;8;8;18.0;398968.74
8801172357121;8;8;8.0;10773.135
8801172750337;8;8;8.0;11950.965
8802453979137;8;8;14.0;110291.085
8802713993217;8;8;12.0;152128.755
8803011002369;8;8;24.0;221684.76
8803011788801;8;8;11.0;104907.42
8803012050945;8;8;18.0;188428.545
8803511664641;8;8;20.0;150614.82
8803514515457;8;8;13.0;174134.745
8803514548225;8;8;17.0;220151.655
8803515432961;8;8;22.0;277468.56
8803630710785;8;8;21.0;262190.385
8803630874625;8;8;21.0;355729.05
8803795238913;8;8;17.0;137688.255
8803796353025;8;8;17.0;217147.68
8804122853377;8;8;8.0;35985.735
8804397744129;8;8;22.0;33451.65
8804470947841;8;8;39.0;59019.795
8804492935169;8;8;81.0;886166.145
8804596154369;8;8;20.0;29838.375
8804620861441;8;9;77.0;97651.035
8804660510721;8;8;37.0;46616.715
8805400936449;8;8;8.0;18957.285
8805402968065;8;8;12.0;332133.795
8805403033601;8;8;21.0;47202.885
8805408178177;8;8;17.0;97354.665
8805408374785;8;8;18.0;98072.73
8805857984513;8;8;15.0;357008.265
8806226526209;8;8;23.0;93313.485
8806228819969;8;8;16.0;6272.55
8806711164929;8;8;8.0;120806.73
8806711721985;8;8;8.0;100196.55
8807005421569;8;8;9.0;16026.705
8807431766017;8;8;28.0;68058.36
8807793393665;8;8;14.0;267743.07
8807793655809;8;8;8.0;23426.82
8807925022721;8;8;8.0;8586.72
8807925219329;8;8;8.0;8784.405
8808282980353;8;8;13.0;127210.77
8808351236097;8;8;15.0;393318.0
8808352776193;8;8;13.0;2620.575
8809139732481;8;8;10.0;151365.06
8809140453377;8;8;19.0;201788.775
8809142026241;8;8;20.0;300702.78
8809825992705;8;8;8.0;17279.01
8812380618753;8;8;32.0;138922.695
8797196124161;7;7;11.0;83832.165
8797200711681;7;7;7.0;26470.08
8797235412993;7;7;17.0;57329.145
8797248258049;7;7;18.0;49388.4
8797270540289;7;7;14.0;117749.16
8797277126657;7;7;7.0;20718.225
8797294886913;7;7;7.0;239396.535
8797307305985;7;7;7.0;9212.175
8797309829121;7;7;14.0;119361.69
8797982326785;7;7;7.0;26805.24
8798174773249;7;7;11.0;1823.175
8798176542721;7;7;11.0;661.095
8798181261313;7;7;11.0;5041.08
8798191255553;7;7;7.0;35048.79
8799436701697;7;7;11.0;46681.965
8799961841665;7;7;7.0;9801.9
8800061882369;7;7;7.0;45389.295
8800061980673;7;7;7.0;49882.815
8800261373953;7;7;8.0;19931.85
8800522534913;7;7;9.0;13144.32
8800648396801;7;7;7.0;104017.5
8801270759425;7;7;16.0;32641.2
8801499971585;7;7;7.0;328251.78
8801828962305;7;8;13.0;642100.005
8802712715265;7;7;24.0;173194.2
8803304144897;7;7;26.0;625067.415
8803304210433;7;7;7.0;34331.85
8803512057857;7;7;25.0;474390.585
8803795271681;7;7;17.0;246876.39
8803796647937;7;7;22.0;284978.61
8803797630977;7;7;20.0;130899.195
8803991158785;7;7;18.0;164953.08
8803991781377;7;7;25.0;681170.13
8804397842433;7;7;168.0;267557.58
8804397940737;7;7;138.0;249076.35
8804444405761;7;7;84.0;745956.585
8804459708417;7;7;58.0;118808.145
8804463607809;7;7;60.0;99045.945
8804471701505;7;7;23.0;44733.42
8804474355713;7;7;26.0;34158.465
8804523048961;7;7;119.0;164079.54
8804644356097;7;7;81.0;762271.605
8805402279937;7;7;12.0;429610.77
8805402509313;7;7;12.0;98798.4
8805405229057;7;7;13.0;421520.895
8805408604161;7;7;8.0;48479.715
8805408636929;7;7;7.0;50843.25
8805408669697;7;7;7.0;49685.85
8805533614081;7;7;34.0;56981.61
8805632311297;7;7;16.0;56699.64
8805632344065;7;7;31.0;136722.15
8805858115585;7;7;11.0;151032.24
8806224297985;7;7;95.0;156246.975
8806227640321;7;7;8.0;102677.76
8806713688065;7;7;8.0;169487.955
8806939459585;7;7;16.0;129066.66
8807303184385;7;7;7.0;177356.7
8807828127745;7;7;22.0;207328.725
8808185397249;7;7;7.0;160636.23
8808348844033;7;7;13.0;106677.45
8808906194945;7;7;18.0;115736.22
8808938831873;7;7;19.0;206453.43
8809038118913;7;7;14.0;195436.08
8809138356225;7;7;18.0;191458.17
8809139535873;7;7;11.0;138860.415
8809140617217;7;7;19.0;155930.625
8809141043201;7;7;16.0;198748.8
8809824387073;7;7;26.0;147954.69
8809824681985;7;7;32.0;55701.36
8809824813057;7;7;15.0;12084.93
8809827106817;7;7;21.0;354390.03
8811854888961;7;7;7.0;14212.305
8812149571585;7;7;17.0;139951.395
8812313247745;7;7;24.0;134838.9
8797154213889;6;6;10.0;32385.78
8797156114433;6;6;17.0;188800.47
8797158998017;6;6;16.0;174168.0
8797218439169;6;6;8.0;29993.4
8797234987009;6;6;13.0;36762.93
8797236166657;6;6;17.0;200380.14
8797237936129;6;6;21.0;266307.615
8797261004801;6;6;7.0;36416.97
8797280501761;6;6;14.0;36647.235
8797280829441;6;6;6.0;10746.0
8797281746945;6;6;13.0;32977.62
8797287907329;6;6;11.0;46790.55
8797289447425;6;6;11.0;183403.35
8797309272065;6;6;15.0;912843.765
8797309796353;6;6;9.0;538933.365
8797333553153;6;6;20.0;2570416.11
8797581312001;6;6;6.0;66373.2
8797984980993;6;6;15.0;176048.37
8798175625217;6;6;6.0;8259.57
8798180802561;6;6;6.0;1522.26
8798181392385;6;6;16.0;3453.12
8798182539265;6;6;12.0;1607.895
8799080579073;6;6;6.0;44797.5
8799080677377;6;6;6.0;56163.6
8799206932481;6;6;6.0;6818.31
8799373197313;6;6;6.0;20247.3
8800160350209;6;6;12.0;104670.54
8800160841729;6;6;7.0;25649.91
8800256393217;6;6;19.0;60989.58
8800489209857;6;6;6.0;182390.67
8800619593729;6;6;10.0;43080.3
8801699004417;6;6;13.0;480231.9
8801828929537;6;6;6.0;10471.95
8801991655425;6;6;14.0;219025.395
8802712911873;6;6;12.0;246561.03
8802713534465;6;6;15.0;181327.5
8802713894913;6;6;10.0;147150.0
8802714124289;6;6;16.0;169742.25
8803008249857;6;6;22.0;103102.02
8803010281473;6;6;17.0;183189.87
8803010347009;6;6;20.0;272097.45
8803010871297;6;6;14.0;140143.14
8803514810369;6;6;14.0;127917.0
8803514875905;6;6;20.0;298067.22
8803794092033;6;6;7.0;18471.96
8803794485249;6;6;13.0;115166.07
8803796516865;6;6;7.0;56351.43
8804504338433;6;6;31.0;297997.965
8804522917889;6;6;26.0;41329.44
8804523016193;6;6;18.0;28640.025
8804557914113;6;6;19.0;14859.99
8804557946881;6;6;17.0;14899.59
8804578885633;6;6;21.0;32951.16
8805333630977;6;6;6.0;8369.37
8805400346625;6;6;28.0;476877.24
8805402247169;6;6;11.0;78194.52
8805403000833;6;6;12.0;37834.875
8805403623425;6;6;9.0;138021.975
8805405065217;6;6;22.0;107209.26
8805530894337;6;6;16.0;28878.435
8805597216769;6;6;28.0;45239.895
8805631721473;6;6;10.0;129719.7
8805631819777;6;6;21.0;372434.4
8806189203457;6;6;30.0;47128.95
8806225903617;6;6;10.0;258049.755
8806227083265;6;6;24.0;245988.36
8806227181569;6;6;13.0;40943.565
8806484213761;6;6;10.0;47950.2
8806644350977;6;6;36.0;60026.445
8806711525377;6;6;6.0;68738.22
8806711984129;6;6;6.0;68442.12
8807793197057;6;6;24.0;112896.72
8807793983489;6;6;9.0;24185.07
8807794049025;6;6;7.0;16820.37
8807826948097;6;6;9.0;431966.925
8808185724929;6;6;10.0;26860.095
8808350023681;6;6;19.0;90721.035
8808351301633;6;6;7.0;85650.3
8808351399937;6;6;9.0;137593.215
8808351793153;6;6;10.0;24131.25
8808351924225;6;6;8.0;71996.04
8808352284673;6;6;15.0;168457.32
8809138257921;6;6;25.0;300546.675
8809138814977;6;6;21.0;164826.9
8809140846593;6;6;13.0;229084.56
8809140944897;6;6;24.0;388968.48
8809824190465;6;6;21.0;95552.865
8809824485377;6;6;24.0;166283.64
8809827500033;6;6;24.0;315396.72
8809827532801;6;6;11.0;181145.115
8809827794945;6;6;15.0;174817.755
8809828253697;6;6;6.0;11195.82
8797158899713;5;5;5.0;18234.45
8797173579777;5;5;10.0;17050.5
8797186981889;5;5;5.0;26997.75
8797189799937;5;5;5.0;9650.25
8797201006593;5;5;5.0;11810.25
8797218930689;5;5;5.0;17925.03
8797224402945;5;5;10.0;20244.15
8797226598401;5;5;6.0;5965.65
8797253861377;5;5;11.0;51430.5
8797270376449;5;5;9.0;36454.275
8797274177537;5;5;5.0;7896.6
8797303799809;5;5;12.0;34919.37
8797314449409;5;5;6.0;6603.39
8797318840321;5;5;5.0;11225.25
8797323100161;5;5;12.0;13781.34
8797327654913;5;5;6.0;485771.985
8798174838785;5;5;13.0;5350.5
8798176215041;5;5;5.0;643.95
8798179721217;5;5;21.0;2000.565
8798180704257;5;5;20.0;1012.5
8798180769793;5;5;5.0;2022.525
8798180933633;5;5;11.0;947.43
8798714691585;5;5;5.0;10768.95
8799698780161;5;5;5.0;20549.25
8800189775873;5;5;10.0;219452.625
8800488062977;5;5;5.0;6037.2
8800488194049;5;5;13.0;17235.855
8800489046017;5;5;7.0;1052149.95
8800489406465;5;5;12.0;19036.62
8800780976129;5;5;13.0;145865.97
8801075232769;5;5;5.0;7197.75
8801173045249;5;5;20.0;24884.1
8801237794817;5;5;9.0;312779.565
8801373552641;5;5;18.0;927991.08
8801698086913;5;5;13.0;47905.65
8801895350273;5;5;17.0;39001.815
8802713501697;5;5;5.0;91102.5
8802714091521;5;5;10.0;87954.57
8803009167361;5;5;13.0;86152.005
8803512418305;5;5;7.0;260296.56
8803512713217;5;5;9.0;27569.97
8803512975361;5;5;16.0;130827.6
8803513696257;5;5;13.0;140201.235
8803513729025;5;5;12.0;88131.6
8803514613761;5;5;14.0;198190.575
8803514974209;5;5;12.0;237138.3
8803515039745;5;5;16.0;142227.18
8803515301889;5;5;18.0;279491.04
8803515531265;5;5;18.0;324813.78
8803795501057;5;5;8.0;110227.05
8803797401601;5;5;17.0;73341.63
8803859529729;5;5;5.0;835.425
8803897049089;5;5;20.0;187662.6
8803990863873;5;5;13.0;60412.23
8803991420929;5;5;17.0;199715.85
8804189077505;5;5;8.0;32396.04
8804459577345;5;5;16.0;28011.285
8804512727041;5;5;15.0;63334.305
8804522786817;5;5;20.0;35488.17
8804578721793;5;5;16.0;21678.3
8804598022145;5;5;16.0;172503.63
8804607557633;5;5;26.0;56621.385
8804618895361;5;6;413.0;720087.255
8804640653313;5;5;24.0;164126.475
8804643766273;5;5;42.0;20789.1
8804658085889;5;5;14.0;25728.75
8804659822593;5;5;20.0;52816.68
8804660543489;5;5;20.0;15507.18
8805402083329;5;5;7.0;193646.52
8805403492353;5;5;8.0;171985.815
8805403951105;5;5;9.0;146057.895
8805405851649;5;5;5.0;7847.46
8805531353089;5;5;20.0;273003.84
8805629952001;5;5;17.0;247218.93
8805630115841;5;5;10.0;175904.1
8805631787009;5;5;14.0;269487.0
8805631983617;5;5;8.0;36877.68
8805956616193;5;5;12.0;96548.58
8806189268993;5;5;24.0;47977.695
8806191923201;5;5;14.0;51780.42
8806222004225;5;5;10.0;52322.85
8806226296833;5;5;11.0;83057.4
8806227214337;5;5;18.0;66740.94
8806227312641;5;5;12.0;21414.15
8806228295681;5;5;18.0;88891.11
8806482051073;5;5;5.0;14699.25
8806547062785;5;5;10.0;33494.85
8806714114049;5;5;15.0;70665.75
8807827046401;5;5;6.0;187462.89
8807988396033;5;5;13.0;195334.29
8808185298945;5;5;14.0;307833.75
8808191524865;5;5;6.0;509110.605
8808348418049;5;5;17.0;68667.165
8808348876801;5;5;12.0;156255.345
8808349302785;5;5;7.0;125678.07
8808349368321;5;5;8.0;940905.0
8808350089217;5;5;5.0;119451.96
8808350154753;5;5;17.0;1155591.585
8808350416897;5;5;15.0;763202.25
8808351334401;5;5;9.0;213144.66
8808352022529;5;5;16.0;280065.15
8808352120833;5;5;11.0;185379.93
8808352972801;5;5;15.0;93082.5
8808938733569;5;5;19.0;150101.235
8809139830785;5;5;8.0;121700.52
8809141272577;5;5;20.0;308802.78
8809824878593;5;5;11.0;19017.09
8809825173505;5;5;10.0;35948.43
8809826025473;5;5;5.0;11523.555
8809826975745;5;5;5.0;99713.25
8812346114049;5;5;11.0;61187.4
8812380487681;5;5;17.0;59865.255
8797145563137;4;4;11.0;36796.05
8797154443265;4;4;4.0;36850.995
8797189570561;4;4;4.0;5330.7
8797191438337;4;4;4.0;7288.2
8797226467329;4;4;5.0;5263.65
8797236133889;4;4;8.0;67531.14
8797244358657;4;4;4.0;23096.52
8797247143937;4;4;4.0;6274.98
8797261725697;4;4;10.0;108994.95
8797264543745;4;4;12.0;96645.6
8797265723393;4;4;14.0;170037.0
8797267197953;4;4;8.0;22208.76
8797299113985;4;4;6.0;410741.82
8797303439361;4;4;6.0;24685.515
8797307076609;4;4;6.0;74789.82
8797312483329;4;4;7.0;20886.075
8797313957889;4;4;14.0;46238.22
8797314875393;4;4;13.0;18467.28
8797315465217;4;4;4.0;6658.2
8797326278657;4;4;5.0;14172.75
8797327622145;4;4;4.0;478123.065
8797327753217;4;4;13.0;978029.775
8797327818753;4;4;4.0;163412.775
8797328408577;4;4;13.0;635271.165
8798170087425;4;4;4.0;5860.08
8798191321089;4;4;10.0;116900.055
8798819680257;4;4;7.0;25828.47
8799239110657;4;4;12.0;150330.33
8799377522689;4;4;11.0;136057.815
8799501385729;4;4;7.0;16999.29
8799567544321;4;4;15.0;212917.5
8800161038337;4;4;13.0;188770.275
8800256065537;4;4;11.0;115630.92
8800260882433;4;4;5.0;12124.98
8800262062081;4;4;4.0;7759.035
8800487505921;4;4;4.0;4356.0
8800488751105;4;4;11.0;21058.785
8800489603073;4;4;10.0;22258.35
8801499938817;4;4;6.0;194300.28
8801698971649;4;4;6.0;76701.6
8802712649729;4;4;11.0;25869.195
8803007791105;4;4;11.0;152294.355
8803303882753;4;4;13.0;382713.525
8803304439809;4;4;8.0;105442.74
8803513761793;4;4;10.0;71619.93
8803514908673;4;4;12.0;154175.67
8803514941441;4;4;11.0;147298.5
8803630940161;4;4;8.0;113908.95
8803827646465;4;4;6.0;517535.64
8803859398657;4;4;5.0;670.905
8803859464193;4;4;4.0;849.15
8803897114625;4;4;8.0;66473.28
8803897868289;4;4;13.0;66043.395
8803991617537;4;4;4.0;10065.06
8804189667329;4;4;14.0;298526.76
8804459741185;4;6;20.0;33596.1
8804470718465;4;4;15.0;35632.62
8804477370369;4;4;10.0;16045.38
8804483006465;4;4;11.0;16228.17
8804491919361;4;4;13.0;23017.5
8804496605185;4;4;17.0;59324.4
8804501782529;4;4;26.0;45831.24
8804512792577;4;4;13.0;59748.885
8804522229761;4;4;6.0;8120.88
8804583964673;4;4;12.0;61341.66
8804607393793;4;4;34.0;54551.16
8804618698753;4;4;13.0;21953.835
8804657922049;4;4;18.0;18712.395
8804657987585;4;4;15.0;6948.9
8804658151425;4;4;14.0;6935.265
8804658184193;4;4;9.0;4198.14
8804660772865;4;4;23.0;20109.33
8804777525249;4;4;19.0;71683.83
8805268291585;4;4;7.0;283146.57
8805400444929;4;4;4.0;10634.4
8805400477697;4;4;4.0;47554.74
8805400543233;4;4;10.0;75205.485
8805403328513;4;4;11.0;318994.335
8805403394049;4;4;9.0;195847.605
8805403820033;4;4;8.0;302723.28
8805404999681;4;4;8.0;42984.0
8805408407553;4;4;13.0;109084.95
8805630148609;4;4;14.0;299958.75
8806120456193;4;4;15.0;6626.88
8806120587265;4;4;10.0;88495.2
8806188548097;4;4;14.0;35275.365
8806189301761;4;4;139.0;275275.485
8806221512705;4;4;5.0;88127.01
8806225674241;4;4;9.0;68580.855
8806226460673;4;4;10.0;35364.15
8806227050497;4;4;10.0;42657.885
8806227476481;4;4;13.0;56868.435
8806227738625;4;4;16.0;82151.82
8806228656129;4;4;12.0;7151.085
8806228688897;4;4;9.0;6295.32
8806350848001;4;4;5.0;34950.915
8806481231873;4;4;4.0;69732.0
8806482116609;4;4;4.0;20999.115
8806677381121;4;4;16.0;36608.76
8806713655297;4;4;4.0;52108.47
8806906789889;4;4;39.0;381834.765
8807793459201;4;4;7.0;32570.37
8807828357121;4;4;10.0;79654.725
8807924924417;4;4;4.0;3969.63
8808152367105;4;4;4.0;8798.04
8808283275265;4;4;4.0;17149.185
8808348942337;4;4;6.0;51451.47
8808349532161;4;4;6.0;161690.175
8808350613505;4;4;13.0;4055158.035
8809462956033;4;4;6.0;23928.75
8809823436801;4;4;12.0;64145.7
8809823961089;4;4;9.0;40490.46
8809824223233;4;4;12.0;44053.29
8809825533953;4;4;7.0;124610.13
8809825566721;4;4;6.0;204076.485
8809826877441;4;4;14.0;59413.41
8809827762177;4;4;5.0;67650.975
8809828188161;4;4;9.0;70410.06
8811822022657;4;4;4.0;9471.06
8797147889665;3;3;3.0;3977.505
8797158244353;3;3;8.0;76543.56
8797201563649;3;3;3.0;10393.65
8797209722881;3;3;3.0;8258.535
8797214867457;3;3;3.0;11367.0
8797218537473;3;3;3.0;10164.15
8797220274177;3;3;3.0;3101.49
8797237116929;3;3;6.0;88624.71
8797237411841;3;3;7.0;71553.285
8797237444609;3;3;9.0;122876.19
8797241278465;3;3;3.0;8962.155
8797250912257;3;3;3.0;2698.515
8797281058817;3;3;4.0;15724.44
8797285908481;3;3;4.0;7852.005
8797287186433;3;3;4.0;43450.2
8797297049601;3;3;5.0;19146.6
8797299343361;3;3;3.0;122619.195
8797311565825;3;3;4.0;168442.2
8797311991809;3;3;3.0;2840.67
8797312516097;3;3;4.0;26998.02
8797313138689;3;3;10.0;40207.95
8797320347649;3;3;5.0;7422.75
8797321494529;3;3;4.0;6615.27
8797327851521;3;3;4.0;82407.06
8797327917057;3;3;5.0;212497.425
8797328015361;3;3;3.0;278615.565
8797333094401;3;3;6.0;177099.345
8797578690561;3;3;3.0;25845.48
8797582950401;3;3;3.0;9177.3
8797987635201;3;3;10.0;25574.4
8798170578945;3;3;3.0;9434.745
8798171168769;3;3;5.0;15155.55
8798174740481;3;3;4.0;4450.68
8798179098625;3;3;8.0;2969.28
8798180605953;3;3;5.0;2002.32
8798180638721;3;3;6.0;2406.825
8798180737025;3;3;4.0;948.78
8798181031937;3;3;3.0;1213.515
8798181228545;3;3;3.0;592.38
8798714593281;3;3;4.0;207348.12
8799079989249;3;3;4.0;13017.6
8799080448001;3;3;3.0;20100.42
8799271583745;3;3;3.0;16996.5
8799567085569;3;3;3.0;12794.895
8799567282177;3;3;5.0;7178.4
8799568297985;3;3;4.0;20098.62
8799992610817;3;3;3.0;26398.44
8800059326465;3;3;6.0;83295.0
8800060243969;3;3;3.0;3349.98
8800488423425;3;3;3.0;3693.33
8800489111553;3;3;9.0;1330620.435
8800522797057;3;3;10.0;12690.0
8800523878401;3;3;7.0;27475.245
8801370341377;3;3;6.0;5747.76
8801500233729;3;3;11.0;108894.555
8801991360513;3;3;3.0;3158.19
8802453651457;3;3;3.0;31248.495
8802714025985;3;3;3.0;30148.47
8803007987713;3;3;5.0;76811.085
8803511795713;3;3;4.0;174675.285
8803511992321;3;3;5.0;439509.105
8803512090625;3;3;4.0;132338.88
8803512123393;3;3;3.0;65350.8
8803513499649;3;3;3.0;47634.93
8803515105281;3;3;7.0;60733.935
8803515334657;3;3;8.0;75383.01
8803795075073;3;3;7.0;106703.28
8803795697665;3;3;10.0;40207.95
8804189798401;3;3;5.0;60190.695
8804219584513;3;3;3.0;4911.525
8804411277313;3;3;12.0;27129.645
8804457840641;3;3;14.0;53399.295
8804460986369;3;3;6.0;15019.245
8804461936641;3;3;5.0;10479.69
8804462657537;3;3;3.0;4955.31
8804469899265;3;3;10.0;22214.34
8804475142145;3;4;33.0;87830.19
8804475174913;3;3;16.0;50607.72
8804475797505;3;3;16.0;168546.24
8804477206529;3;3;7.0;11832.795
8804479664129;3;3;4.0;11160.72
8804480057345;3;3;16.0;47282.04
8804492312577;3;3;7.0;82921.365
8804493885441;3;3;3.0;9585.405
8804496932865;3;3;9.0;15478.11
8804497457153;3;3;15.0;151941.87
8804504371201;3;3;21.0;189859.995
8804511973377;3;3;10.0;46121.31
8804522950657;3;3;7.0;11129.715
8804523245569;3;3;8.0;15750.0
8804523900929;3;3;4.0;6930.63
8804530323457;3;3;48.0;175535.64
8804558045185;3;3;18.0;199862.64
8804570202113;3;3;11.0;17896.635
8804588421121;3;3;31.0;114812.01
8804592648193;3;3;9.0;12731.805
8804592680961;3;3;68.0;89764.02
8804597170177;3;3;10.0;18470.7
8804598808577;3;3;6.0;12074.31
8804599300097;3;3;7.0;50615.91
8804599889921;3;3;5.0;27323.415
8804618731521;3;3;9.0;16021.44
8804646125569;3;3;4.0;14833.35
8804658020353;3;3;13.0;16818.48
8804658053121;3;3;13.0;20252.115
8805399166977;3;3;7.0;3496.5
8805401362433;3;3;7.0;61846.605
8805402705921;3;3;3.0;23698.44
8805403197441;3;3;5.0;27497.475
8805403262977;3;3;5.0;43207.65
8805403426817;3;3;9.0;21595.59
8805403525121;3;3;9.0;161074.98
8805405097985;3;3;6.0;29997.0
8805408309249;3;3;8.0;50396.04
8805531615233;3;3;7.0;118484.28
8805632016385;3;3;6.0;26697.015
8805632147457;3;3;9.0;42111.45
8805632245761;3;3;4.0;16515.045
8805632606209;3;3;3.0;2054.205
8805857918977;3;3;3.0;82288.44
8805989416961;3;3;9.0;150583.5
8806159581185;3;3;14.0;27542.115
8806185861121;3;3;62.0;622005.66
8806188285953;3;3;7.0;12958.155
8806188318721;3;3;16.0;33189.3
8806193037313;3;3;20.0;68614.56
8806221479937;3;3;5.0;92810.16
8806225313793;3;3;3.0;73100.745
8806484180993;3;3;5.0;29437.335
8806677250049;3;3;32.0;64925.73
8806714179585;3;3;12.0;303966.0
8807627390977;3;3;7.0;18896.535
8807793328129;3;3;9.0;36114.21
8807793590273;3;3;6.0;16872.03
8807826718721;3;3;5.0;203940.63
8807827668993;3;3;9.0;55039.5
8807828062209;3;3;3.0;28066.5
8807925710849;3;3;3.0;34280.055
8807925809153;3;3;3.0;36706.995
8808184905729;3;3;4.0;22906.98
8808187232257;3;3;8.0;21196.08
8808283865089;3;3;4.0;50055.48
8808284291073;3;3;3.0;9316.62
8808349007873;3;3;8.0;35573.22
8808349597697;3;3;6.0;598067.46
8808938536961;3;3;9.0;78028.425
8809102082049;3;3;3.0;16866.135
8809141141505;3;3;5.0;85862.07
8809234956289;3;3;3.0;3317.31
8809299673089;3;3;4.0;8386.83
8809823928321;3;3;10.0;47040.3
8809824124929;3;3;10.0;45557.28
8809824976897;3;3;5.0;13213.395
8809826942977;3;3;4.0;80384.4
8809827467265;3;3;5.0;93577.05
8809828122625;3;3;12.0;84471.48
8811855020033;3;3;3.0;24720.435
8797146480641;2;2;2.0;7960.59
8797151428609;2;2;6.0;13497.03
8797155196929;2;2;2.0;16658.64
8797158440961;2;2;8.0;68206.68
8797169713153;2;2;4.0;4924.44
8797172498433;2;2;2.0;3314.88
8797178494977;2;2;8.0;22316.4
8797199990785;2;2;3.0;34153.65
8797208739841;2;2;17.0;26091.675
8797230891009;2;2;4.0;32920.2
8797241409537;2;2;3.0;2385.18
8797247242241;2;2;2.0;1618.38
8797252485121;2;2;6.0;25848.18
8797274439681;2;2;2.0;1893.78
8797281812481;2;2;6.0;15060.33
8797284794369;2;2;8.0;256547.7
8797289971713;2;2;5.0;18548.1
8797301211137;2;2;4.0;13048.2
8797302915073;2;2;2.0;6062.22
8797312024577;2;2;2.0;172060.2
8797312253953;2;2;2.0;98616.06
8797315530753;2;2;2.0;8009.1
8797316841473;2;2;8.0;21060.0
8797317726209;2;2;2.0;11197.845
8797319036929;2;2;2.0;4841.1
8797320118273;2;2;4.0;5938.2
8797323853825;2;2;4.0;30582.0
8797324148737;2;2;4.0;4593.78
8797324279809;2;2;5.0;11602.8
8797329522689;2;2;2.0;76844.97
8797576560641;2;2;2.0;22316.4
8797577150465;2;2;3.0;21424.23
8797579902977;2;2;2.0;12596.4
8797580918785;2;2;3.0;33553.89
8797581410305;2;2;2.0;51132.24
8797982425089;2;2;6.0;16656.57
8798174707713;2;2;3.0;534.6
8798180016129;2;2;2.0;172.8
8798181556225;2;2;6.0;1494.18
8799075762177;2;2;3.0;48699.09
8799076253697;2;2;2.0;7099.02
8799079759873;2;2;2.0;6125.76
8799079792641;2;2;2.0;6508.8
8799079858177;2;2;2.0;6700.14
8799080087553;2;2;3.0;8239.32
8799080120321;2;2;2.0;10051.2
8799080382465;2;2;2.0;13017.6
8799080513537;2;2;2.0;11102.4
8799567249409;2;2;2.0;2995.83
8799568396289;2;2;2.0;4785.3
8799568494593;2;2;2.0;5742.72
8799894208513;2;2;3.0;8098.515
8799962431489;2;2;3.0;7107.615
8799992545281;2;2;4.0;72764.1
8800160514049;2;2;3.0;27598.455
8800260587521;2;2;8.0;26798.4
8800262258689;2;2;3.0;6098.49
8800488554497;2;2;10.0;15793.2
8800489078785;2;2;3.0;170524.845
8800616316929;2;2;2.0;2935.89
8800779534337;2;2;2.0;1709.1
8800844742657;2;2;2.0;8044.38
8801075429377;2;2;2.0;11377.8
8801699201025;2;2;5.0;31957.65
8802713763841;2;2;8.0;131004.0
8803511697409;2;2;7.0;174229.875
8803513204737;2;2;2.0;76199.04
8803513794561;2;2;6.0;67905.99
8803514384385;2;2;5.0;69179.355
8803515203585;2;2;2.0;21911.49
8803515236353;2;2;8.0;127349.64
8803515564033;2;2;6.0;80894.61
8803630514177;2;3;5.0;4047.75
8803630612481;2;2;2.0;2699.1
8803795337217;2;2;6.0;80997.03
8803796418561;2;2;5.0;71598.645
8803796844545;2;2;3.0;53955.585
8803797368833;2;2;6.0;54564.3
8803990372353;2;2;4.0;36928.8
8803990700033;2;2;6.0;23406.3
8803991322625;2;2;8.0;89712.18
8803991355393;2;2;8.0;89456.4
8804403347457;2;2;4.0;7615.08
8804411867137;2;2;16.0;38224.8
8804443062273;2;2;5.0;58719.6
8804444536833;2;2;9.0;111591.27
8804456628225;2;2;8.0;26758.62
8804457545729;2;2;3.0;9312.705
8804457611265;2;2;5.0;8507.475
8804457742337;2;2;4.0;10130.94
8804459905025;2;2;8.0;22594.32
8804460134401;2;2;21.0;45030.465
8804462755841;2;2;6.0;67409.685
8804463116289;2;2;5.0;11914.56
8804465115137;2;2;6.0;39495.6
8804470292481;2;2;4.0;14195.925
8804470751233;2;2;3.0;7582.545
8804471439361;2;2;10.0;26313.03
8804473896961;2;2;5.0;100953.585
8804475043841;2;2;6.0;29341.125
8804475699201;2;2;14.0;165791.16
8804475863041;2;2;2.0;5456.52
8804476977153;2;2;2.0;2592.0
8804478517249;2;2;12.0;128407.005
8804483235841;2;2;5.0;11532.645
8804490412033;2;2;12.0;57358.44
8804492214273;2;2;8.0;32607.36
8804493950977;2;2;6.0;22227.3
8804509483009;2;2;8.0;206471.88
8804511744001;2;2;8.0;18178.56
8804522262529;2;2;2.0;2757.42
8804526718977;2;2;12.0;21696.885
8804527046657;2;2;2.0;4229.19
8804527079425;2;2;8.0;18346.86
8804530388993;2;2;8.0;31218.48
8804544249857;2;2;24.0;120594.465
8804554637313;2;2;4.0;6519.06
8804558929921;2;2;10.0;86996.385
8804558995457;2;2;2.0;12462.3
8804570169345;2;2;5.0;6649.875
8804570693633;2;2;5.0;29722.725
8804578787329;2;2;48.0;66307.5
8804579180545;2;2;5.0;7890.165
8804579213313;2;2;16.0;24279.075
8804581638145;2;2;14.0;57271.32
8804583899137;2;2;5.0;18490.68
8804593991681;2;2;4.0;20299.815
8804596056065;2;2;2.0;23853.87
8804596383745;2;2;5.0;7826.625
8804599660545;2;2;7.0;74538.0
8804603527169;2;2;4.0;97534.215
8804620795905;2;2;3.0;31657.23
8804627120129;2;2;3.0;3726.405
8804628103169;2;2;3.0;30334.095
8804643602433;2;2;10.0;188694.9
8804643864577;2;2;5.0;2273.94
8804644552705;2;2;6.0;64929.78
8804655169537;2;2;22.0;220067.82
8804657496065;2;2;3.0;5437.08
8804657954817;2;2;2.0;1901.7
8804658216961;2;2;3.0;2399.985
8804744265729;2;2;3.0;29537.73
8804777656321;2;2;4.0;15661.62
8805401690113;2;2;3.0;248214.375
8805401919489;2;2;2.0;73124.01
8805401952257;2;2;4.0;188179.74
8805402378241;2;2;3.0;38248.47
8805403688961;2;2;4.0;71998.02
8805405360129;2;2;2.0;23010.3
8805407784961;2;2;3.0;34096.5
8805530304513;2;2;6.0;11977.83
8805530730497;2;2;12.0;20446.65
8805531320321;2;2;3.0;4948.74
8805597380609;2;2;6.0;21965.22
8805630214145;2;2;8.0;98668.71
8805631688705;2;2;2.0;28890.99
8805632212993;2;2;5.0;26332.65
8805632278529;2;2;5.0;30174.75
8805632868353;2;2;240.0;2985120.0
8805830131713;2;2;16.0;59702.58
8805858213889;2;3;30.0;126202.05
8806154633217;2;2;4.0;70978.59
8806154731521;2;2;7.0;56278.26
8806155616257;2;3;19.0;334999.8
8806185893889;2;2;8.0;28561.95
8806185926657;2;2;9.0;55463.805
8806187859969;2;2;28.0;74666.52
8806189236225;2;2;9.0;18707.175
8806191431681;2;2;8.0;15105.33
8806192906241;2;2;11.0;109998.315
8806225477633;2;2;2.0;94736.79
8806225739777;2;2;3.0;27612.09
8806225870849;2;2;3.0;34157.565
8806226493441;2;2;2.0;30680.82
8806227902465;2;2;6.0;141019.56
8806415925249;2;2;8.0;65211.48
8806711918593;2;2;2.0;18400.5
8806712016897;2;2;2.0;25995.96
8806714146817;2;2;3.0;28641.15
8806906658817;2;2;6.0;25572.96
8806906822657;2;2;12.0;50894.01
8807828291585;2;2;8.0;105615.9
8807924334593;2;2;2.0;1749.195
8808053768193;2;2;10.0;37286.55
8808250114049;2;2;18.0;27736.065
8808284749825;2;2;5.0;161077.05
8808348516353;2;2;8.0;21268.8
8808348581889;2;2;2.0;7876.53
8808348745729;2;2;2.0;4399.02
8808348909569;2;2;2.0;40908.06
8808350220289;2;2;3.0;188691.66
8808352055297;2;2;2.0;24339.915
8809101983745;2;2;2.0;9984.78
8809134784513;2;2;8.0;98988.66
8809135276033;2;2;5.0;16233.3
8809136947201;2;2;3.0;23535.36
8809823535105;2;2;8.0;52563.96
8809823797249;2;2;6.0;26997.03
8809823830017;2;2;8.0;40127.76
8809823993857;2;2;3.0;16985.97
8809824059393;2;2;5.0;17128.125
8809824256001;2;2;5.0;21106.8
8809824747521;2;2;4.0;7713.9
8809824911361;2;2;3.0;5214.375
8809826156545;2;2;2.0;5184.27
8809826385921;2;2;2.0;8896.68
8809826582529;2;2;2.0;10533.06
8811133960193;2;2;2.0;16874.01
8811723390977;2;2;2.0;15863.805
8811854626817;2;2;2.0;7413.75
8812380749825;2;2;8.0;61563.96
8812381011969;2;2;2.0;12987.63
8797143433217;1;1;1.0;1420.56
8797143826433;1;1;1.0;977.085
8797145825281;1;1;1.0;1183.725
8797147201537;1;1;1.0;3541.05
8797147365377;1;1;1.0;1278.495
8797150904321;1;1;1.0;1484.55
8797151756289;1;1;4.0;6478.2
8797154902017;1;1;4.0;6440.22
8797162340353;1;1;2.0;6156.99
8797164994561;1;1;2.0;2367.45
8797178986497;1;1;1.0;2384.55
8797188784129;1;1;1.0;4004.55
8797189963777;1;1;1.0;1866.555
8797194649601;1;1;1.0;6430.5
8797195632641;1;1;1.0;4495.5
8797196845057;1;1;2.0;8616.06
8797199237121;1;1;2.0;7199.28
8797200351233;1;1;1.0;2584.62
8797201498113;1;1;1.0;2024.55
8797203365889;1;1;1.0;4068.675
8797204414465;1;1;2.0;3158.64
8797215031297;1;1;1.0;994.275
8797215358977;1;1;1.0;2536.74
8797215686657;1;1;1.0;1325.565
8797221978113;1;1;1.0;1799.505
8797222895617;1;1;1.0;3779.55
8797226139649;1;1;1.0;1004.85
8797226532865;1;1;4.0;10338.48
8797226860545;1;1;1.0;3694.05
8797227646977;1;1;2.0;2105.46
8797245603841;1;1;1.0;3563.55
8797247864833;1;1;2.0;1952.1
8797256482817;1;1;4.0;7540.2
8797261627393;1;1;1.0;3014.55
8797262675969;1;1;1.0;2742.165
8797263101953;1;1;1.0;2557.44
8797271228417;1;1;1.0;3877.2
8797275652097;1;1;1.0;967.05
8797276110849;1;1;1.0;2536.74
8797279289345;1;1;6.0;18897.03
8797283352577;1;1;2.0;6914.88
8797285023745;1;1;1.0;34499.52
8797285613569;1;1;1.0;2049.48
8797286498305;1;1;4.0;10229.76
8797288759297;1;1;4.0;17548.2
8797292134401;1;1;2.0;6318.18
8797294526465;1;1;1.0;2178.495
8797295280129;1;1;1.0;2131.11
8797297278977;1;1;1.0;2294.55
8797301669889;1;1;1.0;2564.55
8797303111681;1;1;2.0;12599.01
8797303734273;1;1;1.0;1231.11
8797304913921;1;1;2.0;1988.55
8797307731969;1;1;1.0;1349.55
8797308256257;1;1;1.0;2983.725
8797309140993;1;1;2.0;166882.05
8797309501441;1;1;1.0;2557.44
8797313630209;1;1;1.0;1914.435
8797314220033;1;1;2.0;2178.0
8797314646017;1;1;4.0;3977.1
8797314940929;1;1;1.0;1484.55
8797314973697;1;1;1.0;1318.05
8797316415489;1;1;2.0;2339.1
8797319921665;1;1;1.0;4025.835
8797320151041;1;1;4.0;5938.2
8797321232385;1;1;1.0;1722.915
8797322051585;1;1;1.0;1325.835
8797322248193;1;1;1.0;15851.745
8797325787137;1;1;1.0;78999.48
8797326606337;1;1;2.0;3059.1
8797326671873;1;1;1.0;1849.5
8797327884289;1;1;1.0;84254.85
8797329457153;1;1;1.0;155300.625
8797333159937;1;1;1.0;2924.55
8797575708673;1;1;1.0;10348.2
8797576855553;1;1;1.0;6566.22
8797576921089;1;1;1.0;8232.12
8797577183233;1;1;1.0;8998.02
8797579575297;1;1;1.0;15102.0
8797582000129;1;1;1.0;9448.2
8797582360577;1;1;1.0;5938.2
8797582721025;1;1;1.0;3421.44
8797582852097;1;1;1.0;16274.7
8797583015937;1;1;1.0;2225.16
8797928095745;1;1;2.0;269.1
8797928456193;1;1;1.0;269.55
8797928488961;1;1;4.0;628.2
8797981671425;1;1;1.0;359.55
8797983375361;1;1;2.0;3254.4
8797984555009;1;1;1.0;1325.565
8797987700737;1;1;2.0;5209.56
8797988159489;1;1;4.0;6629.76
8797988945921;1;1;1.0;1949.985
8798172446721;1;1;2.0;6535.89
8798175723521;1;1;1.0;405.45
8798176149505;1;1;1.0;156.15
8798177689601;1;1;1.0;271.98
8798178967553;1;1;1.0;1795.5
8798180081665;1;1;1.0;149.805
8798180212737;1;1;1.0;212.985
8798180966401;1;1;1.0;784.935
8798181130241;1;1;2.0;532.17
8798181654529;1;1;4.0;2368.98
8798182473729;1;1;1.0;114.48
8798191288321;1;1;4.0;5113.98
8798649057281;1;1;1.0;6074.55
8798714724353;1;1;1.0;1840.41
8798846156801;1;1;1.0;1325.835
8799076515841;1;1;1.0;648.0
8799079890945;1;1;1.0;2679.93
8799079923713;1;1;1.0;2775.6
8799080054785;1;1;1.0;4259.7
8799080153089;1;1;1.0;4116.06
8799080644609;1;1;1.0;8519.4
8799080808449;1;1;1.0;9955.62
8799380176897;1;1;1.0;2213.1
8799380242433;1;1;1.0;2150.1
8799456100353;1;1;1.0;11201.67
8799568527361;1;1;1.0;3062.88
8799568560129;1;1;1.0;4785.3
8799568691201;1;1;1.0;5742.72
8799862489089;1;1;4.0;31640.22
8799992643585;1;1;1.0;7815.33
8800160382977;1;1;1.0;9845.01
8800161103873;1;1;2.0;45472.77
8800261177345;1;1;1.0;2441.025
8800385990657;1;1;1.0;3829.32
8800386482177;1;1;1.0;669.735
8800451362817;1;1;1.0;84999.51
8800488030209;1;1;4.0;5113.98
8800488718337;1;1;1.0;2131.11
8800489340929;1;1;1.0;1420.56
8800489537537;1;1;1.0;2225.835
8800521977857;1;1;4.0;6125.76
8800522240001;1;1;2.0;2803.23
8800522600449;1;1;4.0;6891.66
8800522862593;1;1;4.0;6440.22
8800523190273;1;1;1.0;1957.05
8800617168897;1;1;4.0;6508.8
8800681787393;1;1;1.0;75681.315
8800713703425;1;1;4.0;8998.02
8800877510657;1;1;1.0;4930.38
8801075331073;1;1;1.0;3169.575
8801075396609;1;1;1.0;5455.62
8801075625985;1;1;1.0;2883.96
8801075789825;1;1;1.0;9330.345
8801075920897;1;1;1.0;4142.475
8801075953665;1;1;1.0;4932.675
8801141194753;1;1;4.0;6125.76
8801237991425;1;1;1.0;14999.49
8801370374145;1;1;4.0;6508.8
8801895251969;1;1;4.0;14168.34
8802453946369;1;1;1.0;499.5
8802713370625;1;1;4.0;54816.12
8802714058753;1;1;2.0;24253.02
8803011133441;1;1;1.0;7949.52
8803012378625;1;1;4.0;34797.96
8803236511745;1;1;1.0;14580.0
8803304079361;1;1;4.0;7178.94
8803305684993;1;1;1.0;4192.65
8803499114497;1;1;1.0;39972.915
8803512582145;1;1;2.0;167999.04
8803515269121;1;1;4.0;55998.0
8803515465729;1;1;2.0;27099.0
8803794419713;1;1;1.0;8945.01
8803795402753;1;1;4.0;33998.04
8803796025345;1;1;1.0;8519.94
8803897311233;1;1;1.0;2198.34
8803991191553;1;1;4.0;42838.2
8803992731649;1;1;1.0;181.485
8804219682817;1;1;1.0;3545.01
8804386209793;1;1;1.0;1183.725
8804387454977;1;1;4.0;11533.68
8804387520513;1;1;4.0;13528.44
8804389289985;1;1;2.0;3846.42
8804402561025;1;1;4.0;10556.82
8804403511297;1;1;2.0;2715.21
8804403544065;1;1;4.0;7015.86
8804411473921;1;1;2.0;5951.115
8804420812801;1;1;2.0;27930.69
8804432281601;1;1;1.0;47168.415
8804435034113;1;1;1.0;1304.55
8804435492865;1;1;1.0;2690.46
8804435656705;1;1;1.0;1978.2
8804442341377;1;2;6.0;11717.55
8804447518721;1;1;2.0;6924.69
8804457775105;1;1;3.0;5647.365
8804459610113;1;1;4.0;7119.99
8804459642881;1;1;6.0;14881.77
8804459773953;1;1;1.0;2023.29
8804460036097;1;1;2.0;6308.865
8804461117441;1;1;1.0;3097.215
8804461477889;1;1;36.0;471847.68
8804462624769;1;1;4.0;14264.1
8804462854145;1;1;2.0;4616.91
8804462952449;1;1;1.0;1843.065
8804463017985;1;1;4.0;8476.65
8804463247361;1;1;10.0;66041.82
8804464852993;1;1;5.0;28664.55
8804464984065;1;1;10.0;83790.0
8804465049601;1;1;1.0;3312.0
8804468359169;1;1;1.0;2488.905
8804468490241;1;1;2.0;8349.75
8804469506049;1;1;4.0;9137.61
8804470358017;1;1;1.0;1670.31
8804470882305;1;1;1.0;6270.795
8804470915073;1;1;1.0;7036.74
8804471767041;1;1;4.0;10243.98
8804471865345;1;1;3.0;9917.145
8804473765889;1;1;2.0;6536.88
8804473864193;1;1;1.0;6079.32
8804474421249;1;1;1.0;2557.935
8804474552321;1;1;2.0;5625.27
8804474585089;1;1;22.0;50460.705
8804475109377;1;1;2.0;9419.985
8804475273217;1;1;1.0;3829.32
8804475568129;1;1;2.0;5580.45
8804475633665;1;1;1.0;13310.415
8804475928577;1;1;4.0;17869.86
8804476649473;1;1;2.0;20732.94
8804478025729;1;1;4.0;14724.54
8804478812161;1;1;4.0;122551.2
8804478877697;1;1;1.0;20460.6
8804479008769;1;1;2.0;22561.02
8804479074305;1;1;1.0;33327.0
8804479533057;1;1;2.0;5867.28
8804479598593;1;1;2.0;4353.57
8804483104769;1;1;4.0;11645.46
8804483170305;1;1;2.0;3145.365
8804485365761;1;1;2.0;5244.21
8804485955585;1;1;1.0;4786.74
8804489166849;1;1;1.0;1800.765
8804491755521;1;1;4.0;10733.76
8804492247041;1;1;2.0;8032.95
8804492738561;1;1;1.0;11946.195
8804492804097;1;1;2.0;17636.85
8804494016513;1;1;2.0;7983.99
8804494868481;1;1;5.0;303162.075
8804495654913;1;1;2.0;19434.06
8804495687681;1;1;1.0;3591.0
8804495851521;1;1;1.0;3221.955
8804496179201;1;1;1.0;2097.0
8804496310273;1;1;2.0;12159.585
8804496637953;1;1;4.0;25156.98
8804504109057;1;1;1.0;1430.955
8804504436737;1;1;1.0;3087.0
8804509777921;1;1;4.0;6365.79
8804522196993;1;1;1.0;1278.0
8804522295297;1;1;1.0;4768.875
8804522328065;1;1;2.0;2857.905
8804522557441;1;1;1.0;2616.705
8804522655745;1;1;2.0;5454.0
8804522754049;1;1;2.0;3096.765
8804522885121;1;1;4.0;13814.82
8804523835393;1;1;1.0;2766.06
8804523933697;1;1;1.0;1559.205
8804525998081;1;1;1.0;4387.185
8804526784513;1;1;4.0;7214.535
8804526882817;1;1;1.0;2070.675
8804526981121;1;1;4.0;8665.92
8804530421761;1;1;2.0;7433.46
8804543430657;1;1;4.0;1260.0
8804557553665;1;1;2.0;908.64
8804559028225;1;1;1.0;3961.035
8804562239489;1;1;4.0;21146.4
8804565680129;1;1;2.0;9573.48
8804569972737;1;1;1.0;505.89
8804570005505;1;1;10.0;5795.1
8804572364801;1;1;1.0;10255.5
8804576821249;1;1;20.0;170564.4
8804579311617;1;1;4.0;6435.945
8804584259585;1;1;2.0;7677.99
8804588584961;1;1;2.0;8226.18
8804591304705;1;1;1.0;19330.38
8804591534081;1;1;4.0;10006.92
8804592549889;1;1;12.0;111780.0
8804592975873;1;1;1.0;4337.55
8804593926145;1;1;1.0;2749.905
8804593958913;1;1;2.0;7011.0
8804594221057;1;1;1.0;2660.265
8804595630081;1;1;1.0;1305.0
8804595662849;1;1;2.0;25200.0
8804595695617;1;1;4.0;6396.435
8804595728385;1;1;12.0;20494.17
8804595892225;1;1;1.0;13391.19
8804596285441;1;1;4.0;7259.535
8804596318209;1;1;10.0;16248.6
8804596580353;1;1;8.0;14540.22
8804596613121;1;1;1.0;1663.11
8804596678657;1;1;2.0;3411.0
8804596711425;1;1;1.0;3397.5
8804596744193;1;2;22.0;49054.95
8804596776961;1;1;1.0;4139.595
8804596842497;1;1;4.0;10399.455
8804597104641;1;1;1.0;2564.01
8804597137409;1;1;2.0;3094.65
8804597465089;1;1;4.0;5220.0
8804597497857;1;1;3.0;8710.605
8804597694465;1;1;1.0;2430.0
8804598218753;1;1;1.0;3913.335
8804598480897;1;1;4.0;17289.0
8804598775809;1;1;1.0;3829.32
8804599595009;1;1;8.0;81558.0
8804599627777;1;1;1.0;2708.73
8804599791617;1;1;1.0;1464.21
8804599857153;1;1;1.0;1368.81
8804603396097;1;1;4.0;44075.385
8804603789313;1;1;1.0;1453.275
8804605952001;1;1;4.0;65527.2
8804607328257;1;1;4.0;8458.38
8804607655937;1;1;12.0;21266.37
8804607688705;1;1;2.0;2568.375
8804608311297;1;1;4.0;9011.475
8804608802817;1;1;1.0;12298.77
8804608999425;1;1;2.0;28426.5
8804622303233;1;1;40.0;57587.04
8804623220737;1;1;16.0;27758.115
8804623613953;1;1;1.0;3791.925
8804626890753;1;1;4.0;95145.39
8804627808257;1;1;2.0;17691.255
8804628234241;1;1;4.0;6835.14
8804628627457;1;1;2.0;4433.31
8804629053441;1;1;4.0;7399.26
8804629413889;1;1;4.0;32978.7
8804641603585;1;1;4.0;37746.9
8804641865729;1;1;4.0;31740.48
8804642127873;1;1;8.0;124155.0
8804643241985;1;1;2.0;5709.96
8804646027265;1;2;54.0;209321.82
8804654678017;1;1;1.0;1302.03
8804658315265;1;1;4.0;42023.7
8804658446337;1;1;1.0;3600.0
8804658511873;1;1;1.0;17851.815
8804660019201;1;1;2.0;3792.735
8804744200193;1;1;4.0;12180.78
8804744560641;1;1;2.0;5919.93
8804744855553;1;1;3.0;13271.67
8804744921089;1;1;2.0;17135.28
8804745150465;1;1;1.0;7219.08
8804777623553;1;1;2.0;7830.54
8804777689089;1;1;1.0;4063.5
8804778541057;1;1;2.0;43182.0
8805400281089;1;1;1.0;6799.5
8805400412161;1;1;1.0;5499.495
8805400838145;1;1;1.0;8283.6
8805401264129;1;1;2.0;10430.82
8805401657345;1;1;1.0;19999.485
8805402181633;1;1;1.0;4049.505
8805402673153;1;1;1.0;46022.22
8805403230209;1;1;2.0;12898.98
8805403590657;1;1;1.0;22499.505
8805403721729;1;1;1.0;12399.48
8805405261825;1;1;1.0;6007.995
8805531189249;1;1;1.0;1561.185
8805533712385;1;1;8.0;17290.71
8805630803969;1;1;4.0;34940.34
8805631655937;1;1;4.0;32740.74
8805632540673;1;1;1.0;574.515
8805632671745;1;1;4.0;36597.96
8805830033409;1;1;4.0;12139.56
8805830164481;1;1;4.0;12752.46
8805858246657;1;1;2.0;25270.02
8806155157505;1;1;2.0;38734.74
8806155747329;1;1;2.0;9261.0
8806159417345;1;1;2.0;3235.5
8806159646721;1;1;4.0;8994.78
8806159712257;1;1;4.0;8464.5
8806159810561;1;1;8.0;85068.0
8806186647553;1;1;1.0;1771.065
8806187827201;1;1;2.0;7342.065
8806187925505;1;1;4.0;12148.65
8806188187649;1;1;4.0;8417.25
8806188220417;1;1;2.0;3181.14
8806188679169;1;1;10.0;16212.78
8806191955969;1;1;6.0;27382.59
8806192807937;1;1;30.0;262670.85
8806192971777;1;1;1.0;11054.475
8806221643777;1;1;1.0;16976.745
8806221742081;1;1;1.0;46022.22
8806221774849;1;1;1.0;8181.315
8806221905921;1;1;2.0;42442.2
8806221938689;1;1;2.0;61362.63
8806227247105;1;1;4.0;19598.04
8806227673089;1;1;3.0;77998.545
8806227935233;1;1;1.0;1554.075
8806351273985;1;1;4.0;9051.3
8806351798273;1;1;8.0;15054.84
8806448037889;1;1;4.0;9233.82
8806448103425;1;1;4.0;8873.82
8806448201729;1;1;2.0;3266.55
8806448267265;1;1;12.0;18616.5
8806448398337;1;1;2.0;5756.805
8806514196481;1;1;4.0;14891.76
8806612926465;1;1;1.0;2415.735
8806613221377;1;1;2.0;6345.99
8806677348353;1;1;4.0;7379.82
8806714015745;1;1;1.0;11597.94
8806906527745;1;1;2.0;9730.8
8807037861889;1;1;1.0;5035.5
8807464271873;1;1;2.0;35999.01
8807955464193;1;1;4.0;188009.82
8808187330561;1;1;1.0;2699.505
8808191754241;1;1;1.0;4501.71
8808283176961;1;1;1.0;4294.935
8808283701249;1;1;1.0;8743.86
8808284028929;1;1;1.0;3673.08
8808284979201;1;1;1.0;52772.04
8808315781121;1;1;8.0;89472.6
8808349073409;1;1;1.0;17948.34
8808349138945;1;1;2.0;93987.63
8808349401089;1;1;4.0;555748.02
8808350285825;1;1;1.0;86499.495
8808350646273;1;1;1.0;39579.03
8808351531009;1;1;2.0;5999.04
8808351760385;1;1;2.0;11964.87
8808938143745;1;1;2.0;11044.44
8809037824001;1;1;8.0;25164.0
8809037889537;1;1;1.0;2930.175
8809038053377;1;1;4.0;12395.025
8809138159617;1;1;1.0;10024.515
8809140224001;1;1;2.0;30578.49
8809140322305;1;1;4.0;50213.88
8809141370881;1;1;1.0;18025.065
8809141534721;1;1;2.0;30374.01
8809397616641;1;1;4.0;35204.4
8809629941761;1;1;4.0;15532.56
8809630662657;1;1;4.0;10997.64
8809822912513;1;1;1.0;23829.03
8809823567873;1;1;4.0;16797.96
8809823731713;1;1;2.0;8692.2
8809824092161;1;1;1.0;3783.6
8809824321537;1;1;4.0;21956.22
8809825239041;1;1;2.0;10580.67
8809825271809;1;1;3.0;20848.455
8809825304577;1;1;2.0;9817.2
8809825730561;1;1;6.0;77622.03
8809825927169;1;1;1.0;102267.63
8809826123777;1;1;1.0;1932.525
8809826320385;1;1;1.0;6705.045
8809826418689;1;1;4.0;25156.98
8809826648065;1;1;1.0;8209.485
8809826779137;1;1;1.0;3837.285
8809827729409;1;1;1.0;13018.86
8809827926017;1;1;2.0;31478.58
8809828941825;1;1;4.0;4088.7
8811429134337;1;1;1.0;4243.815
8811592908801;1;1;1.0;3834.72
8811625086977;1;1;1.0;715.41
8811756158977;1;1;4.0;35691.12
8811822153729;1;1;1.0;1955.52
8812411715585;1;1;1.0;13294.935
