produto_id;carrinhos;registros_itens;unidades;valor_itens;carrinhos_anterior;variacao_absoluta;variacao_percentual;mes_atual;mes_anterior
8800160153601;2803.0;2803.0;7781.0;11032618.59;960.0;1843.0;1.9197916666666666;2022-07;2022-06
8800160186369;1915.0;1915.0;5180.0;7895112.255;573.0;1342.0;2.3420593368237346;2022-07;2022-06
8799375851521;1357.0;1357.0;3965.0;6996133.575;52.0;1305.0;25.096153846153847;2022-07;2022-06
8808349663233;1679.0;1679.0;4903.0;7308188.865;397.0;1282.0;3.229219143576826;2022-07;2022-06
8800160284673;1100.0;1100.0;3065.0;4493269.845;222.0;878.0;3.954954954954955;2022-07;2022-06
8804122394625;1393.0;1393.0;4142.0;5516754.3;649.0;744.0;1.1463790446841293;2022-07;2022-06
8802941698049;1758.0;1758.0;4714.0;7163923.275;1028.0;730.0;0.7101167315175098;2022-07;2022-06
8808349696001;808.0;808.0;2361.0;3832785.585;83.0;725.0;8.734939759036145;2022-07;2022-06
8797234200577;2340.0;2340.0;6833.0;12769264.71;1623.0;717.0;0.4417744916820702;2022-07;2022-06
8797231382529;1060.0;1060.0;3022.0;6104254.095;352.0;708.0;2.0113636363636362;2022-07;2022-06
8804122361857;2169.0;2169.0;5811.0;7849017.675;1470.0;699.0;0.47551020408163264;2022-07;2022-06
8800160120833;1531.0;1531.0;4010.0;5617387.17;844.0;687.0;0.8139810426540285;2022-07;2022-06
8806712508417;1045.0;1045.0;1087.0;5782090.095;378.0;667.0;1.7645502645502646;2022-07;2022-06
8800160645121;1055.0;1055.0;2977.0;4756683.105;405.0;650.0;1.6049382716049383;2022-07;2022-06
8810874339329;1150.0;1150.0;3789.0;9307794.6;517.0;633.0;1.2243713733075434;2022-07;2022-06
8798976704513;601.0;601.0;1884.0;3837886.155;26.0;575.0;22.115384615384617;2022-07;2022-06
8802910109697;782.0;782.0;2233.0;5730169.455;250.0;532.0;2.128;2022-07;2022-06
8806415695873;655.0;655.0;1904.0;3289752.81;131.0;524.0;4.0;2022-07;2022-06
8798714560513;1500.0;1500.0;4514.0;10215939.24;992.0;508.0;0.5120967741935484;2022-07;2022-06
8797239410689;513.0;513.0;1727.0;1778135.13;11.0;502.0;45.63636363636363;2022-07;2022-06
8797204676609;760.0;760.0;2359.0;5729351.535;276.0;484.0;1.7536231884057971;2022-07;2022-06
8801372110849;1333.0;1333.0;3649.0;5550225.57;866.0;467.0;0.5392609699769053;2022-07;2022-06
8797203038209;792.0;792.0;2446.0;10759798.26;352.0;440.0;1.25;2022-07;2022-06
8797987602433;422.0;422.0;1276.0;3044727.135;6.0;416.0;69.33333333333333;2022-07;2022-06
8804188651521;693.0;693.0;725.0;796312.26;284.0;409.0;1.4401408450704225;2022-07;2022-06
8804189503489;486.0;486.0;518.0;438350.22;93.0;393.0;4.225806451612903;2022-07;2022-06
8797305208833;657.0;657.0;1952.0;3352118.67;282.0;375.0;1.3297872340425532;2022-07;2022-06
8800160546817;721.0;721.0;2050.0;3423790.935;377.0;344.0;0.9124668435013262;2022-07;2022-06
8808349630465;490.0;490.0;1335.0;1890720.225;154.0;336.0;2.1818181818181817;2022-07;2022-06
8797207592961;638.0;638.0;1643.0;6148809.27;309.0;329.0;1.064724919093851;2022-07;2022-06
8798172151809;329.0;329.0;1016.0;2151381.96;12.0;317.0;26.416666666666668;2022-07;2022-06
8797982883841;439.0;439.0;1401.0;2677177.755;134.0;305.0;2.2761194029850746;2022-07;2022-06
8797983014913;323.0;323.0;1048.0;1796661.855;19.0;304.0;16.0;2022-07;2022-06
8806712770561;579.0;579.0;604.0;3002814.045;308.0;271.0;0.8798701298701299;2022-07;2022-06
8804219518977;842.0;842.0;2426.0;5529240.0;573.0;269.0;0.4694589877835951;2022-07;2022-06
8797988552705;276.0;276.0;865.0;2027959.695;10.0;266.0;26.6;2022-07;2022-06
8809828319233;381.0;381.0;1138.0;1613195.64;122.0;259.0;2.122950819672131;2022-07;2022-06
8805407326209;911.0;911.0;2457.0;3075773.445;665.0;246.0;0.3699248120300752;2022-07;2022-06
8802941566977;298.0;298.0;792.0;1924894.17;66.0;232.0;3.515151515151515;2022-07;2022-06
8806483460097;290.0;290.0;865.0;1276992.765;58.0;232.0;4.0;2022-07;2022-06
8797982916609;332.0;332.0;1019.0;1806898.59;102.0;230.0;2.2549019607843137;2022-07;2022-06
8808353202177;352.0;352.0;884.0;7666297.605;126.0;226.0;1.7936507936507937;2022-07;2022-06
8797301604353;514.0;514.0;1657.0;5252576.76;295.0;219.0;0.7423728813559322;2022-07;2022-06
8797233610753;226.0;226.0;576.0;924697.89;9.0;217.0;24.11111111111111;2022-07;2022-06
8797576757249;419.0;419.0;431.0;2833896.42;220.0;199.0;0.9045454545454545;2022-07;2022-06
8797582327809;200.0;200.0;202.0;1299463.56;2.0;198.0;99.0;2022-07;2022-06
8797146415105;220.0;220.0;584.0;979307.82;29.0;191.0;6.586206896551724;2022-07;2022-06
8803897442305;447.0;447.0;1179.0;3957764.22;257.0;190.0;0.7392996108949417;2022-07;2022-06
8803139354625;199.0;199.0;613.0;1054865.925;13.0;186.0;14.307692307692308;2022-07;2022-06
8810511007745;644.0;644.0;2086.0;2916946.98;458.0;186.0;0.40611353711790393;2022-07;2022-06
8797986291713;224.0;224.0;257.0;151484.94;41.0;183.0;4.463414634146342;2022-07;2022-06
8812280479745;193.0;193.0;666.0;2452730.4;12.0;181.0;15.083333333333334;2022-07;2022-06
8797289644033;692.0;692.0;2169.0;5720601.15;513.0;179.0;0.3489278752436647;2022-07;2022-06
8805827313665;222.0;222.0;227.0;215458.875;48.0;174.0;3.625;2022-07;2022-06
8811690655745;179.0;179.0;585.0;1425395.07;7.0;172.0;24.571428571428573;2022-07;2022-06
8797201825793;379.0;379.0;1079.0;2394985.68;208.0;171.0;0.8221153846153846;2022-07;2022-06
8799372312577;296.0;296.0;910.0;1964879.145;125.0;171.0;1.368;2022-07;2022-06
8801895022593;235.0;235.0;555.0;979136.865;66.0;169.0;2.5606060606060606;2022-07;2022-06
8799375949825;262.0;262.0;677.0;1698269.31;95.0;167.0;1.7578947368421052;2022-07;2022-06
8803803037697;191.0;191.0;197.0;244405.575;24.0;167.0;6.958333333333333;2022-07;2022-06
8797310255105;1114.0;1114.0;3653.0;9511727.805;948.0;166.0;0.1751054852320675;2022-07;2022-06
8807627522049;284.0;284.0;728.0;1638401.985;119.0;165.0;1.3865546218487395;2022-07;2022-06
8810874470401;263.0;263.0;805.0;2006877.42;102.0;161.0;1.5784313725490196;2022-07;2022-06
8797151494145;941.0;941.0;2287.0;4141307.25;790.0;151.0;0.1911392405063291;2022-07;2022-06
8803728228353;856.0;856.0;859.0;587556.675;706.0;150.0;0.21246458923512748;2022-07;2022-06
8803171139585;159.0;159.0;486.0;970110.495;10.0;149.0;14.9;2022-07;2022-06
8803793633281;433.0;433.0;1286.0;2404939.05;284.0;149.0;0.5246478873239436;2022-07;2022-06
8797225811969;506.0;506.0;1302.0;2134221.03;363.0;143.0;0.3939393939393939;2022-07;2022-06
8800060604417;164.0;164.0;172.0;234088.065;21.0;143.0;6.809523809523809;2022-07;2022-06
8803171008513;156.0;156.0;470.0;748901.655;13.0;143.0;11.0;2022-07;2022-06
8804057284609;148.0;148.0;155.0;1123416.18;6.0;142.0;23.666666666666668;2022-07;2022-06
8797253107713;178.0;178.0;481.0;1139070.33;37.0;141.0;3.810810810810811;2022-07;2022-06
8802909585409;759.0;759.0;2148.0;2908042.38;618.0;141.0;0.22815533980582525;2022-07;2022-06
8800522567681;195.0;195.0;596.0;1230846.075;57.0;138.0;2.4210526315789473;2022-07;2022-06
8805334056961;149.0;149.0;465.0;998634.555;11.0;138.0;12.545454545454545;2022-07;2022-06
8800522960897;140.0;140.0;322.0;522736.47;3.0;137.0;45.666666666666664;2022-07;2022-06
8797985603585;197.0;197.0;216.0;284280.39;61.0;136.0;2.2295081967213113;2022-07;2022-06
8797245177857;141.0;141.0;171.0;246065.445;6.0;135.0;22.5;2022-07;2022-06
8803897802753;135.0;135.0;398.0;749213.46;1.0;134.0;134.0;2022-07;2022-06
8797982294017;136.0;136.0;397.0;601674.93;3.0;133.0;44.333333333333336;2022-07;2022-06
8806612205569;492.0;492.0;1658.0;7503076.44;360.0;132.0;0.36666666666666664;2022-07;2022-06
8805406670849;133.0;133.0;341.0;957456.495;2.0;131.0;65.5;2022-07;2022-06
8800160579585;746.0;746.0;1845.0;2620934.865;618.0;128.0;0.20711974110032363;2022-07;2022-06
8802712682497;215.0;215.0;655.0;1227513.24;88.0;127.0;1.4431818181818181;2022-07;2022-06
8801370603521;133.0;133.0;229.0;312637.77;8.0;125.0;15.625;2022-07;2022-06
8797220864001;185.0;185.0;185.0;307669.77;61.0;124.0;2.0327868852459017;2022-07;2022-06
8797290692609;232.0;232.0;735.0;2900699.64;108.0;124.0;1.1481481481481481;2022-07;2022-06
8800617857025;158.0;158.0;162.0;195077.205;36.0;122.0;3.388888888888889;2022-07;2022-06
8804189339649;981.0;981.0;2860.0;3802296.87;859.0;122.0;0.1420256111757858;2022-07;2022-06
8803728654337;1309.0;1309.0;1312.0;1159752.6;1191.0;118.0;0.09907640638119228;2022-07;2022-06
8797220470785;615.0;615.0;1692.0;2946432.24;498.0;117.0;0.23493975903614459;2022-07;2022-06
8797986652161;207.0;207.0;239.0;180971.01;90.0;117.0;1.3;2022-07;2022-06
8797187571713;259.0;259.0;789.0;1669899.465;145.0;114.0;0.7862068965517242;2022-07;2022-06
8797245505537;202.0;202.0;535.0;1230738.435;89.0;113.0;1.2696629213483146;2022-07;2022-06
8797246619649;286.0;286.0;686.0;1005409.395;173.0;113.0;0.653179190751445;2022-07;2022-06
8803897901057;229.0;229.0;588.0;2437120.26;116.0;113.0;0.9741379310344828;2022-07;2022-06
8797321986049;166.0;166.0;490.0;4688701.155;55.0;111.0;2.018181818181818;2022-07;2022-06
8799403212801;488.0;488.0;1315.0;3345681.735;377.0;111.0;0.29442970822281167;2022-07;2022-06
8806712410113;418.0;418.0;427.0;2591710.65;309.0;109.0;0.35275080906148865;2022-07;2022-06
8810874372097;156.0;156.0;503.0;1796100.93;48.0;108.0;2.25;2022-07;2022-06
8806712049665;346.0;346.0;349.0;1898708.04;240.0;106.0;0.44166666666666665;2022-07;2022-06
8797177839617;112.0;112.0;321.0;1360339.38;8.0;104.0;13.0;2022-07;2022-06
8797580525569;109.0;109.0;114.0;1065906.945;6.0;103.0;17.166666666666668;2022-07;2022-06
8799403016193;167.0;167.0;343.0;1399527.36;64.0;103.0;1.609375;2022-07;2022-06
8803794288641;363.0;363.0;1055.0;1767629.745;261.0;102.0;0.39080459770114945;2022-07;2022-06
8797577052161;158.0;158.0;161.0;1551145.14;57.0;101.0;1.7719298245614035;2022-07;2022-06
8797581967361;162.0;162.0;169.0;1556739.09;62.0;100.0;1.6129032258064515;2022-07;2022-06
8807827996673;162.0;162.0;491.0;1225389.825;64.0;98.0;1.53125;2022-07;2022-06
8797283713025;344.0;344.0;972.0;2612830.725;247.0;97.0;0.39271255060728744;2022-07;2022-06
8803794223105;301.0;301.0;829.0;1511221.77;204.0;97.0;0.47549019607843135;2022-07;2022-06
8803797696513;159.0;159.0;447.0;998376.435;68.0;91.0;1.338235294117647;2022-07;2022-06
8797186883585;358.0;358.0;981.0;2128310.865;268.0;90.0;0.3358208955223881;2022-07;2022-06
8799402819585;201.0;201.0;650.0;3244508.82;111.0;90.0;0.8108108108108109;2022-07;2022-06
8804189175809;124.0;124.0;387.0;1004300.415;36.0;88.0;2.4444444444444446;2022-07;2022-06
8797148381185;97.0;97.0;231.0;545215.77;11.0;86.0;7.818181818181818;2022-07;2022-06
8801173012481;306.0;306.0;838.0;1193274.36;220.0;86.0;0.39090909090909093;2022-07;2022-06
8801895055361;375.0;375.0;899.0;1285111.485;290.0;85.0;0.29310344827586204;2022-07;2022-06
8801895383041;398.0;398.0;1138.0;2117901.285;313.0;85.0;0.2715654952076677;2022-07;2022-06
8797271982081;139.0;139.0;343.0;1288467.27;55.0;84.0;1.5272727272727273;2022-07;2022-06
8799763529729;86.0;86.0;304.0;726280.965;2.0;84.0;42.0;2022-07;2022-06
8800160874497;87.0;87.0;87.0;138210.3;3.0;84.0;28.0;2022-07;2022-06
8806482477057;92.0;92.0;259.0;435118.005;8.0;84.0;10.5;2022-07;2022-06
8797187342337;263.0;263.0;667.0;2104223.805;180.0;83.0;0.46111111111111114;2022-07;2022-06
8797230006273;159.0;159.0;429.0;1149259.86;76.0;83.0;1.0921052631578947;2022-07;2022-06
8803794354177;257.0;257.0;745.0;1283259.285;175.0;82.0;0.4685714285714286;2022-07;2022-06
8803992010753;91.0;91.0;91.0;392273.55;9.0;82.0;9.11111111111111;2022-07;2022-06
8804122492929;83.0;83.0;261.0;472258.035;1.0;82.0;82.0;2022-07;2022-06
8805405818881;192.0;192.0;204.0;337790.25;110.0;82.0;0.7454545454545455;2022-07;2022-06
8802941665281;172.0;172.0;458.0;1136250.27;91.0;81.0;0.8901098901098901;2022-07;2022-06
8797275193345;85.0;85.0;147.0;277383.735;5.0;80.0;16.0;2022-07;2022-06
8801373257729;100.0;100.0;321.0;1574488.935;20.0;80.0;4.0;2022-07;2022-06
8799375654913;244.0;244.0;690.0;1425391.965;165.0;79.0;0.47878787878787876;2022-07;2022-06
8800255770625;230.0;230.0;739.0;2634561.36;152.0;78.0;0.5131578947368421;2022-07;2022-06
8797238460417;236.0;236.0;701.0;3249318.825;161.0;75.0;0.4658385093167702;2022-07;2022-06
8797234397185;155.0;155.0;429.0;2003488.605;81.0;74.0;0.9135802469135802;2022-07;2022-06
8797266739201;78.0;78.0;78.0;129779.37;4.0;74.0;18.5;2022-07;2022-06
8800615956481;134.0;134.0;148.0;190187.64;60.0;74.0;1.2333333333333334;2022-07;2022-06
8801634353153;123.0;123.0;353.0;1003272.48;49.0;74.0;1.510204081632653;2022-07;2022-06
8804057415681;120.0;120.0;124.0;1287396.99;46.0;74.0;1.608695652173913;2022-07;2022-06
8797208215553;74.0;74.0;129.0;250855.29;1.0;73.0;73.0;2022-07;2022-06
8797988290561;76.0;76.0;221.0;419204.295;3.0;73.0;24.333333333333332;2022-07;2022-06
8797301178369;74.0;74.0;151.0;260098.2;2.0;72.0;36.0;2022-07;2022-06
8797145333761;72.0;72.0;154.0;378365.31;1.0;71.0;71.0;2022-07;2022-06
8797249011713;74.0;74.0;74.0;202126.275;3.0;71.0;23.666666666666668;2022-07;2022-06
8797182099457;83.0;83.0;194.0;817656.255;13.0;70.0;5.384615384615385;2022-07;2022-06
8797985570817;85.0;85.0;90.0;109155.87;15.0;70.0;4.666666666666667;2022-07;2022-06
8797149134849;124.0;124.0;377.0;1082899.575;55.0;69.0;1.2545454545454546;2022-07;2022-06
8805630967809;186.0;186.0;226.0;102826.53;117.0;69.0;0.5897435897435898;2022-07;2022-06
8803826499585;143.0;143.0;416.0;1058233.32;75.0;68.0;0.9066666666666666;2022-07;2022-06
8797272539137;69.0;69.0;246.0;879628.68;2.0;67.0;33.5;2022-07;2022-06
8801699627009;272.0;272.0;788.0;1244889.315;205.0;67.0;0.32682926829268294;2022-07;2022-06
8797982228481;70.0;70.0;71.0;152078.265;4.0;66.0;16.5;2022-07;2022-06
8801699364865;227.0;227.0;652.0;1289531.61;161.0;66.0;0.40993788819875776;2022-07;2022-06
8803992666113;82.0;82.0;243.0;1037982.15;16.0;66.0;4.125;2022-07;2022-06
8803303358465;73.0;73.0;182.0;402300.27;8.0;65.0;8.125;2022-07;2022-06
8797329293313;111.0;111.0;188.0;335583.72;47.0;64.0;1.3617021276595744;2022-07;2022-06
8806712115201;252.0;252.0;256.0;1557278.91;188.0;64.0;0.3404255319148936;2022-07;2022-06
8797187637249;95.0;95.0;96.0;355238.64;32.0;63.0;1.96875;2022-07;2022-06
8797985374209;176.0;176.0;212.0;255175.425;113.0;63.0;0.5575221238938053;2022-07;2022-06
8799960367105;240.0;240.0;759.0;1641588.255;178.0;62.0;0.34831460674157305;2022-07;2022-06
8803793862657;154.0;154.0;455.0;900246.06;92.0;62.0;0.6739130434782609;2022-07;2022-06
8807825113089;436.0;436.0;466.0;513618.975;375.0;61.0;0.16266666666666665;2022-07;2022-06
8797151395841;65.0;65.0;150.0;339664.185;5.0;60.0;12.0;2022-07;2022-06
8797252157441;60.0;60.0;189.0;933637.185;0.0;60.0;;2022-07;2022-06
8797312090113;65.0;65.0;65.0;105000.39;5.0;60.0;12.0;2022-07;2022-06
8797575839745;154.0;154.0;159.0;932393.16;94.0;60.0;0.6382978723404256;2022-07;2022-06
8797986062337;144.0;144.0;167.0;103645.44;84.0;60.0;0.7142857142857143;2022-07;2022-06
8801894629377;64.0;64.0;181.0;495789.84;4.0;60.0;15.0;2022-07;2022-06
8803303194625;336.0;336.0;864.0;1524851.37;276.0;60.0;0.21739130434782608;2022-07;2022-06
8807662845953;68.0;68.0;185.0;633850.2;8.0;60.0;7.5;2022-07;2022-06
8797252354049;142.0;142.0;417.0;2011126.32;83.0;59.0;0.7108433734939759;2022-07;2022-06
8801894924289;116.0;116.0;334.0;633034.08;57.0;59.0;1.0350877192982457;2022-07;2022-06
8803303424001;95.0;95.0;95.0;214615.53;36.0;59.0;1.6388888888888888;2022-07;2022-06
8801371815937;99.0;99.0;305.0;854231.445;41.0;58.0;1.4146341463414633;2022-07;2022-06
8801698119681;121.0;121.0;367.0;786421.26;63.0;58.0;0.9206349206349206;2022-07;2022-06
8805530861569;68.0;68.0;206.0;344207.79;10.0;58.0;5.8;2022-07;2022-06
8801664499713;83.0;83.0;257.0;638731.62;26.0;57.0;2.1923076923076925;2022-07;2022-06
8805530599425;60.0;60.0;182.0;296776.035;3.0;57.0;19.0;2022-07;2022-06
8806224232449;62.0;62.0;154.0;281399.58;5.0;57.0;11.4;2022-07;2022-06
8806481625089;58.0;58.0;58.0;108735.57;1.0;57.0;57.0;2022-07;2022-06
8810350739457;217.0;217.0;628.0;1147197.69;161.0;56.0;0.34782608695652173;2022-07;2022-06
8811592646657;58.0;58.0;62.0;89190.27;2.0;56.0;28.0;2022-07;2022-06
8797230956545;85.0;85.0;116.0;189986.85;30.0;55.0;1.8333333333333333;2022-07;2022-06
8797986160641;81.0;81.0;90.0;54617.4;26.0;55.0;2.1153846153846154;2022-07;2022-06
8805333827585;77.0;77.0;78.0;198541.62;22.0;55.0;2.5;2022-07;2022-06
8797153099777;321.0;321.0;818.0;3211348.32;267.0;54.0;0.20224719101123595;2022-07;2022-06
8797186457601;120.0;120.0;282.0;681617.7;66.0;54.0;0.8181818181818182;2022-07;2022-06
8797986914305;156.0;156.0;163.0;161992.125;102.0;54.0;0.5294117647058824;2022-07;2022-06
8801141096449;547.0;547.0;1654.0;3120157.26;493.0;54.0;0.10953346855983773;2022-07;2022-06
8801894891521;56.0;56.0;56.0;198648.405;2.0;54.0;27.0;2022-07;2022-06
8805827215361;215.0;215.0;223.0;214729.785;161.0;54.0;0.33540372670807456;2022-07;2022-06
8807824293889;139.0;139.0;177.0;84740.445;85.0;54.0;0.6352941176470588;2022-07;2022-06
8797257826305;180.0;180.0;489.0;942973.02;127.0;53.0;0.41732283464566927;2022-07;2022-06
8799763824641;331.0;331.0;1039.0;3507762.105;278.0;53.0;0.1906474820143885;2022-07;2022-06
8806483263489;74.0;74.0;239.0;608288.85;21.0;53.0;2.5238095238095237;2022-07;2022-06
8797196353537;178.0;178.0;424.0;2671453.755;126.0;52.0;0.4126984126984127;2022-07;2022-06
8808283471873;129.0;129.0;398.0;1458526.95;77.0;52.0;0.6753246753246753;2022-07;2022-06
8797253763073;105.0;105.0;355.0;1082419.29;54.0;51.0;0.9444444444444444;2022-07;2022-06
8799961743361;54.0;54.0;187.0;876089.52;3.0;51.0;17.0;2022-07;2022-06
8800681066497;176.0;176.0;544.0;2220098.31;125.0;51.0;0.408;2022-07;2022-06
8806546735105;96.0;96.0;222.0;408136.68;45.0;51.0;1.1333333333333333;2022-07;2022-06
8811035754497;88.0;88.0;281.0;937673.73;37.0;51.0;1.3783783783783783;2022-07;2022-06
8797271523329;909.0;909.0;2384.0;7228290.285;859.0;50.0;0.05820721769499418;2022-07;2022-06
8804060037121;159.0;159.0;162.0;1147601.385;109.0;50.0;0.45871559633027525;2022-07;2022-06
8805630345217;170.0;170.0;622.0;1606650.03;120.0;50.0;0.4166666666666667;2022-07;2022-06
8805407424513;232.0;232.0;656.0;1577817.0;183.0;49.0;0.2677595628415301;2022-07;2022-06
8807827406849;93.0;93.0;265.0;901534.5;44.0;49.0;1.1136363636363635;2022-07;2022-06
8797987045377;120.0;120.0;126.0;134393.31;72.0;48.0;0.6666666666666666;2022-07;2022-06
8800616972289;50.0;50.0;142.0;323728.92;2.0;48.0;24.0;2022-07;2022-06
8803728719873;358.0;358.0;359.0;389870.55;310.0;48.0;0.15483870967741936;2022-07;2022-06
8804188520449;258.0;258.0;272.0;357402.78;210.0;48.0;0.22857142857142856;2022-07;2022-06
8811789058049;48.0;48.0;51.0;49942.935;0.0;48.0;;2022-07;2022-06
8797289742337;50.0;50.0;151.0;398651.58;3.0;47.0;15.666666666666666;2022-07;2022-06
8797292658689;61.0;61.0;73.0;276982.515;14.0;47.0;3.357142857142857;2022-07;2022-06
8801237663745;149.0;149.0;437.0;685182.24;102.0;47.0;0.46078431372549017;2022-07;2022-06
8801699561473;54.0;54.0;142.0;570405.51;7.0;47.0;6.714285714285714;2022-07;2022-06
8804192714753;131.0;131.0;383.0;990262.62;84.0;47.0;0.5595238095238095;2022-07;2022-06
8805826428929;142.0;142.0;143.0;174185.64;95.0;47.0;0.49473684210526314;2022-07;2022-06
8806711263233;51.0;51.0;52.0;506168.37;4.0;47.0;11.75;2022-07;2022-06
8801372831745;52.0;52.0;111.0;281564.19;6.0;46.0;7.666666666666667;2022-07;2022-06
8805406998529;49.0;49.0;136.0;375172.74;3.0;46.0;15.333333333333334;2022-07;2022-06
8806546178049;46.0;46.0;143.0;294197.265;0.0;46.0;;2022-07;2022-06
8807306330113;53.0;53.0;156.0;1139773.815;7.0;46.0;6.571428571428571;2022-07;2022-06
8808191393793;123.0;123.0;330.0;1342564.74;77.0;46.0;0.5974025974025974;2022-07;2022-06
8797258842113;55.0;55.0;136.0;617273.64;10.0;45.0;4.5;2022-07;2022-06
8810874306561;57.0;57.0;187.0;799249.365;12.0;45.0;3.75;2022-07;2022-06
8797201956865;103.0;103.0;257.0;1038034.845;59.0;44.0;0.7457627118644068;2022-07;2022-06
8797982654465;53.0;53.0;88.0;154614.33;9.0;44.0;4.888888888888889;2022-07;2022-06
8800522469377;97.0;97.0;285.0;572750.595;53.0;44.0;0.8301886792452831;2022-07;2022-06
8801371160577;136.0;136.0;409.0;688873.23;92.0;44.0;0.4782608695652174;2022-07;2022-06
8797147463681;44.0;44.0;122.0;449162.55;2.0;42.0;21.0;2022-07;2022-06
8797222305793;60.0;60.0;139.0;523037.7;18.0;42.0;2.3333333333333335;2022-07;2022-06
8797273423873;113.0;113.0;195.0;315456.48;71.0;42.0;0.5915492957746479;2022-07;2022-06
8797982031873;45.0;45.0;69.0;102415.23;3.0;42.0;14.0;2022-07;2022-06
8802941599745;137.0;137.0;390.0;748117.89;95.0;42.0;0.4421052631578947;2022-07;2022-06
8803040034817;180.0;180.0;519.0;1173965.985;138.0;42.0;0.30434782608695654;2022-07;2022-06
8804192976897;64.0;64.0;185.0;502131.6;22.0;42.0;1.9090909090909092;2022-07;2022-06
8811756290049;45.0;45.0;141.0;444317.67;3.0;42.0;14.0;2022-07;2022-06
8797582557185;45.0;45.0;46.0;531924.345;4.0;41.0;10.25;2022-07;2022-06
8802712518657;73.0;73.0;197.0;391190.22;32.0;41.0;1.28125;2022-07;2022-06
8802712616961;45.0;45.0;142.0;380195.37;4.0;41.0;10.25;2022-07;2022-06
8805826920449;88.0;88.0;96.0;77241.285;47.0;41.0;0.8723404255319149;2022-07;2022-06
8805827969025;108.0;108.0;109.0;109633.905;67.0;41.0;0.6119402985074627;2022-07;2022-06
8812380880897;41.0;41.0;132.0;1010074.41;0.0;41.0;;2022-07;2022-06
8797229744129;42.0;42.0;44.0;139226.31;2.0;40.0;20.0;2022-07;2022-06
8801141391361;123.0;123.0;388.0;1494054.54;83.0;40.0;0.4819277108433735;2022-07;2022-06
8801373356033;79.0;79.0;212.0;965579.67;39.0;40.0;1.0256410256410255;2022-07;2022-06
8803728752641;150.0;150.0;150.0;123688.125;110.0;40.0;0.36363636363636365;2022-07;2022-06
8805408014337;89.0;89.0;102.0;138236.175;49.0;40.0;0.8163265306122449;2022-07;2022-06
8805597151233;47.0;47.0;108.0;203434.335;7.0;40.0;5.714285714285714;2022-07;2022-06
8797244588033;62.0;62.0;62.0;278313.66;23.0;39.0;1.6956521739130435;2022-07;2022-06
8797244817409;78.0;78.0;79.0;122957.64;39.0;39.0;1.0;2022-07;2022-06
8797286400001;188.0;188.0;651.0;4126236.975;149.0;39.0;0.26174496644295303;2022-07;2022-06
8797300293633;58.0;58.0;174.0;447071.31;19.0;39.0;2.0526315789473686;2022-07;2022-06
8804189306881;165.0;165.0;167.0;135354.285;126.0;39.0;0.30952380952380953;2022-07;2022-06
8805989122049;43.0;43.0;101.0;184360.14;4.0;39.0;9.75;2022-07;2022-06
8806482444289;74.0;74.0;209.0;475355.745;35.0;39.0;1.1142857142857143;2022-07;2022-06
8809828286465;52.0;52.0;113.0;207496.35;13.0;39.0;3.0;2022-07;2022-06
8797312319489;60.0;60.0;151.0;372797.775;22.0;38.0;1.7272727272727273;2022-07;2022-06
8797312385025;218.0;218.0;637.0;1780974.225;180.0;38.0;0.2111111111111111;2022-07;2022-06
8799960268801;132.0;132.0;389.0;982657.35;94.0;38.0;0.40425531914893614;2022-07;2022-06
8803728687105;171.0;171.0;173.0;140329.8;133.0;38.0;0.2857142857142857;2022-07;2022-06
8805828263937;72.0;72.0;84.0;58289.94;34.0;38.0;1.1176470588235294;2022-07;2022-06
8808152465409;38.0;38.0;38.0;112005.315;0.0;38.0;;2022-07;2022-06
8797251502081;282.0;282.0;960.0;5712926.985;245.0;37.0;0.1510204081632653;2022-07;2022-06
8797326868481;175.0;175.0;184.0;195960.195;138.0;37.0;0.26811594202898553;2022-07;2022-06
8799436898305;69.0;69.0;69.0;203567.49;32.0;37.0;1.15625;2022-07;2022-06
8801894825985;179.0;179.0;623.0;1052333.775;142.0;37.0;0.2605633802816901;2022-07;2022-06
8797261660161;154.0;154.0;402.0;1906816.815;118.0;36.0;0.3050847457627119;2022-07;2022-06
8803237036033;52.0;52.0;200.0;794833.47;16.0;36.0;2.25;2022-07;2022-06
8805632475137;45.0;45.0;111.0;208636.02;9.0;36.0;4.0;2022-07;2022-06
8806713491457;61.0;61.0;61.0;590404.455;25.0;36.0;1.44;2022-07;2022-06
8810874437633;79.0;79.0;261.0;932910.12;43.0;36.0;0.8372093023255814;2022-07;2022-06
8797263429633;74.0;74.0;225.0;436556.79;39.0;35.0;0.8974358974358975;2022-07;2022-06
8804192911361;35.0;35.0;35.0;52407.18;0.0;35.0;;2022-07;2022-06
8807824588801;514.0;514.0;526.0;426005.64;479.0;35.0;0.07306889352818371;2022-07;2022-06
8807924072449;103.0;103.0;107.0;194392.935;68.0;35.0;0.5147058823529411;2022-07;2022-06
8811723620353;36.0;36.0;75.0;240106.455;1.0;35.0;35.0;2022-07;2022-06
8797164699649;266.0;266.0;739.0;1235460.465;232.0;34.0;0.14655172413793102;2022-07;2022-06
8797199532033;86.0;86.0;218.0;660547.44;52.0;34.0;0.6538461538461539;2022-07;2022-06
8797986422785;51.0;51.0;52.0;58727.07;17.0;34.0;2.0;2022-07;2022-06
8800521945089;54.0;54.0;134.0;405312.075;20.0;34.0;1.7;2022-07;2022-06
8805827510273;43.0;43.0;46.0;27976.995;9.0;34.0;3.7777777777777777;2022-07;2022-06
8811821760513;38.0;38.0;132.0;402322.68;4.0;34.0;8.5;2022-07;2022-06
8797298884609;113.0;113.0;351.0;1019695.05;80.0;33.0;0.4125;2022-07;2022-06
8797258088449;47.0;47.0;125.0;441295.605;15.0;32.0;2.1333333333333333;2022-07;2022-06
8797578395649;97.0;97.0;98.0;1458230.175;65.0;32.0;0.49230769230769234;2022-07;2022-06
8797982818305;149.0;149.0;356.0;739369.575;117.0;32.0;0.27350427350427353;2022-07;2022-06
8803304636417;48.0;48.0;170.0;608077.26;16.0;32.0;2.0;2022-07;2022-06
8809825009665;32.0;32.0;68.0;155451.195;0.0;32.0;;2022-07;2022-06
8797223649281;50.0;50.0;143.0;531039.15;19.0;31.0;1.631578947368421;2022-07;2022-06
8797226631169;50.0;50.0;52.0;110281.59;19.0;31.0;1.631578947368421;2022-07;2022-06
8797258711041;32.0;32.0;118.0;487770.93;1.0;31.0;31.0;2022-07;2022-06
8801372798977;31.0;31.0;108.0;304289.1;0.0;31.0;;2022-07;2022-06
8802712420353;34.0;34.0;105.0;217692.36;3.0;31.0;10.333333333333334;2022-07;2022-06
8805890850817;35.0;35.0;77.0;282657.285;4.0;31.0;7.75;2022-07;2022-06
8809235578881;39.0;39.0;40.0;40582.305;8.0;31.0;3.875;2022-07;2022-06
8797284040705;82.0;82.0;178.0;1653359.31;52.0;30.0;0.5769230769230769;2022-07;2022-06
8797576626177;35.0;35.0;35.0;337613.085;5.0;30.0;6.0;2022-07;2022-06
8797577871361;37.0;37.0;38.0;222365.475;7.0;30.0;4.285714285714286;2022-07;2022-06
8798171496449;32.0;32.0;52.0;587745.675;2.0;30.0;15.0;2022-07;2022-06
8800647872513;41.0;41.0;114.0;427966.92;11.0;30.0;2.727272727272727;2022-07;2022-06
8801894858753;30.0;30.0;30.0;106873.92;0.0;30.0;;2022-07;2022-06
8803991748609;31.0;31.0;31.0;48993.93;1.0;30.0;30.0;2022-07;2022-06
8805827117057;122.0;122.0;143.0;86769.81;92.0;30.0;0.32608695652173914;2022-07;2022-06
8811919998977;31.0;31.0;113.0;521192.25;1.0;30.0;30.0;2022-07;2022-06
8797985996801;59.0;59.0;74.0;45248.085;30.0;29.0;0.9666666666666667;2022-07;2022-06
8801173176321;56.0;56.0;162.0;368790.57;27.0;29.0;1.0740740740740742;2022-07;2022-06
8801895677953;30.0;30.0;73.0;189008.1;1.0;29.0;29.0;2022-07;2022-06
8803896590337;32.0;32.0;84.0;568192.32;3.0;29.0;9.666666666666666;2022-07;2022-06
8806711558145;29.0;29.0;30.0;334881.225;0.0;29.0;;2022-07;2022-06
8809828581377;70.0;70.0;188.0;1020266.73;41.0;29.0;0.7073170731707317;2022-07;2022-06
8797151625217;278.0;278.0;744.0;1674983.565;250.0;28.0;0.112;2022-07;2022-06
8797157818369;28.0;28.0;52.0;455365.8;0.0;28.0;;2022-07;2022-06
8797218832385;36.0;36.0;36.0;128150.37;8.0;28.0;3.5;2022-07;2022-06
8797301833729;29.0;29.0;63.0;755839.8;1.0;28.0;28.0;2022-07;2022-06
8800059686913;30.0;30.0;30.0;206604.315;2.0;28.0;14.0;2022-07;2022-06
8803859791873;28.0;28.0;61.0;78036.345;0.0;28.0;;2022-07;2022-06
8805826527233;67.0;67.0;67.0;64383.93;39.0;28.0;0.717948717948718;2022-07;2022-06
8807824752641;622.0;622.0;654.0;853151.49;594.0;28.0;0.04713804713804714;2022-07;2022-06
8799568625665;27.0;27.0;28.0;187925.76;0.0;27.0;;2022-07;2022-06
8801894989825;27.0;27.0;83.0;151659.0;0.0;27.0;;2022-07;2022-06
8805533548545;32.0;32.0;79.0;173633.94;5.0;27.0;5.4;2022-07;2022-06
8806546112513;33.0;33.0;91.0;153518.22;6.0;27.0;4.5;2022-07;2022-06
8806713360385;27.0;27.0;27.0;296320.995;0.0;27.0;;2022-07;2022-06
8807827210241;206.0;206.0;474.0;857577.87;179.0;27.0;0.15083798882681565;2022-07;2022-06
8807987838977;58.0;58.0;143.0;595877.805;31.0;27.0;0.8709677419354839;2022-07;2022-06
8808352448513;44.0;44.0;91.0;22594.635;17.0;27.0;1.588235294117647;2022-07;2022-06
8797151592449;165.0;165.0;360.0;1303561.35;139.0;26.0;0.18705035971223022;2022-07;2022-06
8797155065857;31.0;31.0;35.0;342003.105;5.0;26.0;5.2;2022-07;2022-06
8797186523137;85.0;85.0;200.0;884873.79;59.0;26.0;0.4406779661016949;2022-07;2022-06
8797263003649;81.0;81.0;171.0;569222.55;55.0;26.0;0.4727272727272727;2022-07;2022-06
8797292822529;48.0;48.0;140.0;795981.735;22.0;26.0;1.1818181818181819;2022-07;2022-06
8797322674177;60.0;60.0;143.0;776056.545;34.0;26.0;0.7647058823529411;2022-07;2022-06
8797986881537;78.0;78.0;84.0;63951.75;52.0;26.0;0.5;2022-07;2022-06
8797988454401;28.0;28.0;85.0;193916.835;2.0;26.0;13.0;2022-07;2022-06
8801533689857;189.0;189.0;531.0;1115188.695;163.0;26.0;0.15950920245398773;2022-07;2022-06
8801894793217;59.0;59.0;140.0;229867.155;33.0;26.0;0.7878787878787878;2022-07;2022-06
8801991589889;51.0;51.0;114.0;272717.775;25.0;26.0;1.04;2022-07;2022-06
8805402771457;27.0;27.0;78.0;229173.21;1.0;26.0;26.0;2022-07;2022-06
8809824845825;27.0;27.0;56.0;86576.4;1.0;26.0;26.0;2022-07;2022-06
8811657854977;26.0;26.0;26.0;71897.265;0.0;26.0;;2022-07;2022-06
8797183344641;37.0;37.0;87.0;576546.84;12.0;25.0;2.0833333333333335;2022-07;2022-06
8797319331841;31.0;31.0;34.0;82798.335;6.0;25.0;4.166666666666667;2022-07;2022-06
8798190960641;259.0;259.0;795.0;1830796.245;234.0;25.0;0.10683760683760683;2022-07;2022-06
8806711296001;25.0;25.0;25.0;248695.56;0.0;25.0;;2022-07;2022-06
8797327163393;68.0;68.0;86.0;56268.315;44.0;24.0;0.5454545454545454;2022-07;2022-06
8797332766721;27.0;27.0;82.0;396086.22;3.0;24.0;8.0;2022-07;2022-06
8797575348225;25.0;25.0;26.0;451948.32;1.0;24.0;24.0;2022-07;2022-06
8797985243137;47.0;47.0;49.0;66647.79;23.0;24.0;1.0434782608695652;2022-07;2022-06
8804188454913;322.0;322.0;329.0;500107.095;298.0;24.0;0.08053691275167785;2022-07;2022-06
8805629624321;114.0;114.0;379.0;593179.83;90.0;24.0;0.26666666666666666;2022-07;2022-06
8806711459841;25.0;25.0;26.0;285056.055;1.0;24.0;24.0;2022-07;2022-06
8797189046273;23.0;23.0;23.0;52534.305;0.0;23.0;;2022-07;2022-06
8797310910465;27.0;27.0;78.0;265899.24;4.0;23.0;5.75;2022-07;2022-06
8799375753217;397.0;397.0;1157.0;2467255.995;374.0;23.0;0.06149732620320856;2022-07;2022-06
8805407227905;25.0;25.0;45.0;137890.89;2.0;23.0;11.5;2022-07;2022-06
8806483918849;104.0;104.0;315.0;583917.93;81.0;23.0;0.2839506172839506;2022-07;2022-06
8809824583681;24.0;24.0;54.0;30155.805;1.0;23.0;23.0;2022-07;2022-06
8809825042433;23.0;23.0;51.0;140044.365;0.0;23.0;;2022-07;2022-06
8811821891585;24.0;24.0;25.0;92497.545;1.0;23.0;23.0;2022-07;2022-06
8797153263617;151.0;151.0;429.0;1300818.015;129.0;22.0;0.17054263565891473;2022-07;2022-06
8797231448065;66.0;66.0;180.0;419904.135;44.0;22.0;0.5;2022-07;2022-06
8797258317825;23.0;23.0;69.0;153326.745;1.0;22.0;22.0;2022-07;2022-06
8801565704193;42.0;42.0;129.0;291599.595;20.0;22.0;1.1;2022-07;2022-06
8802712485889;41.0;41.0;46.0;84566.88;19.0;22.0;1.1578947368421053;2022-07;2022-06
8803828301825;33.0;33.0;34.0;36010.755;11.0;22.0;2.0;2022-07;2022-06
8803990929409;26.0;26.0;93.0;444915.99;4.0;22.0;5.5;2022-07;2022-06
8805533450241;30.0;30.0;79.0;152609.76;8.0;22.0;2.75;2022-07;2022-06
8806481592321;34.0;34.0;34.0;50921.415;12.0;22.0;1.8333333333333333;2022-07;2022-06
8806711427073;46.0;46.0;46.0;464329.35;24.0;22.0;0.9166666666666666;2022-07;2022-06
8809825075201;22.0;22.0;47.0;160846.065;0.0;22.0;;2022-07;2022-06
8811592482817;25.0;25.0;25.0;26468.73;3.0;22.0;7.333333333333333;2022-07;2022-06
8797153853441;21.0;21.0;60.0;331272.27;0.0;21.0;;2022-07;2022-06
8797173874689;71.0;71.0;205.0;413973.81;50.0;21.0;0.42;2022-07;2022-06
8797192093697;23.0;23.0;39.0;76652.91;2.0;21.0;10.5;2022-07;2022-06
8797214900225;23.0;23.0;23.0;98221.86;2.0;21.0;10.5;2022-07;2022-06
8797215227905;26.0;26.0;26.0;90526.41;5.0;21.0;4.2;2022-07;2022-06
8797273849857;54.0;54.0;159.0;1132152.21;33.0;21.0;0.6363636363636364;2022-07;2022-06
8797292068865;51.0;51.0;55.0;141384.33;30.0;21.0;0.7;2022-07;2022-06
8797296459777;35.0;35.0;90.0;562817.7;14.0;21.0;1.5;2022-07;2022-06
8797307469825;238.0;238.0;705.0;2676668.58;217.0;21.0;0.0967741935483871;2022-07;2022-06
8797580165121;59.0;59.0;62.0;1192918.95;38.0;21.0;0.5526315789473685;2022-07;2022-06
8797985701889;37.0;37.0;47.0;28651.41;16.0;21.0;1.3125;2022-07;2022-06
8800617365505;76.0;76.0;85.0;94571.145;55.0;21.0;0.38181818181818183;2022-07;2022-06
8803797434369;170.0;170.0;439.0;1621934.955;149.0;21.0;0.14093959731543623;2022-07;2022-06
8803990994945;58.0;58.0;172.0;436272.12;37.0;21.0;0.5675675675675675;2022-07;2022-06
8805827018753;135.0;135.0;171.0;112277.43;114.0;21.0;0.18421052631578946;2022-07;2022-06
8806612566017;22.0;22.0;32.0;90748.305;1.0;21.0;21.0;2022-07;2022-06
8809235677185;96.0;96.0;107.0;81114.75;75.0;21.0;0.28;2022-07;2022-06
8797188882433;21.0;21.0;22.0;55118.43;1.0;20.0;20.0;2022-07;2022-06
8797193961473;55.0;55.0;162.0;872143.2;35.0;20.0;0.5714285714285714;2022-07;2022-06
8797253599233;33.0;33.0;127.0;724080.24;13.0;20.0;1.5384615384615385;2022-07;2022-06
8797258907649;26.0;26.0;52.0;135952.38;6.0;20.0;3.3333333333333335;2022-07;2022-06
8797278076929;21.0;21.0;73.0;381436.785;1.0;20.0;20.0;2022-07;2022-06
8797580034049;32.0;32.0;33.0;496408.32;12.0;20.0;1.6666666666666667;2022-07;2022-06
8797986750465;76.0;76.0;92.0;70260.3;56.0;20.0;0.35714285714285715;2022-07;2022-06
8800060145665;54.0;54.0;55.0;55823.625;34.0;20.0;0.5882352941176471;2022-07;2022-06
8801373192193;24.0;24.0;86.0;476958.51;4.0;20.0;5.0;2022-07;2022-06
8802712551425;24.0;24.0;55.0;131919.84;4.0;20.0;5.0;2022-07;2022-06
8805630902273;55.0;55.0;165.0;312684.93;35.0;20.0;0.5714285714285714;2022-07;2022-06
8807824097281;130.0;130.0;134.0;108347.4;110.0;20.0;0.18181818181818182;2022-07;2022-06
8808352808961;39.0;39.0;69.0;19436.04;19.0;20.0;1.0526315789473684;2022-07;2022-06
8809823043585;23.0;23.0;38.0;83820.87;3.0;20.0;6.666666666666667;2022-07;2022-06
8809986949121;29.0;29.0;73.0;274632.075;9.0;20.0;2.2222222222222223;2022-07;2022-06
8810874404865;41.0;41.0;129.0;342043.47;21.0;20.0;0.9523809523809523;2022-07;2022-06
8797182853121;164.0;164.0;424.0;1366487.28;145.0;19.0;0.1310344827586207;2022-07;2022-06
8797229350913;59.0;59.0;61.0;294761.43;40.0;19.0;0.475;2022-07;2022-06
8797239246849;21.0;21.0;27.0;100861.29;2.0;19.0;9.5;2022-07;2022-06
8797985472513;26.0;26.0;29.0;34186.545;7.0;19.0;2.7142857142857144;2022-07;2022-06
8800189546497;85.0;85.0;194.0;823347.765;66.0;19.0;0.2878787878787879;2022-07;2022-06
8801372307457;24.0;24.0;75.0;143199.09;5.0;19.0;3.8;2022-07;2022-06
8801828470785;21.0;21.0;33.0;84069.09;2.0;19.0;9.5;2022-07;2022-06
8803304701953;41.0;41.0;148.0;599286.96;22.0;19.0;0.8636363636363636;2022-07;2022-06
8803513401345;98.0;98.0;251.0;482467.86;79.0;19.0;0.24050632911392406;2022-07;2022-06
8803991453697;53.0;53.0;197.0;1398204.81;34.0;19.0;0.5588235294117647;2022-07;2022-06
8804189208577;127.0;127.0;150.0;97843.23;108.0;19.0;0.17592592592592593;2022-07;2022-06
8805406310401;28.0;28.0;51.0;324464.04;9.0;19.0;2.111111111111111;2022-07;2022-06
8805407719425;38.0;38.0;42.0;132932.79;19.0;19.0;1.0;2022-07;2022-06
8806714310657;30.0;30.0;83.0;206157.42;11.0;19.0;1.7272727272727273;2022-07;2022-06
8797317922817;18.0;18.0;18.0;52488.0;0.0;18.0;;2022-07;2022-06
8799403606017;54.0;54.0;181.0;810762.345;36.0;18.0;0.5;2022-07;2022-06
8800522895361;35.0;35.0;79.0;255558.69;17.0;18.0;1.0588235294117647;2022-07;2022-06
8800522928129;50.0;50.0;140.0;567385.92;32.0;18.0;0.5625;2022-07;2022-06
8800523091969;124.0;124.0;355.0;855190.305;106.0;18.0;0.16981132075471697;2022-07;2022-06
8801142243329;43.0;43.0;128.0;411251.31;25.0;18.0;0.72;2022-07;2022-06
8801697988609;185.0;185.0;535.0;995075.055;167.0;18.0;0.10778443113772455;2022-07;2022-06
8803511435265;18.0;18.0;18.0;184221.27;0.0;18.0;;2022-07;2022-06
8804189274113;256.0;256.0;266.0;235534.815;238.0;18.0;0.07563025210084033;2022-07;2022-06
8806484344833;52.0;52.0;125.0;426442.455;34.0;18.0;0.5294117647058824;2022-07;2022-06
8807825244161;60.0;60.0;65.0;44171.37;42.0;18.0;0.42857142857142855;2022-07;2022-06
8808906129409;34.0;34.0;96.0;283288.05;16.0;18.0;1.125;2022-07;2022-06
8797145923585;17.0;17.0;43.0;68370.75;0.0;17.0;;2022-07;2022-06
8797194911745;42.0;42.0;141.0;862285.5;25.0;17.0;0.68;2022-07;2022-06
8797235347457;17.0;17.0;21.0;101344.32;0.0;17.0;;2022-07;2022-06
8797235838977;57.0;57.0;178.0;767861.145;40.0;17.0;0.425;2022-07;2022-06
8797274669057;28.0;28.0;29.0;140393.475;11.0;17.0;1.5454545454545454;2022-07;2022-06
8797298982913;501.0;501.0;1511.0;3321846.36;484.0;17.0;0.03512396694214876;2022-07;2022-06
8797303832577;44.0;44.0;45.0;193056.03;27.0;17.0;0.6296296296296297;2022-07;2022-06
8797323952129;24.0;24.0;65.0;349254.81;7.0;17.0;2.4285714285714284;2022-07;2022-06
8800647905281;104.0;104.0;292.0;1039429.08;87.0;17.0;0.19540229885057472;2022-07;2022-06
8800778944513;215.0;215.0;222.0;153429.3;198.0;17.0;0.08585858585858586;2022-07;2022-06
8801371947009;19.0;19.0;49.0;132415.92;2.0;17.0;8.5;2022-07;2022-06
8801500102657;17.0;17.0;43.0;249378.93;0.0;17.0;;2022-07;2022-06
8801698316289;37.0;37.0;95.0;572937.75;20.0;17.0;0.85;2022-07;2022-06
8803991519233;17.0;17.0;17.0;28819.53;0.0;17.0;;2022-07;2022-06
8804122099713;30.0;30.0;98.0;423924.255;13.0;17.0;1.3076923076923077;2022-07;2022-06
8805629722625;43.0;43.0;119.0;179431.38;26.0;17.0;0.6538461538461539;2022-07;2022-06
8806482575361;109.0;109.0;365.0;555469.92;92.0;17.0;0.18478260869565216;2022-07;2022-06
8807824916481;52.0;52.0;65.0;24351.435;35.0;17.0;0.4857142857142857;2022-07;2022-06
8809824649217;18.0;18.0;47.0;63807.705;1.0;17.0;17.0;2022-07;2022-06
8797188161537;24.0;24.0;24.0;100630.395;8.0;16.0;2.0;2022-07;2022-06
8797227188225;29.0;29.0;29.0;139188.42;13.0;16.0;1.2307692307692308;2022-07;2022-06
8797229056001;23.0;23.0;23.0;176494.725;7.0;16.0;2.2857142857142856;2022-07;2022-06
8797246652417;68.0;68.0;74.0;138044.34;52.0;16.0;0.3076923076923077;2022-07;2022-06
8797258219521;42.0;42.0;99.0;291611.34;26.0;16.0;0.6153846153846154;2022-07;2022-06
8797262839809;17.0;17.0;19.0;56829.195;1.0;16.0;16.0;2022-07;2022-06
8797263790081;41.0;41.0;43.0;113674.365;25.0;16.0;0.64;2022-07;2022-06
8797986258945;66.0;66.0;76.0;40235.4;50.0;16.0;0.32;2022-07;2022-06
8797986455553;107.0;107.0;109.0;109766.61;91.0;16.0;0.17582417582417584;2022-07;2022-06
8800523124737;24.0;24.0;24.0;60585.03;8.0;16.0;2.0;2022-07;2022-06
8800779010049;48.0;48.0;49.0;31018.95;32.0;16.0;0.5;2022-07;2022-06
8801371258881;31.0;31.0;38.0;71630.955;15.0;16.0;1.0666666666666667;2022-07;2022-06
8801500069889;25.0;25.0;61.0;240711.03;9.0;16.0;1.7777777777777777;2022-07;2022-06
8805403885569;23.0;23.0;78.0;256396.14;7.0;16.0;2.2857142857142856;2022-07;2022-06
8805407358977;73.0;73.0;217.0;714113.01;57.0;16.0;0.2807017543859649;2022-07;2022-06
8805827411969;68.0;68.0;68.0;51603.03;52.0;16.0;0.3076923076923077;2022-07;2022-06
8806482509825;53.0;53.0;159.0;224573.985;37.0;16.0;0.43243243243243246;2022-07;2022-06
8806482608129;24.0;24.0;26.0;51948.135;8.0;16.0;2.0;2022-07;2022-06
8806483230721;16.0;16.0;53.0;99494.73;0.0;16.0;;2022-07;2022-06
8808352940033;66.0;66.0;169.0;1327731.795;50.0;16.0;0.32;2022-07;2022-06
8809140551681;16.0;16.0;57.0;672813.675;0.0;16.0;;2022-07;2022-06
8809429958657;16.0;16.0;45.0;49731.48;0.0;16.0;;2022-07;2022-06
8809495560193;27.0;27.0;27.0;53334.63;11.0;16.0;1.4545454545454546;2022-07;2022-06
8797202939905;502.0;502.0;1264.0;3522704.67;487.0;15.0;0.030800821355236138;2022-07;2022-06
8797207461889;307.0;307.0;1013.0;5749981.335;292.0;15.0;0.05136986301369863;2022-07;2022-06
8797273718785;19.0;19.0;43.0;462159.54;4.0;15.0;3.75;2022-07;2022-06
8797282402305;29.0;29.0;59.0;126652.23;14.0;15.0;1.0714285714285714;2022-07;2022-06
8797286334465;23.0;23.0;74.0;274543.65;8.0;15.0;1.875;2022-07;2022-06
8797293903873;29.0;29.0;77.0;352944.675;14.0;15.0;1.0714285714285714;2022-07;2022-06
8797298130945;174.0;174.0;542.0;1255110.705;159.0;15.0;0.09433962264150944;2022-07;2022-06
8797315727361;15.0;15.0;15.0;39281.175;0.0;15.0;;2022-07;2022-06
8797985308673;117.0;117.0;134.0;181848.96;102.0;15.0;0.14705882352941177;2022-07;2022-06
8797985439745;120.0;120.0;135.0;184209.03;105.0;15.0;0.14285714285714285;2022-07;2022-06
8798911102977;47.0;47.0;171.0;1987006.68;32.0;15.0;0.46875;2022-07;2022-06
8799403704321;53.0;53.0;175.0;607703.67;38.0;15.0;0.39473684210526316;2022-07;2022-06
8799960760321;287.0;287.0;933.0;2808008.82;272.0;15.0;0.05514705882352941;2022-07;2022-06
8803793764353;135.0;135.0;449.0;1025198.01;120.0;15.0;0.125;2022-07;2022-06
8803990765569;19.0;19.0;59.0;292722.03;4.0;15.0;3.75;2022-07;2022-06
8805206949889;50.0;50.0;155.0;307822.275;35.0;15.0;0.42857142857142855;2022-07;2022-06
8805531090945;18.0;18.0;45.0;78203.34;3.0;15.0;5.0;2022-07;2022-06
8806546341889;16.0;16.0;33.0;72105.66;1.0;15.0;15.0;2022-07;2022-06
8808352350209;24.0;24.0;33.0;9894.195;9.0;15.0;1.6666666666666667;2022-07;2022-06
8809824354305;51.0;51.0;112.0;402762.015;36.0;15.0;0.4166666666666667;2022-07;2022-06
8811788926977;15.0;15.0;15.0;12379.185;0.0;15.0;;2022-07;2022-06
8811854495745;15.0;15.0;16.0;55976.13;0.0;15.0;;2022-07;2022-06
8797148119041;18.0;18.0;21.0;52489.08;4.0;14.0;3.5;2022-07;2022-06
8797226172417;29.0;29.0;29.0;63773.73;15.0;14.0;0.9333333333333333;2022-07;2022-06
8797262184449;14.0;14.0;31.0;112653.99;0.0;14.0;;2022-07;2022-06
8797266903041;19.0;19.0;63.0;365745.69;5.0;14.0;2.8;2022-07;2022-06
8797272178689;14.0;14.0;14.0;20148.03;0.0;14.0;;2022-07;2022-06
8797290954753;820.0;820.0;2548.0;7493260.995;806.0;14.0;0.017369727047146403;2022-07;2022-06
8797292855297;30.0;30.0;31.0;34634.835;16.0;14.0;0.875;2022-07;2022-06
8797307535361;14.0;14.0;14.0;63344.07;0.0;14.0;;2022-07;2022-06
8797313499137;64.0;64.0;176.0;764273.97;50.0;14.0;0.28;2022-07;2022-06
8797319495681;160.0;160.0;500.0;1141295.04;146.0;14.0;0.0958904109589041;2022-07;2022-06
8797329555457;15.0;15.0;15.0;25322.805;1.0;14.0;14.0;2022-07;2022-06
8797988585473;14.0;14.0;19.0;51553.125;0.0;14.0;;2022-07;2022-06
8800523485185;29.0;29.0;36.0;16306.605;15.0;14.0;0.9333333333333333;2022-07;2022-06
8801370537985;15.0;15.0;30.0;48867.12;1.0;14.0;14.0;2022-07;2022-06
8801828372481;22.0;22.0;55.0;266663.295;8.0;14.0;1.75;2022-07;2022-06
8803728261121;304.0;304.0;305.0;343110.375;290.0;14.0;0.04827586206896552;2022-07;2022-06
8804189011969;49.0;49.0;63.0;43612.47;35.0;14.0;0.4;2022-07;2022-06
8805956911105;18.0;18.0;58.0;110803.14;4.0;14.0;3.5;2022-07;2022-06
8808939126785;15.0;15.0;44.0;664492.77;1.0;14.0;14.0;2022-07;2022-06
8809630302209;14.0;14.0;14.0;56901.06;0.0;14.0;;2022-07;2022-06
8809824288769;15.0;15.0;29.0;116986.05;1.0;14.0;14.0;2022-07;2022-06
8797217849345;13.0;13.0;25.0;54663.255;0.0;13.0;;2022-07;2022-06
8797235249153;15.0;15.0;15.0;67804.335;2.0;13.0;6.5;2022-07;2022-06
8797249634305;13.0;13.0;29.0;221661.135;0.0;13.0;;2022-07;2022-06
8797257498625;28.0;28.0;59.0;121699.62;15.0;13.0;0.8666666666666667;2022-07;2022-06
8797262741505;20.0;20.0;57.0;130210.425;7.0;13.0;1.8571428571428572;2022-07;2022-06
8797273096193;45.0;45.0;139.0;316193.805;32.0;13.0;0.40625;2022-07;2022-06
8797276209153;13.0;13.0;35.0;100336.95;0.0;13.0;;2022-07;2022-06
8797295837185;39.0;39.0;141.0;1073270.655;26.0;13.0;0.5;2022-07;2022-06
8797316513793;24.0;24.0;24.0;164691.315;11.0;13.0;1.1818181818181819;2022-07;2022-06
8797322706945;56.0;56.0;127.0;535978.8;43.0;13.0;0.3023255813953488;2022-07;2022-06
8797327130625;62.0;62.0;76.0;49851.63;49.0;13.0;0.2653061224489796;2022-07;2022-06
8797983211521;13.0;13.0;13.0;27943.695;0.0;13.0;;2022-07;2022-06
8798172512257;14.0;14.0;14.0;59492.79;1.0;13.0;13.0;2022-07;2022-06
8798419615745;18.0;18.0;61.0;152563.68;5.0;13.0;2.6;2022-07;2022-06
8799207030785;31.0;31.0;31.0;45214.335;18.0;13.0;0.7222222222222222;2022-07;2022-06
8799402917889;35.0;35.0;101.0;253126.935;22.0;13.0;0.5909090909090909;2022-07;2022-06
8799863177217;66.0;66.0;225.0;1451815.875;53.0;13.0;0.24528301886792453;2022-07;2022-06
8800522502145;137.0;137.0;395.0;898671.375;124.0;13.0;0.10483870967741936;2022-07;2022-06
8801373093889;16.0;16.0;38.0;110753.055;3.0;13.0;4.333333333333333;2022-07;2022-06
8801894694913;16.0;16.0;16.0;37117.17;3.0;13.0;4.333333333333333;2022-07;2022-06
8802024226817;13.0;13.0;20.0;194990.4;0.0;13.0;;2022-07;2022-06
8802712846337;14.0;14.0;45.0;84620.565;1.0;13.0;13.0;2022-07;2022-06
8803009626113;30.0;30.0;85.0;527667.705;17.0;13.0;0.7647058823529411;2022-07;2022-06
8803728949249;19.0;19.0;19.0;15192.09;6.0;13.0;2.1666666666666665;2022-07;2022-06
8803793829889;112.0;112.0;346.0;751856.4;99.0;13.0;0.13131313131313133;2022-07;2022-06
8804188815361;35.0;35.0;41.0;24690.735;22.0;13.0;0.5909090909090909;2022-07;2022-06
8805402738689;64.0;64.0;171.0;352407.465;51.0;13.0;0.2549019607843137;2022-07;2022-06
8805828788225;42.0;42.0;44.0;40063.23;29.0;13.0;0.4482758620689655;2022-07;2022-06
8806219022337;19.0;19.0;57.0;107366.76;6.0;13.0;2.1666666666666665;2022-07;2022-06
8806483132417;31.0;31.0;97.0;225144.045;18.0;13.0;0.7222222222222222;2022-07;2022-06
8806483394561;14.0;14.0;44.0;252945.81;1.0;13.0;13.0;2022-07;2022-06
8807007289345;29.0;29.0;29.0;129381.795;16.0;13.0;0.8125;2022-07;2022-06
8807926595585;14.0;14.0;24.0;47222.505;1.0;13.0;13.0;2022-07;2022-06
8808351989761;18.0;18.0;41.0;240373.935;5.0;13.0;2.6;2022-07;2022-06
8808352415745;26.0;26.0;39.0;7818.84;13.0;13.0;1.0;2022-07;2022-06
8797221322753;12.0;12.0;21.0;58489.785;0.0;12.0;;2022-07;2022-06
8797230661633;36.0;36.0;96.0;481393.8;24.0;12.0;0.5;2022-07;2022-06
8797251534849;73.0;73.0;215.0;1227166.965;61.0;12.0;0.19672131147540983;2022-07;2022-06
8797254909953;21.0;21.0;32.0;84732.12;9.0;12.0;1.3333333333333333;2022-07;2022-06
8797295312897;25.0;25.0;84.0;286727.265;13.0;12.0;0.9230769230769231;2022-07;2022-06
8797297639425;19.0;19.0;26.0;58149.765;7.0;12.0;1.7142857142857142;2022-07;2022-06
8797319266305;20.0;20.0;23.0;36052.515;8.0;12.0;1.5;2022-07;2022-06
8797332799489;17.0;17.0;48.0;215628.3;5.0;12.0;2.4;2022-07;2022-06
8799992578049;30.0;30.0;32.0;48247.11;18.0;12.0;0.6666666666666666;2022-07;2022-06
8802453782529;17.0;17.0;22.0;283085.28;5.0;12.0;2.4;2022-07;2022-06
8803304472577;24.0;24.0;54.0;176372.73;12.0;12.0;1.0;2022-07;2022-06
8803990667265;25.0;25.0;81.0;372034.89;13.0;12.0;0.9230769230769231;2022-07;2022-06
8804121673729;12.0;12.0;15.0;250592.355;0.0;12.0;;2022-07;2022-06
8806712213505;27.0;27.0;27.0;190750.41;15.0;12.0;0.8;2022-07;2022-06
8807826849793;12.0;12.0;26.0;247404.69;0.0;12.0;;2022-07;2022-06
8809136324609;12.0;12.0;39.0;264856.095;0.0;12.0;;2022-07;2022-06
8809824714753;13.0;13.0;30.0;44625.06;1.0;12.0;12.0;2022-07;2022-06
8811592941569;12.0;12.0;38.0;157772.655;0.0;12.0;;2022-07;2022-06
8797183279105;12.0;12.0;12.0;41843.745;1.0;11.0;11.0;2022-07;2022-06
8797254942721;16.0;16.0;29.0;132322.185;5.0;11.0;2.2;2022-07;2022-06
8797278437377;12.0;12.0;31.0;52494.75;1.0;11.0;11.0;2022-07;2022-06
8797283516417;11.0;11.0;17.0;44423.01;0.0;11.0;;2022-07;2022-06
8797308551169;21.0;21.0;63.0;341293.23;10.0;11.0;1.1;2022-07;2022-06
8797326934017;25.0;25.0;74.0;233077.59;14.0;11.0;0.7857142857142857;2022-07;2022-06
8797334044673;37.0;37.0;37.0;201607.785;26.0;11.0;0.4230769230769231;2022-07;2022-06
8797334077441;36.0;36.0;119.0;972910.71;25.0;11.0;0.44;2022-07;2022-06
8801238614017;32.0;32.0;106.0;578448.09;21.0;11.0;0.5238095238095238;2022-07;2022-06
8801270530049;96.0;96.0;269.0;899137.8;85.0;11.0;0.12941176470588237;2022-07;2022-06
8801635008513;13.0;13.0;13.0;19734.48;2.0;11.0;5.5;2022-07;2022-06
8802712584193;27.0;27.0;81.0;287473.5;16.0;11.0;0.6875;2022-07;2022-06
8803304603649;23.0;23.0;81.0;283221.27;12.0;11.0;0.9166666666666666;2022-07;2022-06
8803514056705;17.0;17.0;42.0;425446.38;6.0;11.0;1.8333333333333333;2022-07;2022-06
8803828563969;11.0;11.0;11.0;24961.815;0.0;11.0;;2022-07;2022-06
8803829547009;21.0;21.0;21.0;26401.635;10.0;11.0;1.1;2022-07;2022-06
8805401231361;15.0;15.0;24.0;270141.48;4.0;11.0;2.75;2022-07;2022-06
8805406572545;11.0;11.0;17.0;38880.585;0.0;11.0;;2022-07;2022-06
8805533253633;18.0;18.0;50.0;83808.09;7.0;11.0;1.5714285714285714;2022-07;2022-06
8806482542593;31.0;31.0;80.0;158359.68;20.0;11.0;0.55;2022-07;2022-06
8806482903041;72.0;72.0;248.0;492034.5;61.0;11.0;0.18032786885245902;2022-07;2022-06
8806547128321;11.0;11.0;28.0;70385.67;0.0;11.0;;2022-07;2022-06
8806612238337;12.0;12.0;43.0;305006.175;1.0;11.0;11.0;2022-07;2022-06
8806713098241;13.0;13.0;13.0;115070.94;2.0;11.0;5.5;2022-07;2022-06
8806714277889;70.0;70.0;205.0;466894.98;59.0;11.0;0.1864406779661017;2022-07;2022-06
8807827472385;28.0;28.0;103.0;291316.905;17.0;11.0;0.6470588235294118;2022-07;2022-06
8807828455425;21.0;21.0;57.0;843534.45;10.0;11.0;1.1;2022-07;2022-06
8809495658497;39.0;39.0;44.0;56457.585;28.0;11.0;0.39285714285714285;2022-07;2022-06
8809954181121;11.0;11.0;24.0;116046.45;0.0;11.0;;2022-07;2022-06
8811854757889;11.0;11.0;11.0;26955.54;0.0;11.0;;2022-07;2022-06
8797152772097;16.0;16.0;32.0;203763.78;6.0;10.0;1.6666666666666667;2022-07;2022-06
8797188292609;25.0;25.0;26.0;138967.155;15.0;10.0;0.6666666666666666;2022-07;2022-06
8797190684673;53.0;53.0;146.0;512002.755;43.0;10.0;0.23255813953488372;2022-07;2022-06
8797222076417;11.0;11.0;23.0;125887.455;1.0;10.0;10.0;2022-07;2022-06
8797259235329;32.0;32.0;63.0;306100.35;22.0;10.0;0.45454545454545453;2022-07;2022-06
8797275324417;45.0;45.0;119.0;1262352.555;35.0;10.0;0.2857142857142857;2022-07;2022-06
8797292003329;20.0;20.0;49.0;229266.045;10.0;10.0;1.0;2022-07;2022-06
8797303603201;15.0;15.0;48.0;261776.16;5.0;10.0;2.0;2022-07;2022-06
8797307273217;10.0;10.0;10.0;20244.87;0.0;10.0;;2022-07;2022-06
8797313040385;17.0;17.0;53.0;572373.765;7.0;10.0;1.4285714285714286;2022-07;2022-06
8797318807553;19.0;19.0;19.0;29761.155;9.0;10.0;1.1111111111111112;2022-07;2022-06
8797328867329;12.0;12.0;13.0;27039.69;2.0;10.0;5.0;2022-07;2022-06
8797331685377;10.0;10.0;35.0;154011.78;0.0;10.0;;2022-07;2022-06
8797579804673;10.0;10.0;11.0;108701.55;0.0;10.0;;2022-07;2022-06
8797580558337;33.0;33.0;33.0;219783.33;23.0;10.0;0.43478260869565216;2022-07;2022-06
8797986029569;60.0;60.0;79.0;53829.09;50.0;10.0;0.2;2022-07;2022-06
8799372804097;17.0;17.0;25.0;108573.21;7.0;10.0;1.4285714285714286;2022-07;2022-06
8800160940033;75.0;75.0;75.0;107515.17;65.0;10.0;0.15384615384615385;2022-07;2022-06
8800647970817;71.0;71.0;209.0;695538.45;61.0;10.0;0.16393442622950818;2022-07;2022-06
8801828831233;45.0;45.0;136.0;616186.35;35.0;10.0;0.2857142857142857;2022-07;2022-06
8801895088129;17.0;17.0;55.0;197896.68;7.0;10.0;1.4285714285714286;2022-07;2022-06
8802712453121;11.0;11.0;34.0;135983.34;1.0;10.0;10.0;2022-07;2022-06
8803728883713;82.0;82.0;257.0;910600.56;72.0;10.0;0.1388888888888889;2022-07;2022-06
8804188913665;53.0;53.0;54.0;29943.9;43.0;10.0;0.23255813953488372;2022-07;2022-06
8804189405185;95.0;95.0;306.0;675309.06;85.0;10.0;0.11764705882352941;2022-07;2022-06
8805407293441;12.0;12.0;35.0;110422.305;2.0;10.0;5.0;2022-07;2022-06
8805596135425;51.0;51.0;130.0;784414.8;41.0;10.0;0.24390243902439024;2022-07;2022-06
8805631000577;41.0;41.0;58.0;35218.08;31.0;10.0;0.3225806451612903;2022-07;2022-06
8805631393793;51.0;51.0;158.0;470232.63;41.0;10.0;0.24390243902439024;2022-07;2022-06
8806350749697;18.0;18.0;21.0;37484.685;8.0;10.0;1.25;2022-07;2022-06
8806612369409;10.0;10.0;18.0;68713.245;0.0;10.0;;2022-07;2022-06
8806612860929;31.0;31.0;76.0;232834.68;21.0;10.0;0.47619047619047616;2022-07;2022-06
8806711361537;34.0;34.0;37.0;414531.135;24.0;10.0;0.4166666666666667;2022-07;2022-06
8806711590913;44.0;44.0;47.0;666813.96;34.0;10.0;0.29411764705882354;2022-07;2022-06
8806712147969;145.0;145.0;146.0;883455.66;135.0;10.0;0.07407407407407407;2022-07;2022-06
8806713065473;91.0;91.0;92.0;689652.45;81.0;10.0;0.12345679012345678;2022-07;2022-06
8809003646977;74.0;74.0;194.0;382215.06;64.0;10.0;0.15625;2022-07;2022-06
8809823404033;12.0;12.0;38.0;151870.59;2.0;10.0;5.0;2022-07;2022-06
8809824616449;10.0;10.0;19.0;38395.935;0.0;10.0;;2022-07;2022-06
8809824944129;11.0;11.0;21.0;45975.24;1.0;10.0;10.0;2022-07;2022-06
8809825107969;10.0;10.0;19.0;65759.49;0.0;10.0;;2022-07;2022-06
8797182984193;33.0;33.0;87.0;297320.085;24.0;9.0;0.375;2022-07;2022-06
8797185966081;377.0;377.0;1010.0;3137665.005;368.0;9.0;0.024456521739130436;2022-07;2022-06
8797188194305;48.0;48.0;48.0;153421.785;39.0;9.0;0.23076923076923078;2022-07;2022-06
8797233446913;10.0;10.0;17.0;27482.22;1.0;9.0;9.0;2022-07;2022-06
8797247275009;43.0;43.0;100.0;214397.505;34.0;9.0;0.2647058823529412;2022-07;2022-06
8797264510977;18.0;18.0;20.0;190092.69;9.0;9.0;1.0;2022-07;2022-06
8797274275841;44.0;44.0;147.0;363174.75;35.0;9.0;0.2571428571428571;2022-07;2022-06
8797290528769;9.0;9.0;30.0;85296.105;0.0;9.0;;2022-07;2022-06
8797306355713;12.0;12.0;33.0;88275.87;3.0;9.0;3.0;2022-07;2022-06
8797315760129;14.0;14.0;14.0;17609.76;5.0;9.0;1.8;2022-07;2022-06
8797316972545;12.0;12.0;14.0;23213.25;3.0;9.0;3.0;2022-07;2022-06
8797323198465;27.0;27.0;79.0;362157.345;18.0;9.0;0.5;2022-07;2022-06
8797579247617;260.0;260.0;267.0;2152827.045;251.0;9.0;0.035856573705179286;2022-07;2022-06
8797579706369;9.0;9.0;9.0;80735.94;0.0;9.0;;2022-07;2022-06
8798714757121;9.0;9.0;20.0;85576.5;0.0;9.0;;2022-07;2022-06
8799372214273;69.0;69.0;245.0;1510047.81;60.0;9.0;0.15;2022-07;2022-06
8799376048129;10.0;10.0;28.0;145315.8;1.0;9.0;9.0;2022-07;2022-06
8799377915905;18.0;18.0;30.0;99885.51;9.0;9.0;1.0;2022-07;2022-06
8799763890177;10.0;10.0;30.0;317777.895;1.0;9.0;9.0;2022-07;2022-06
8799961251841;16.0;16.0;52.0;448056.315;7.0;9.0;1.2857142857142858;2022-07;2022-06
8800746373121;18.0;18.0;69.0;183990.78;9.0;9.0;1.0;2022-07;2022-06
8801828339713;9.0;9.0;30.0;88325.55;0.0;9.0;;2022-07;2022-06
8803304833025;16.0;16.0;54.0;328881.24;7.0;9.0;1.2857142857142858;2022-07;2022-06
8803498622977;9.0;9.0;13.0;53084.43;0.0;9.0;;2022-07;2022-06
8803512254465;12.0;12.0;17.0;340488.09;3.0;9.0;3.0;2022-07;2022-06
8803728818177;13.0;13.0;13.0;14574.6;4.0;9.0;2.25;2022-07;2022-06
8803796877313;40.0;40.0;134.0;565479.585;31.0;9.0;0.2903225806451613;2022-07;2022-06
8804057776129;21.0;21.0;59.0;262863.9;12.0;9.0;0.75;2022-07;2022-06
8804188880897;76.0;76.0;85.0;41045.13;67.0;9.0;0.13432835820895522;2022-07;2022-06
8804189110273;81.0;81.0;147.0;245695.995;72.0;9.0;0.125;2022-07;2022-06
8805400674305;21.0;21.0;32.0;107646.75;12.0;9.0;0.75;2022-07;2022-06
8805401788417;23.0;23.0;38.0;170136.18;14.0;9.0;0.6428571428571429;2022-07;2022-06
8805403295745;10.0;10.0;15.0;293159.43;1.0;9.0;9.0;2022-07;2022-06
8805631098881;42.0;42.0;121.0;468394.695;33.0;9.0;0.2727272727272727;2022-07;2022-06
8806225281025;10.0;10.0;18.0;42290.91;1.0;9.0;9.0;2022-07;2022-06
8806712442881;38.0;38.0;39.0;314422.38;29.0;9.0;0.3103448275862069;2022-07;2022-06
8806712868865;83.0;83.0;86.0;781477.065;74.0;9.0;0.12162162162162163;2022-07;2022-06
8806713393153;49.0;49.0;49.0;745536.15;40.0;9.0;0.225;2022-07;2022-06
8807726448641;24.0;24.0;75.0;284740.11;15.0;9.0;0.6;2022-07;2022-06
8807825178625;24.0;24.0;25.0;13881.645;15.0;9.0;0.6;2022-07;2022-06
8808184709121;16.0;16.0;54.0;519666.75;7.0;9.0;1.2857142857142858;2022-07;2022-06
8808285077505;10.0;10.0;27.0;105336.495;1.0;9.0;9.0;2022-07;2022-06
8809825140737;9.0;9.0;17.0;74089.89;0.0;9.0;;2022-07;2022-06
8809825370113;45.0;45.0;113.0;246170.655;36.0;9.0;0.25;2022-07;2022-06
8809825828865;12.0;12.0;46.0;358309.08;3.0;9.0;3.0;2022-07;2022-06
8809826680833;9.0;9.0;24.0;128851.56;0.0;9.0;;2022-07;2022-06
8809826844673;11.0;11.0;26.0;169637.22;2.0;9.0;4.5;2022-07;2022-06
8811528224769;9.0;9.0;23.0;73445.85;0.0;9.0;;2022-07;2022-06
8797156704257;102.0;102.0;176.0;1762615.26;94.0;8.0;0.0851063829787234;2022-07;2022-06
8797172531201;108.0;108.0;325.0;1014551.28;100.0;8.0;0.08;2022-07;2022-06
8797199826945;12.0;12.0;29.0;431515.035;4.0;8.0;2.0;2022-07;2022-06
8797220110337;106.0;106.0;292.0;441278.46;98.0;8.0;0.08163265306122448;2022-07;2022-06
8797220503553;9.0;9.0;16.0;21322.26;1.0;8.0;8.0;2022-07;2022-06
8797231906817;12.0;12.0;12.0;16904.79;4.0;8.0;2.0;2022-07;2022-06
8797247209473;94.0;94.0;253.0;480566.07;86.0;8.0;0.09302325581395349;2022-07;2022-06
8797252091905;10.0;10.0;32.0;217082.97;2.0;8.0;4.0;2022-07;2022-06
8797253664769;20.0;20.0;48.0;154416.78;12.0;8.0;0.6666666666666666;2022-07;2022-06
8797254156289;22.0;22.0;53.0;647659.71;14.0;8.0;0.5714285714285714;2022-07;2022-06
8797258022913;33.0;33.0;100.0;251256.24;25.0;8.0;0.32;2022-07;2022-06
8797261037569;14.0;14.0;37.0;105670.305;6.0;8.0;1.3333333333333333;2022-07;2022-06
8797267329025;8.0;8.0;8.0;32358.6;0.0;8.0;;2022-07;2022-06
8797285679105;11.0;11.0;29.0;141858.54;3.0;8.0;2.6666666666666665;2022-07;2022-06
8797287972865;15.0;15.0;43.0;217638.81;7.0;8.0;1.1428571428571428;2022-07;2022-06
8797293805569;9.0;9.0;37.0;351554.445;1.0;8.0;8.0;2022-07;2022-06
8797302718465;42.0;42.0;121.0;361525.815;34.0;8.0;0.23529411764705882;2022-07;2022-06
8797305470977;8.0;8.0;8.0;29995.92;0.0;8.0;;2022-07;2022-06
8797306519553;17.0;17.0;32.0;129588.39;9.0;8.0;0.8888888888888888;2022-07;2022-06
8797307011073;72.0;72.0;218.0;992458.485;64.0;8.0;0.125;2022-07;2022-06
8797307568129;25.0;25.0;25.0;52864.83;17.0;8.0;0.47058823529411764;2022-07;2022-06
8797310812161;20.0;20.0;38.0;156344.625;12.0;8.0;0.6666666666666666;2022-07;2022-06
8797580591105;8.0;8.0;9.0;136021.59;0.0;8.0;;2022-07;2022-06
8797986619393;132.0;132.0;136.0;110105.1;124.0;8.0;0.06451612903225806;2022-07;2022-06
8798171987969;8.0;8.0;23.0;552586.5;0.0;8.0;;2022-07;2022-06
8798172217345;49.0;49.0;133.0;472325.13;41.0;8.0;0.1951219512195122;2022-07;2022-06
8798616289281;62.0;62.0;150.0;921595.185;54.0;8.0;0.14814814814814814;2022-07;2022-06
8799373066241;22.0;22.0;24.0;115121.25;14.0;8.0;0.5714285714285714;2022-07;2022-06
8799403311105;159.0;159.0;474.0;1804159.98;151.0;8.0;0.052980132450331126;2022-07;2022-06
8799403835393;199.0;199.0;571.0;1323177.39;191.0;8.0;0.041884816753926704;2022-07;2022-06
8799567314945;8.0;8.0;9.0;61435.98;0.0;8.0;;2022-07;2022-06
8799567577089;8.0;8.0;8.0;25200.99;0.0;8.0;;2022-07;2022-06
8800159727617;43.0;43.0;45.0;89362.845;35.0;8.0;0.22857142857142856;2022-07;2022-06
8800189906945;11.0;11.0;11.0;73119.42;3.0;8.0;2.6666666666666665;2022-07;2022-06
8803236839425;8.0;8.0;8.0;21959.01;0.0;8.0;;2022-07;2022-06
8803695296513;10.0;10.0;32.0;157893.12;2.0;8.0;4.0;2022-07;2022-06
8805407260673;14.0;14.0;39.0;148616.82;6.0;8.0;1.3333333333333333;2022-07;2022-06
8805533351937;13.0;13.0;42.0;77190.21;5.0;8.0;1.6;2022-07;2022-06
8805631361025;69.0;69.0;190.0;407660.85;61.0;8.0;0.13114754098360656;2022-07;2022-06
8805828886529;20.0;20.0;21.0;12556.935;12.0;8.0;0.6666666666666666;2022-07;2022-06
8806227443713;9.0;9.0;26.0;61990.47;1.0;8.0;8.0;2022-07;2022-06
8806482870273;136.0;136.0;381.0;676243.305;128.0;8.0;0.0625;2022-07;2022-06
8806483001345;23.0;23.0;64.0;116457.84;15.0;8.0;0.5333333333333333;2022-07;2022-06
8806713851905;16.0;16.0;16.0;194421.96;8.0;8.0;1.0;2022-07;2022-06
8807825702913;48.0;48.0;64.0;40365.18;40.0;8.0;0.2;2022-07;2022-06
8808285044737;15.0;15.0;28.0;121306.86;7.0;8.0;1.1428571428571428;2022-07;2022-06
8808352579585;16.0;16.0;25.0;7443.675;8.0;8.0;1.0;2022-07;2022-06
8808352645121;13.0;13.0;22.0;7185.33;5.0;8.0;1.6;2022-07;2022-06
8808939618305;31.0;31.0;121.0;926901.54;23.0;8.0;0.34782608695652173;2022-07;2022-06
8809142943745;10.0;10.0;25.0;114637.5;2.0;8.0;4.0;2022-07;2022-06
8809823633409;13.0;13.0;63.0;327281.535;5.0;8.0;1.6;2022-07;2022-06
8811723653121;9.0;9.0;25.0;271854.45;1.0;8.0;8.0;2022-07;2022-06
8797174005761;23.0;23.0;49.0;99588.465;16.0;7.0;0.4375;2022-07;2022-06
8797174038529;7.0;7.0;14.0;30093.21;0.0;7.0;;2022-07;2022-06
8797188128769;97.0;97.0;97.0;251371.035;90.0;7.0;0.07777777777777778;2022-07;2022-06
8797189079041;41.0;41.0;42.0;46778.49;34.0;7.0;0.20588235294117646;2022-07;2022-06
8797222010881;76.0;76.0;222.0;425383.47;69.0;7.0;0.10144927536231885;2022-07;2022-06
8797238329345;28.0;28.0;89.0;652252.14;21.0;7.0;0.3333333333333333;2022-07;2022-06
8797248880641;69.0;69.0;226.0;735833.43;62.0;7.0;0.11290322580645161;2022-07;2022-06
8797254746113;7.0;7.0;11.0;30374.595;0.0;7.0;;2022-07;2022-06
8797258350593;8.0;8.0;19.0;43326.09;1.0;7.0;7.0;2022-07;2022-06
8797278273537;16.0;16.0;27.0;110074.41;9.0;7.0;0.7777777777777778;2022-07;2022-06
8797280239617;23.0;23.0;62.0;211028.85;16.0;7.0;0.4375;2022-07;2022-06
8797296852993;8.0;8.0;8.0;47544.795;1.0;7.0;7.0;2022-07;2022-06
8797308911617;7.0;7.0;12.0;41644.26;0.0;7.0;;2022-07;2022-06
8797309566977;16.0;16.0;16.0;23355.135;9.0;7.0;0.7777777777777778;2022-07;2022-06
8797310615553;7.0;7.0;19.0;86308.695;0.0;7.0;;2022-07;2022-06
8797329227777;56.0;56.0;122.0;216767.115;49.0;7.0;0.14285714285714285;2022-07;2022-06
8797334372353;9.0;9.0;25.0;340463.835;2.0;7.0;3.5;2022-07;2022-06
8797578887169;16.0;16.0;16.0;97414.29;9.0;7.0;0.7777777777777778;2022-07;2022-06
8797981966337;11.0;11.0;11.0;16419.42;4.0;7.0;1.75;2022-07;2022-06
8797986324481;33.0;33.0;33.0;22518.405;26.0;7.0;0.2692307692307692;2022-07;2022-06
8797988323329;8.0;8.0;14.0;37523.16;1.0;7.0;7.0;2022-07;2022-06
8798172905473;14.0;14.0;27.0;112966.29;7.0;7.0;1.0;2022-07;2022-06
8799374180353;13.0;13.0;13.0;25919.595;6.0;7.0;1.1666666666666667;2022-07;2022-06
8799567183873;7.0;7.0;7.0;17559.45;0.0;7.0;;2022-07;2022-06
8800261668865;8.0;8.0;12.0;26802.36;1.0;7.0;7.0;2022-07;2022-06
8800487309313;32.0;32.0;41.0;142220.385;25.0;7.0;0.28;2022-07;2022-06
8800487571457;14.0;14.0;52.0;315996.03;7.0;7.0;1.0;2022-07;2022-06
8800522633217;32.0;32.0;69.0;315679.725;25.0;7.0;0.28;2022-07;2022-06
8800812236801;7.0;7.0;13.0;35743.5;0.0;7.0;;2022-07;2022-06
8801500397569;19.0;19.0;50.0;501628.545;12.0;7.0;0.5833333333333334;2022-07;2022-06
8801828405249;7.0;7.0;13.0;31661.28;0.0;7.0;;2022-07;2022-06
8802459123713;14.0;14.0;24.0;479963.88;7.0;7.0;1.0;2022-07;2022-06
8803511566337;7.0;7.0;14.0;135092.79;0.0;7.0;;2022-07;2022-06
8803513368577;12.0;12.0;19.0;434393.55;5.0;7.0;1.4;2022-07;2022-06
8803794550785;9.0;9.0;9.0;83392.065;2.0;7.0;3.5;2022-07;2022-06
8803795369985;9.0;9.0;24.0;164897.1;2.0;7.0;3.5;2022-07;2022-06
8803992502273;7.0;7.0;16.0;75516.75;0.0;7.0;;2022-07;2022-06
8805402542081;13.0;13.0;23.0;105636.195;6.0;7.0;1.1666666666666667;2022-07;2022-06
8805405229057;7.0;7.0;13.0;421520.895;0.0;7.0;;2022-07;2022-06
8805533155329;24.0;24.0;65.0;108680.535;17.0;7.0;0.4117647058823529;2022-07;2022-06
8805630935041;27.0;27.0;43.0;19643.985;20.0;7.0;0.35;2022-07;2022-06
8805631590401;19.0;19.0;46.0;126202.05;12.0;7.0;0.5833333333333334;2022-07;2022-06
8806221807617;7.0;7.0;21.0;413427.105;0.0;7.0;;2022-07;2022-06
8806225575937;7.0;7.0;14.0;235526.76;0.0;7.0;;2022-07;2022-06
8806225772545;7.0;7.0;10.0;95722.2;0.0;7.0;;2022-07;2022-06
8806226067457;17.0;17.0;42.0;456902.64;10.0;7.0;0.7;2022-07;2022-06
8806482280449;23.0;23.0;75.0;229398.93;16.0;7.0;0.4375;2022-07;2022-06
8806483296257;15.0;15.0;39.0;78161.175;8.0;7.0;0.875;2022-07;2022-06
8806546997249;9.0;9.0;21.0;94489.605;2.0;7.0;3.5;2022-07;2022-06
8806712180737;158.0;158.0;166.0;1099024.38;151.0;7.0;0.046357615894039736;2022-07;2022-06
8806712344577;43.0;43.0;43.0;329541.93;36.0;7.0;0.19444444444444445;2022-07;2022-06
8806714540033;19.0;19.0;51.0;146564.955;12.0;7.0;0.5833333333333334;2022-07;2022-06
8807669104641;18.0;18.0;50.0;154693.35;11.0;7.0;0.6363636363636364;2022-07;2022-06
8807925022721;7.0;7.0;7.0;7513.38;0.0;7.0;;2022-07;2022-06
8808283439105;31.0;31.0;95.0;387537.435;24.0;7.0;0.2916666666666667;2022-07;2022-06
8808906096641;10.0;10.0;27.0;129936.42;3.0;7.0;2.3333333333333335;2022-07;2022-06
8809136848897;12.0;12.0;22.0;244676.52;5.0;7.0;1.4;2022-07;2022-06
8811592450049;8.0;8.0;27.0;149153.535;1.0;7.0;7.0;2022-07;2022-06
8811854888961;7.0;7.0;7.0;14212.305;0.0;7.0;;2022-07;2022-06
8811920031745;7.0;7.0;7.0;34199.1;0.0;7.0;;2022-07;2022-06
8797158998017;6.0;6.0;16.0;174168.0;0.0;6.0;;2022-07;2022-06
8797180493825;10.0;10.0;29.0;365386.95;4.0;6.0;1.5;2022-07;2022-06
8797248978945;9.0;9.0;16.0;40407.66;3.0;6.0;2.0;2022-07;2022-06
8797251960833;187.0;187.0;599.0;3251920.32;181.0;6.0;0.03314917127071823;2022-07;2022-06
8797255270401;8.0;8.0;10.0;26113.68;2.0;6.0;3.0;2022-07;2022-06
8797258055681;10.0;10.0;26.0;58612.41;4.0;6.0;1.5;2022-07;2022-06
8797263724545;36.0;36.0;106.0;388592.46;30.0;6.0;0.2;2022-07;2022-06
8797268344833;137.0;137.0;369.0;1140339.33;131.0;6.0;0.04580152671755725;2022-07;2022-06
8797269622785;10.0;10.0;24.0;192639.06;4.0;6.0;1.5;2022-07;2022-06
8797273161729;21.0;21.0;64.0;161559.36;15.0;6.0;0.4;2022-07;2022-06
8797279584257;11.0;11.0;19.0;84540.69;5.0;6.0;1.2;2022-07;2022-06
8797280075777;13.0;13.0;29.0;100436.175;7.0;6.0;0.8571428571428571;2022-07;2022-06
8797285482497;30.0;30.0;77.0;857199.105;24.0;6.0;0.25;2022-07;2022-06
8797290233857;6.0;6.0;6.0;45333.0;0.0;6.0;;2022-07;2022-06
8797291151361;25.0;25.0;77.0;144135.09;19.0;6.0;0.3157894736842105;2022-07;2022-06
8797291216897;9.0;9.0;30.0;113098.68;3.0;6.0;2.0;2022-07;2022-06
8797292756993;7.0;7.0;21.0;129989.97;1.0;6.0;6.0;2022-07;2022-06
8797293051905;52.0;52.0;195.0;1185598.17;46.0;6.0;0.13043478260869565;2022-07;2022-06
8797293445121;19.0;19.0;69.0;525202.785;13.0;6.0;0.46153846153846156;2022-07;2022-06
8797296001025;6.0;6.0;6.0;17110.62;0.0;6.0;;2022-07;2022-06
8797305634817;12.0;12.0;21.0;114921.495;6.0;6.0;1.0;2022-07;2022-06
8797306060801;22.0;22.0;51.0;177694.245;16.0;6.0;0.375;2022-07;2022-06
8797306585089;42.0;42.0;122.0;459442.575;36.0;6.0;0.16666666666666666;2022-07;2022-06
8797306912769;9.0;9.0;17.0;188991.765;3.0;6.0;2.0;2022-07;2022-06
8797307437057;6.0;6.0;7.0;16202.52;0.0;6.0;;2022-07;2022-06
8797314416641;7.0;7.0;22.0;234550.8;1.0;6.0;6.0;2022-07;2022-06
8797318184961;14.0;14.0;14.0;60982.155;8.0;6.0;0.75;2022-07;2022-06
8797318742017;9.0;9.0;9.0;71668.395;3.0;6.0;2.0;2022-07;2022-06
8797321134081;7.0;7.0;8.0;22209.3;1.0;6.0;6.0;2022-07;2022-06
8797323689985;8.0;8.0;12.0;92423.97;2.0;6.0;3.0;2022-07;2022-06
8797576200193;6.0;6.0;6.0;87597.225;0.0;6.0;;2022-07;2022-06
8797579542529;7.0;7.0;7.0;84942.9;1.0;6.0;6.0;2022-07;2022-06
8797984194561;6.0;6.0;12.0;34249.32;0.0;6.0;;2022-07;2022-06
8797986979841;6.0;6.0;20.0;80180.28;0.0;6.0;;2022-07;2022-06
8798616354817;7.0;7.0;22.0;279126.36;1.0;6.0;6.0;2022-07;2022-06
8799376244737;7.0;7.0;21.0;232227.945;1.0;6.0;6.0;2022-07;2022-06
8799455805441;8.0;8.0;13.0;122311.8;2.0;6.0;3.0;2022-07;2022-06
8799534055425;8.0;8.0;8.0;34992.315;2.0;6.0;3.0;2022-07;2022-06
8800189939713;7.0;7.0;7.0;7241.49;1.0;6.0;6.0;2022-07;2022-06
8800257867777;6.0;6.0;10.0;48015.36;0.0;6.0;;2022-07;2022-06
8800616185857;30.0;30.0;60.0;207025.74;24.0;6.0;0.25;2022-07;2022-06
8801372045313;164.0;164.0;504.0;1746067.95;158.0;6.0;0.0379746835443038;2022-07;2022-06
8801698512897;10.0;10.0;26.0;207227.34;4.0;6.0;1.5;2022-07;2022-06
8802024194049;13.0;13.0;40.0;212067.9;7.0;6.0;0.8571428571428571;2022-07;2022-06
8802843426817;44.0;44.0;120.0;457239.15;38.0;6.0;0.15789473684210525;2022-07;2022-06
8803040296961;6.0;6.0;17.0;128343.24;0.0;6.0;;2022-07;2022-06
8803306602497;14.0;14.0;43.0;230859.045;8.0;6.0;0.75;2022-07;2022-06
8803512614913;8.0;8.0;13.0;38843.82;2.0;6.0;3.0;2022-07;2022-06
8803513892865;12.0;12.0;31.0;363052.035;6.0;6.0;1.0;2022-07;2022-06
8803728097281;6.0;6.0;12.0;3684.33;0.0;6.0;;2022-07;2022-06
8803794714625;23.0;23.0;66.0;383954.49;17.0;6.0;0.35294117647058826;2022-07;2022-06
8803991715841;12.0;12.0;12.0;24048.45;6.0;6.0;1.0;2022-07;2022-06
8804057579521;8.0;8.0;29.0;132987.96;2.0;6.0;3.0;2022-07;2022-06
8804188389377;80.0;80.0;87.0;88595.955;74.0;6.0;0.08108108108108109;2022-07;2022-06
8804188749825;33.0;33.0;39.0;27150.3;27.0;6.0;0.2222222222222222;2022-07;2022-06
8805206425601;16.0;16.0;32.0;82487.7;10.0;6.0;0.6;2022-07;2022-06
8805400903681;12.0;12.0;17.0;161270.28;6.0;6.0;1.0;2022-07;2022-06
8805629755393;60.0;60.0;163.0;289273.455;54.0;6.0;0.1111111111111111;2022-07;2022-06
8806218858497;8.0;8.0;22.0;103935.555;2.0;6.0;3.0;2022-07;2022-06
8806483722241;10.0;10.0;19.0;75449.43;4.0;6.0;1.5;2022-07;2022-06
8806612893697;6.0;6.0;15.0;57626.01;0.0;6.0;;2022-07;2022-06
8806711721985;6.0;6.0;6.0;74916.63;0.0;6.0;;2022-07;2022-06
8807303184385;6.0;6.0;6.0;151958.7;0.0;6.0;;2022-07;2022-06
8807824523265;32.0;32.0;33.0;13312.215;26.0;6.0;0.23076923076923078;2022-07;2022-06
8807925317633;34.0;34.0;48.0;35989.065;28.0;6.0;0.21428571428571427;2022-07;2022-06
8808906063873;7.0;7.0;18.0;194586.975;1.0;6.0;6.0;2022-07;2022-06
8809135472641;47.0;47.0;158.0;871624.35;41.0;6.0;0.14634146341463414;2022-07;2022-06
8809135964161;9.0;9.0;29.0;173490.615;3.0;6.0;2.0;2022-07;2022-06
8809627516929;11.0;11.0;29.0;124484.22;5.0;6.0;1.2;2022-07;2022-06
8809823338497;14.0;14.0;37.0;103720.23;8.0;6.0;0.75;2022-07;2022-06
8809824681985;6.0;6.0;30.0;51294.51;0.0;6.0;;2022-07;2022-06
8809824780289;7.0;7.0;14.0;4516.11;1.0;6.0;6.0;2022-07;2022-06
8809824813057;6.0;6.0;14.0;10731.42;0.0;6.0;;2022-07;2022-06
8812149571585;6.0;6.0;13.0;107021.655;0.0;6.0;;2022-07;2022-06
8797172858881;38.0;38.0;113.0;228419.415;33.0;5.0;0.15151515151515152;2022-07;2022-06
8797174169601;17.0;17.0;42.0;111944.43;12.0;5.0;0.4166666666666667;2022-07;2022-06
8797187473409;18.0;18.0;18.0;82831.41;13.0;5.0;0.38461538461538464;2022-07;2022-06
8797189636097;8.0;8.0;8.0;33930.0;3.0;5.0;1.6666666666666667;2022-07;2022-06
8797201104897;20.0;20.0;20.0;46211.805;15.0;5.0;0.3333333333333333;2022-07;2022-06
8797246160897;24.0;24.0;62.0;351323.46;19.0;5.0;0.2631578947368421;2022-07;2022-06
8797247078401;13.0;13.0;36.0;213880.68;8.0;5.0;0.625;2022-07;2022-06
8797257236481;6.0;6.0;6.0;16222.05;1.0;5.0;5.0;2022-07;2022-06
8797266870273;19.0;19.0;50.0;293831.1;14.0;5.0;0.35714285714285715;2022-07;2022-06
8797275848705;7.0;7.0;7.0;27996.57;2.0;5.0;2.5;2022-07;2022-06
8797278896129;7.0;7.0;17.0;68465.205;2.0;5.0;2.5;2022-07;2022-06
8797279223809;5.0;5.0;5.0;17322.615;0.0;5.0;;2022-07;2022-06
8797279354881;8.0;8.0;14.0;47958.75;3.0;5.0;1.6666666666666667;2022-07;2022-06
8797279944705;5.0;5.0;25.0;524953.035;0.0;5.0;;2022-07;2022-06
8797281550337;6.0;6.0;15.0;108596.115;1.0;5.0;5.0;2022-07;2022-06
8797284564993;11.0;11.0;14.0;151108.29;6.0;5.0;0.8333333333333334;2022-07;2022-06
8797284859905;18.0;18.0;57.0;599524.38;13.0;5.0;0.38461538461538464;2022-07;2022-06
8797285777409;24.0;24.0;55.0;308109.555;19.0;5.0;0.2631578947368421;2022-07;2022-06
8797287317505;13.0;13.0;25.0;205820.1;8.0;5.0;0.625;2022-07;2022-06
8797293477889;10.0;10.0;13.0;117129.645;5.0;5.0;1.0;2022-07;2022-06
8797295706113;13.0;13.0;35.0;82823.355;8.0;5.0;0.625;2022-07;2022-06
8797303046145;6.0;6.0;14.0;129203.73;1.0;5.0;5.0;2022-07;2022-06
8797305667585;5.0;5.0;22.0;108561.87;0.0;5.0;;2022-07;2022-06
8797315989505;12.0;12.0;12.0;16489.665;7.0;5.0;0.7142857142857143;2022-07;2022-06
8797983113217;10.0;10.0;10.0;131206.95;5.0;5.0;1.0;2022-07;2022-06
8797987799041;6.0;6.0;6.0;11896.965;1.0;5.0;5.0;2022-07;2022-06
8797991632897;6.0;6.0;18.0;203568.75;1.0;5.0;5.0;2022-07;2022-06
8798182375425;14.0;14.0;22.0;2501.415;9.0;5.0;0.5555555555555556;2022-07;2022-06
8798714494977;8.0;8.0;21.0;118167.3;3.0;5.0;1.6666666666666667;2022-07;2022-06
8799374082049;50.0;50.0;55.0;118820.475;45.0;5.0;0.1111111111111111;2022-07;2022-06
8799375163393;47.0;47.0;135.0;666865.98;42.0;5.0;0.11904761904761904;2022-07;2022-06
8799402721281;6.0;6.0;10.0;117933.615;1.0;5.0;5.0;2022-07;2022-06
8799961055233;8.0;8.0;22.0;166080.06;3.0;5.0;1.6666666666666667;2022-07;2022-06
8800256262145;8.0;8.0;11.0;41415.12;3.0;5.0;1.6666666666666667;2022-07;2022-06
8800261865473;8.0;8.0;8.0;19665.495;3.0;5.0;1.6666666666666667;2022-07;2022-06
8800779436033;18.0;18.0;18.0;13415.4;13.0;5.0;0.38461538461538464;2022-07;2022-06
8801991786497;8.0;8.0;18.0;278990.73;3.0;5.0;1.6666666666666667;2022-07;2022-06
8802459320321;5.0;5.0;8.0;146450.52;0.0;5.0;;2022-07;2022-06
8803008970753;8.0;8.0;26.0;142248.6;3.0;5.0;1.6666666666666667;2022-07;2022-06
8803009232897;7.0;7.0;23.0;207519.795;2.0;5.0;2.5;2022-07;2022-06
8803040231425;8.0;8.0;20.0;71590.59;3.0;5.0;1.6666666666666667;2022-07;2022-06
8803304865793;16.0;16.0;38.0;200478.555;11.0;5.0;0.45454545454545453;2022-07;2022-06
8803306635265;17.0;17.0;17.0;80409.735;12.0;5.0;0.4166666666666667;2022-07;2022-06
8803796811777;6.0;6.0;19.0;126788.49;1.0;5.0;5.0;2022-07;2022-06
8803796975617;10.0;10.0;19.0;419389.29;5.0;5.0;1.0;2022-07;2022-06
8803797172225;100.0;100.0;334.0;1517975.73;95.0;5.0;0.05263157894736842;2022-07;2022-06
8803859202049;6.0;6.0;6.0;709.29;1.0;5.0;5.0;2022-07;2022-06
8803896852481;6.0;6.0;8.0;37565.73;1.0;5.0;5.0;2022-07;2022-06
8803991912449;9.0;9.0;9.0;40086.225;4.0;5.0;1.25;2022-07;2022-06
8804058267649;13.0;13.0;46.0;248109.345;8.0;5.0;0.625;2022-07;2022-06
8804188782593;43.0;43.0;48.0;29184.84;38.0;5.0;0.13157894736842105;2022-07;2022-06
8805401133057;6.0;6.0;9.0;169154.64;1.0;5.0;5.0;2022-07;2022-06
8805403000833;5.0;5.0;11.0;34306.965;0.0;5.0;;2022-07;2022-06
8805403623425;5.0;5.0;8.0;122686.2;0.0;5.0;;2022-07;2022-06
8805405327361;15.0;15.0;25.0;498372.57;10.0;5.0;0.5;2022-07;2022-06
8805407850497;68.0;68.0;75.0;151775.19;63.0;5.0;0.07936507936507936;2022-07;2022-06
8805629820929;50.0;50.0;151.0;311182.245;45.0;5.0;0.1111111111111111;2022-07;2022-06
8805630509057;10.0;10.0;11.0;41842.035;5.0;5.0;1.0;2022-07;2022-06
8805632049153;7.0;7.0;21.0;57646.305;2.0;5.0;2.5;2022-07;2022-06
8805632114689;10.0;10.0;30.0;98418.735;5.0;5.0;1.0;2022-07;2022-06
8805632442369;8.0;8.0;13.0;45525.33;3.0;5.0;1.6666666666666667;2022-07;2022-06
8805826822145;259.0;259.0;280.0;176885.01;254.0;5.0;0.01968503937007874;2022-07;2022-06
8806218661889;6.0;6.0;14.0;33375.06;1.0;5.0;5.0;2022-07;2022-06
8806226001921;7.0;7.0;19.0;213740.595;2.0;5.0;2.5;2022-07;2022-06
8806482411521;29.0;29.0;80.0;178027.02;24.0;5.0;0.20833333333333334;2022-07;2022-06
8806546931713;8.0;8.0;21.0;50479.74;3.0;5.0;1.6666666666666667;2022-07;2022-06
8806711492609;19.0;19.0;20.0;269960.4;14.0;5.0;0.35714285714285715;2022-07;2022-06
8806714507265;52.0;52.0;166.0;465488.64;47.0;5.0;0.10638297872340426;2022-07;2022-06
8807007092737;18.0;18.0;18.0;73790.775;13.0;5.0;0.38461538461538464;2022-07;2022-06
8807692959745;10.0;10.0;11.0;10536.435;5.0;5.0;1.0;2022-07;2022-06
8807793131521;6.0;6.0;11.0;41990.22;1.0;5.0;5.0;2022-07;2022-06
8807827275777;49.0;49.0;124.0;267808.14;44.0;5.0;0.11363636363636363;2022-07;2022-06
8807925121025;11.0;11.0;11.0;12612.465;6.0;5.0;0.8333333333333334;2022-07;2022-06
8808348385281;8.0;8.0;16.0;62112.6;3.0;5.0;1.6666666666666667;2022-07;2022-06
8808352972801;5.0;5.0;15.0;93082.5;0.0;5.0;;2022-07;2022-06
8809235251201;7.0;7.0;7.0;5649.435;2.0;5.0;2.5;2022-07;2022-06
8809235349505;9.0;9.0;9.0;10570.5;4.0;5.0;1.25;2022-07;2022-06
8809527967745;6.0;6.0;12.0;42948.36;1.0;5.0;5.0;2022-07;2022-06
8809824878593;5.0;5.0;11.0;19017.09;0.0;5.0;;2022-07;2022-06
8809825173505;5.0;5.0;10.0;35948.43;0.0;5.0;;2022-07;2022-06
8809828384769;10.0;10.0;26.0;343677.015;5.0;5.0;1.0;2022-07;2022-06
8797182754817;5.0;5.0;5.0;46309.725;1.0;4.0;4.0;2022-07;2022-06
8797188325377;38.0;38.0;38.0;141961.68;34.0;4.0;0.11764705882352941;2022-07;2022-06
8797201596417;13.0;13.0;14.0;22198.545;9.0;4.0;0.4444444444444444;2022-07;2022-06
8797202972673;23.0;23.0;44.0;169267.365;19.0;4.0;0.21052631578947367;2022-07;2022-06
8797208576001;14.0;14.0;25.0;128038.68;10.0;4.0;0.4;2022-07;2022-06
8797215260673;27.0;27.0;35.0;46037.7;23.0;4.0;0.17391304347826086;2022-07;2022-06
8797225877505;10.0;10.0;35.0;274533.345;6.0;4.0;0.6666666666666666;2022-07;2022-06
8797228498945;10.0;10.0;10.0;52115.76;6.0;4.0;0.6666666666666666;2022-07;2022-06
8797237313537;64.0;64.0;201.0;604289.34;60.0;4.0;0.06666666666666667;2022-07;2022-06
8797237870593;5.0;5.0;5.0;45993.645;1.0;4.0;4.0;2022-07;2022-06
8797244456961;9.0;9.0;9.0;49664.43;5.0;4.0;0.8;2022-07;2022-06
8797253009409;17.0;17.0;59.0;207622.17;13.0;4.0;0.3076923076923077;2022-07;2022-06
8797261332481;13.0;13.0;14.0;21710.88;9.0;4.0;0.4444444444444444;2022-07;2022-06
8797264347137;4.0;4.0;4.0;6696.855;0.0;4.0;;2022-07;2022-06
8797264412673;9.0;9.0;9.0;57340.44;5.0;4.0;0.8;2022-07;2022-06
8797264773121;24.0;24.0;25.0;103911.435;20.0;4.0;0.2;2022-07;2022-06
8797281026049;4.0;4.0;10.0;41994.9;0.0;4.0;;2022-07;2022-06
8797281615873;21.0;21.0;53.0;228387.555;17.0;4.0;0.23529411764705882;2022-07;2022-06
8797282435073;26.0;26.0;75.0;181036.8;22.0;4.0;0.18181818181818182;2022-07;2022-06
8797285187585;4.0;4.0;5.0;110567.07;0.0;4.0;;2022-07;2022-06
8797287383041;4.0;4.0;8.0;45953.64;0.0;4.0;;2022-07;2022-06
8797292920833;10.0;10.0;19.0;236353.95;6.0;4.0;0.6666666666666666;2022-07;2022-06
8797294034945;13.0;13.0;31.0;181704.6;9.0;4.0;0.4444444444444444;2022-07;2022-06
8797295411201;14.0;14.0;30.0;101923.2;10.0;4.0;0.4;2022-07;2022-06
8797295804417;7.0;7.0;18.0;75124.44;3.0;4.0;1.3333333333333333;2022-07;2022-06
8797296656385;4.0;4.0;4.0;64062.0;0.0;4.0;;2022-07;2022-06
8797305274369;4.0;4.0;4.0;12679.74;0.0;4.0;;2022-07;2022-06
8797306880001;19.0;19.0;47.0;487664.055;15.0;4.0;0.26666666666666666;2022-07;2022-06
8797308452865;8.0;8.0;26.0;117406.17;4.0;4.0;1.0;2022-07;2022-06
8797334700033;8.0;8.0;20.0;130898.7;4.0;4.0;1.0;2022-07;2022-06
8797581017089;17.0;17.0;17.0;428457.735;13.0;4.0;0.3076923076923077;2022-07;2022-06
8797982588929;4.0;4.0;16.0;37122.12;0.0;4.0;;2022-07;2022-06
8797983735809;4.0;4.0;4.0;19792.845;0.0;4.0;;2022-07;2022-06
8797987143681;20.0;20.0;20.0;21209.31;16.0;4.0;0.25;2022-07;2022-06
8798176706561;5.0;5.0;5.0;867.33;1.0;4.0;4.0;2022-07;2022-06
8799372902401;5.0;5.0;5.0;25310.025;1.0;4.0;4.0;2022-07;2022-06
8799373688833;5.0;5.0;5.0;33031.53;1.0;4.0;4.0;2022-07;2022-06
8799375360001;28.0;28.0;72.0;556305.75;24.0;4.0;0.16666666666666666;2022-07;2022-06
8799533891585;6.0;6.0;6.0;22394.79;2.0;4.0;2.0;2022-07;2022-06
8799697534977;15.0;15.0;15.0;75170.835;11.0;4.0;0.36363636363636365;2022-07;2022-06
8799752290305;4.0;4.0;4.0;33932.16;0.0;4.0;;2022-07;2022-06
8799862980609;7.0;7.0;17.0;100239.255;3.0;4.0;1.3333333333333333;2022-07;2022-06
8799863767041;7.0;7.0;26.0;238782.96;3.0;4.0;1.3333333333333333;2022-07;2022-06
8800255967233;18.0;18.0;61.0;470463.21;14.0;4.0;0.2857142857142857;2022-07;2022-06
8800487833601;5.0;5.0;5.0;5568.84;1.0;4.0;4.0;2022-07;2022-06
8801371881473;4.0;4.0;4.0;8398.08;0.0;4.0;;2022-07;2022-06
8801372012545;15.0;15.0;41.0;83228.895;11.0;4.0;0.36363636363636365;2022-07;2022-06
8801372241921;4.0;4.0;10.0;92705.4;0.0;4.0;;2022-07;2022-06
8801665515521;11.0;11.0;33.0;119716.515;7.0;4.0;0.5714285714285714;2022-07;2022-06
8801828732929;6.0;6.0;6.0;13682.025;2.0;4.0;2.0;2022-07;2022-06
8802453815297;7.0;7.0;17.0;271394.595;3.0;4.0;1.3333333333333333;2022-07;2022-06
8803011067905;5.0;5.0;14.0;177119.28;1.0;4.0;4.0;2022-07;2022-06
8803040100353;174.0;174.0;532.0;1154109.645;170.0;4.0;0.023529411764705882;2022-07;2022-06
8803040559105;46.0;46.0;101.0;393952.095;42.0;4.0;0.09523809523809523;2022-07;2022-06
8803304964097;5.0;5.0;15.0;123391.125;1.0;4.0;4.0;2022-07;2022-06
8803513466881;7.0;7.0;7.0;87695.37;3.0;4.0;1.3333333333333333;2022-07;2022-06
8803513532417;24.0;24.0;24.0;15875.46;20.0;4.0;0.2;2022-07;2022-06
8803728850945;16.0;16.0;17.0;16373.7;12.0;4.0;0.3333333333333333;2022-07;2022-06
8803795664897;5.0;5.0;12.0;203035.05;1.0;4.0;4.0;2022-07;2022-06
8803796779009;9.0;9.0;28.0;263325.24;5.0;4.0;0.8;2022-07;2022-06
8803828236289;36.0;36.0;38.0;26971.2;32.0;4.0;0.125;2022-07;2022-06
8803828629505;13.0;13.0;14.0;8813.97;9.0;4.0;0.4444444444444444;2022-07;2022-06
8803828760577;25.0;25.0;25.0;46550.7;21.0;4.0;0.19047619047619047;2022-07;2022-06
8803859267585;4.0;4.0;5.0;715.725;0.0;4.0;;2022-07;2022-06
8803859660801;5.0;5.0;6.0;57985.47;1.0;4.0;4.0;2022-07;2022-06
8803990306817;6.0;6.0;15.0;212080.275;2.0;4.0;2.0;2022-07;2022-06
8804058333185;62.0;62.0;199.0;1043779.95;58.0;4.0;0.06896551724137931;2022-07;2022-06
8804188618753;5.0;5.0;10.0;43085.79;1.0;4.0;4.0;2022-07;2022-06
8804189077505;4.0;4.0;6.0;24297.03;0.0;4.0;;2022-07;2022-06
8804189765633;5.0;5.0;12.0;12880.08;1.0;4.0;4.0;2022-07;2022-06
8804192518145;7.0;7.0;19.0;119607.3;3.0;4.0;1.3333333333333333;2022-07;2022-06
8805401067521;4.0;4.0;5.0;18918.0;0.0;4.0;;2022-07;2022-06
8805401165825;5.0;5.0;10.0;43972.2;1.0;4.0;4.0;2022-07;2022-06
8805402279937;5.0;5.0;10.0;357407.28;1.0;4.0;4.0;2022-07;2022-06
8805407162369;72.0;72.0;165.0;235590.615;68.0;4.0;0.058823529411764705;2022-07;2022-06
8805408047105;24.0;24.0;25.0;32308.965;20.0;4.0;0.2;2022-07;2022-06
8805408079873;4.0;4.0;4.0;5198.04;0.0;4.0;;2022-07;2022-06
8805630377985;15.0;15.0;40.0;417502.8;11.0;4.0;0.36363636363636365;2022-07;2022-06
8805631164417;13.0;13.0;40.0;190292.76;9.0;4.0;0.4444444444444444;2022-07;2022-06
8805631295489;16.0;16.0;61.0;151845.615;12.0;4.0;0.3333333333333333;2022-07;2022-06
8805631950849;15.0;15.0;24.0;68492.52;11.0;4.0;0.36363636363636365;2022-07;2022-06
8805632376833;7.0;7.0;14.0;30916.125;3.0;4.0;1.3333333333333333;2022-07;2022-06
8806225707009;63.0;63.0;80.0;686014.245;59.0;4.0;0.06779661016949153;2022-07;2022-06
8806226296833;4.0;4.0;7.0;53833.5;0.0;4.0;;2022-07;2022-06
8806227804161;23.0;23.0;94.0;524429.37;19.0;4.0;0.21052631578947367;2022-07;2022-06
8806481002497;6.0;6.0;14.0;53686.08;2.0;4.0;2.0;2022-07;2022-06
8806483689473;15.0;15.0;35.0;129821.4;11.0;4.0;0.36363636363636365;2022-07;2022-06
8806546866177;7.0;7.0;21.0;61736.85;3.0;4.0;1.3333333333333333;2022-07;2022-06
8806711099393;15.0;15.0;15.0;119932.83;11.0;4.0;0.36363636363636365;2022-07;2022-06
8806711394305;39.0;39.0;39.0;487916.775;35.0;4.0;0.11428571428571428;2022-07;2022-06
8806711623681;11.0;11.0;12.0;178611.84;7.0;4.0;0.5714285714285714;2022-07;2022-06
8806712901633;39.0;39.0;40.0;347434.875;35.0;4.0;0.11428571428571428;2022-07;2022-06
8806713425921;10.0;10.0;10.0;121478.94;6.0;4.0;0.6666666666666666;2022-07;2022-06
8806713982977;22.0;22.0;22.0;186356.52;18.0;4.0;0.2222222222222222;2022-07;2022-06
8807828127745;5.0;5.0;20.0;188910.0;1.0;4.0;4.0;2022-07;2022-06
8808283013121;13.0;13.0;13.0;31514.895;9.0;4.0;0.4444444444444444;2022-07;2022-06
8808283275265;4.0;4.0;4.0;17149.185;0.0;4.0;;2022-07;2022-06
8808348483585;11.0;11.0;30.0;94389.705;7.0;4.0;0.5714285714285714;2022-07;2022-06
8808352382977;15.0;15.0;24.0;9191.88;11.0;4.0;0.36363636363636365;2022-07;2022-06
8808352481281;20.0;20.0;32.0;7973.775;16.0;4.0;0.25;2022-07;2022-06
8808352612353;12.0;12.0;16.0;120554.505;8.0;4.0;0.5;2022-07;2022-06
8808906227713;5.0;5.0;18.0;98995.95;1.0;4.0;4.0;2022-07;2022-06
8809137799169;6.0;6.0;19.0;204995.655;2.0;4.0;2.0;2022-07;2022-06
8809138257921;4.0;4.0;17.0;206019.855;0.0;4.0;;2022-07;2022-06
8809140944897;4.0;4.0;16.0;259355.52;0.0;4.0;;2022-07;2022-06
8809141043201;5.0;5.0;10.0;125790.3;1.0;4.0;4.0;2022-07;2022-06
8809142026241;5.0;5.0;10.0;151870.05;1.0;4.0;4.0;2022-07;2022-06
8809299509249;16.0;16.0;20.0;20813.4;12.0;4.0;0.3333333333333333;2022-07;2022-06
8809823961089;4.0;4.0;9.0;40490.46;0.0;4.0;;2022-07;2022-06
8809826713601;12.0;12.0;17.0;75816.72;8.0;4.0;0.5;2022-07;2022-06
8809827762177;4.0;4.0;5.0;67650.975;0.0;4.0;;2022-07;2022-06
8812477054977;4.0;4.0;14.0;55976.76;0.0;4.0;;2022-07;2022-06
8797158244353;3.0;3.0;8.0;76543.56;0.0;3.0;;2022-07;2022-06
8797183049729;57.0;57.0;170.0;672876.81;54.0;3.0;0.05555555555555555;2022-07;2022-06
8797207232513;21.0;21.0;56.0;251072.46;18.0;3.0;0.16666666666666666;2022-07;2022-06
8797227614209;4.0;4.0;6.0;27303.75;1.0;3.0;3.0;2022-07;2022-06
8797228433409;8.0;8.0;8.0;50518.845;5.0;3.0;0.6;2022-07;2022-06
8797235806209;9.0;9.0;9.0;50120.505;6.0;3.0;0.5;2022-07;2022-06
8797243899905;6.0;6.0;6.0;20686.635;3.0;3.0;1.0;2022-07;2022-06
8797252452353;4.0;4.0;10.0;69540.3;1.0;3.0;3.0;2022-07;2022-06
8797252911105;35.0;35.0;97.0;222104.34;32.0;3.0;0.09375;2022-07;2022-06
8797257990145;14.0;14.0;25.0;69878.385;11.0;3.0;0.2727272727272727;2022-07;2022-06
8797260480513;3.0;3.0;5.0;64849.77;0.0;3.0;;2022-07;2022-06
8797261955073;10.0;10.0;10.0;40830.345;7.0;3.0;0.42857142857142855;2022-07;2022-06
8797262020609;7.0;7.0;16.0;28802.7;4.0;3.0;0.75;2022-07;2022-06
8797274046465;18.0;18.0;46.0;101123.64;15.0;3.0;0.2;2022-07;2022-06
8797275029505;12.0;12.0;16.0;143542.125;9.0;3.0;0.3333333333333333;2022-07;2022-06
8797282566145;9.0;9.0;27.0;123763.905;6.0;3.0;0.5;2022-07;2022-06
8797284073473;7.0;7.0;21.0;134199.99;4.0;3.0;0.75;2022-07;2022-06
8797291479041;4.0;4.0;7.0;126175.455;1.0;3.0;3.0;2022-07;2022-06
8797295345665;23.0;23.0;70.0;250188.12;20.0;3.0;0.15;2022-07;2022-06
8797296132097;3.0;3.0;10.0;74494.8;0.0;3.0;;2022-07;2022-06
8797300195329;12.0;12.0;31.0;156010.32;9.0;3.0;0.3333333333333333;2022-07;2022-06
8797301276673;8.0;8.0;26.0;289112.4;5.0;3.0;0.6;2022-07;2022-06
8797301309441;4.0;4.0;7.0;22344.795;1.0;3.0;3.0;2022-07;2022-06
8797310582785;4.0;4.0;12.0;167742.0;1.0;3.0;3.0;2022-07;2022-06
8797313826817;75.0;75.0;241.0;1160953.065;72.0;3.0;0.041666666666666664;2022-07;2022-06
8797315596289;14.0;14.0;14.0;91026.18;11.0;3.0;0.2727272727272727;2022-07;2022-06
8797316055041;3.0;3.0;3.0;8436.015;0.0;3.0;;2022-07;2022-06
8797316644865;7.0;7.0;7.0;42167.115;4.0;3.0;0.75;2022-07;2022-06
8797317234689;4.0;4.0;5.0;32213.25;1.0;3.0;3.0;2022-07;2022-06
8797318217729;8.0;8.0;8.0;12972.24;5.0;3.0;0.6;2022-07;2022-06
8797320871937;4.0;4.0;8.0;21948.705;1.0;3.0;3.0;2022-07;2022-06
8797323919361;28.0;28.0;78.0;978333.795;25.0;3.0;0.12;2022-07;2022-06
8797577707521;5.0;5.0;5.0;75478.5;2.0;3.0;1.5;2022-07;2022-06
8797987307521;6.0;6.0;6.0;38615.13;3.0;3.0;1.0;2022-07;2022-06
8798172315649;4.0;4.0;4.0;7007.85;1.0;3.0;3.0;2022-07;2022-06
8798174806017;3.0;3.0;6.0;655.83;0.0;3.0;;2022-07;2022-06
8798176673793;4.0;4.0;10.0;485.1;1.0;3.0;3.0;2022-07;2022-06
8798182408193;6.0;6.0;6.0;896.94;3.0;3.0;1.0;2022-07;2022-06
8798182703105;5.0;5.0;15.0;737.55;2.0;3.0;1.5;2022-07;2022-06
8799076122625;5.0;5.0;13.0;113925.33;2.0;3.0;1.5;2022-07;2022-06
8799239012353;3.0;3.0;12.0;159777.9;0.0;3.0;;2022-07;2022-06
8799372017665;4.0;4.0;13.0;182764.98;1.0;3.0;3.0;2022-07;2022-06
8799376343041;5.0;5.0;12.0;93401.91;2.0;3.0;1.5;2022-07;2022-06
8799376441345;7.0;7.0;13.0;178030.08;4.0;3.0;0.75;2022-07;2022-06
8799376539649;3.0;3.0;6.0;83451.6;0.0;3.0;;2022-07;2022-06
8799863865345;9.0;9.0;29.0;268291.575;6.0;3.0;0.5;2022-07;2022-06
8799864750081;5.0;5.0;14.0;98435.43;2.0;3.0;1.5;2022-07;2022-06
8799865208833;3.0;3.0;4.0;59229.36;0.0;3.0;;2022-07;2022-06
8800159334401;62.0;62.0;212.0;1337805.63;59.0;3.0;0.05084745762711865;2022-07;2022-06
8800523649025;6.0;6.0;8.0;10972.215;3.0;3.0;1.0;2022-07;2022-06
8800615989249;4.0;4.0;5.0;17481.555;1.0;3.0;3.0;2022-07;2022-06
8800779304961;11.0;11.0;14.0;9806.4;8.0;3.0;0.375;2022-07;2022-06
8800779468801;9.0;9.0;9.0;7852.95;6.0;3.0;0.5;2022-07;2022-06
8800779501569;18.0;18.0;18.0;17403.3;15.0;3.0;0.2;2022-07;2022-06
8801370963969;7.0;7.0;17.0;199436.94;4.0;3.0;0.75;2022-07;2022-06
8801373126657;4.0;4.0;4.0;15998.04;1.0;3.0;3.0;2022-07;2022-06
8801698611201;17.0;17.0;58.0;312188.31;14.0;3.0;0.21428571428571427;2022-07;2022-06
8801699168257;5.0;5.0;8.0;41672.07;2.0;3.0;1.5;2022-07;2022-06
8801991655425;4.0;4.0;8.0;124768.8;1.0;3.0;3.0;2022-07;2022-06
8802909716481;1350.0;1350.0;3519.0;5342917.365;1347.0;3.0;0.0022271714922048997;2022-07;2022-06
8803009363969;3.0;3.0;12.0;76698.36;0.0;3.0;;2022-07;2022-06
8803009757185;14.0;14.0;43.0;339596.955;11.0;3.0;0.2727272727272727;2022-07;2022-06
8803304275969;12.0;12.0;38.0;129692.34;9.0;3.0;0.3333333333333333;2022-07;2022-06
8803305193473;5.0;5.0;16.0;104835.42;2.0;3.0;1.5;2022-07;2022-06
8803306438657;4.0;4.0;10.0;44995.05;1.0;3.0;3.0;2022-07;2022-06
8803511599105;4.0;4.0;6.0;60897.06;1.0;3.0;3.0;2022-07;2022-06
8803512713217;3.0;3.0;6.0;18379.98;0.0;3.0;;2022-07;2022-06
8803512877057;6.0;6.0;9.0;40270.59;3.0;3.0;1.0;2022-07;2022-06
8803513008129;5.0;5.0;8.0;23508.36;2.0;3.0;1.5;2022-07;2022-06
8803514253313;6.0;6.0;24.0;287988.48;3.0;3.0;1.0;2022-07;2022-06
8803794092033;3.0;3.0;4.0;10501.47;0.0;3.0;;2022-07;2022-06
8803794681857;6.0;6.0;10.0;77064.39;3.0;3.0;1.0;2022-07;2022-06
8803795632129;3.0;3.0;8.0;200450.52;0.0;3.0;;2022-07;2022-06
8803796189185;4.0;4.0;13.0;99925.02;1.0;3.0;3.0;2022-07;2022-06
8803796353025;3.0;3.0;6.0;86900.13;0.0;3.0;;2022-07;2022-06
8803797630977;3.0;3.0;9.0;58904.46;0.0;3.0;;2022-07;2022-06
8803828367361;6.0;6.0;6.0;4865.04;3.0;3.0;1.0;2022-07;2022-06
8803859529729;3.0;3.0;3.0;501.255;0.0;3.0;;2022-07;2022-06
8803896918017;6.0;6.0;24.0;127623.6;3.0;3.0;1.0;2022-07;2022-06
8803992043521;6.0;6.0;12.0;60744.06;3.0;3.0;1.0;2022-07;2022-06
8803992174593;3.0;3.0;3.0;3144.915;0.0;3.0;;2022-07;2022-06
8804189569025;3.0;3.0;5.0;12497.4;0.0;3.0;;2022-07;2022-06
8804512727041;3.0;3.0;7.0;27048.285;0.0;3.0;;2022-07;2022-06
8804578754561;4.0;4.0;13.0;17800.02;1.0;3.0;3.0;2022-07;2022-06
8804578885633;3.0;3.0;9.0;14140.395;0.0;3.0;;2022-07;2022-06
8804578918401;3.0;3.0;28.0;39660.3;0.0;3.0;;2022-07;2022-06
8805333696513;7.0;7.0;7.0;10627.875;4.0;3.0;0.75;2022-07;2022-06
8805402869761;5.0;5.0;7.0;55996.605;2.0;3.0;1.5;2022-07;2022-06
8805403525121;3.0;3.0;9.0;161074.98;0.0;3.0;;2022-07;2022-06
8805403820033;3.0;3.0;7.0;264882.87;0.0;3.0;;2022-07;2022-06
8805405392897;11.0;11.0;18.0;122936.22;8.0;3.0;0.375;2022-07;2022-06
8805405687809;17.0;17.0;17.0;29576.25;14.0;3.0;0.21428571428571427;2022-07;2022-06
8805407129601;14.0;14.0;28.0;81906.03;11.0;3.0;0.2727272727272727;2022-07;2022-06
8805407522817;72.0;72.0;284.0;1525630.815;69.0;3.0;0.043478260869565216;2022-07;2022-06
8805531746305;8.0;8.0;35.0;205795.845;5.0;3.0;0.6;2022-07;2022-06
8805629952001;3.0;3.0;12.0;173721.24;0.0;3.0;;2022-07;2022-06
8805630017537;6.0;6.0;10.0;122211.0;3.0;3.0;1.0;2022-07;2022-06
8805630476289;5.0;5.0;12.0;71823.33;2.0;3.0;1.5;2022-07;2022-06
8805632737281;4.0;4.0;9.0;25583.22;1.0;3.0;3.0;2022-07;2022-06
8805827641345;27.0;27.0;35.0;16960.545;24.0;3.0;0.125;2022-07;2022-06
8806225936385;3.0;3.0;3.0;32398.515;0.0;3.0;;2022-07;2022-06
8806226788353;26.0;26.0;75.0;168493.725;23.0;3.0;0.13043478260869565;2022-07;2022-06
8806482051073;3.0;3.0;3.0;8819.55;0.0;3.0;;2022-07;2022-06
8806482313217;21.0;21.0;65.0;186268.41;18.0;3.0;0.16666666666666666;2022-07;2022-06
8806546243585;6.0;6.0;17.0;42705.18;3.0;3.0;1.0;2022-07;2022-06
8806714408961;26.0;26.0;81.0;172948.23;23.0;3.0;0.13043478260869565;2022-07;2022-06
8807627390977;3.0;3.0;7.0;18896.535;0.0;3.0;;2022-07;2022-06
8807793328129;3.0;3.0;9.0;36114.21;0.0;3.0;;2022-07;2022-06
8807793917953;7.0;7.0;28.0;199853.46;4.0;3.0;0.75;2022-07;2022-06
8807828062209;3.0;3.0;3.0;28066.5;0.0;3.0;;2022-07;2022-06
8808283078657;7.0;7.0;7.0;21208.005;4.0;3.0;0.75;2022-07;2022-06
8808283996161;7.0;7.0;7.0;25753.815;4.0;3.0;0.75;2022-07;2022-06
8808349368321;3.0;3.0;4.0;470452.5;0.0;3.0;;2022-07;2022-06
8808351924225;3.0;3.0;5.0;44997.525;0.0;3.0;;2022-07;2022-06
8808352546817;6.0;6.0;10.0;3537.99;3.0;3.0;1.0;2022-07;2022-06
8808741961729;6.0;6.0;12.0;147573.315;3.0;3.0;1.0;2022-07;2022-06
8809138814977;4.0;4.0;13.0;102035.7;1.0;3.0;3.0;2022-07;2022-06
8809139830785;4.0;4.0;6.0;91275.39;1.0;3.0;3.0;2022-07;2022-06
8809141272577;4.0;4.0;16.0;246418.38;1.0;3.0;3.0;2022-07;2022-06
8809823928321;3.0;3.0;10.0;47040.3;0.0;3.0;;2022-07;2022-06
8809824387073;4.0;4.0;16.0;90482.58;1.0;3.0;3.0;2022-07;2022-06
8809824485377;4.0;4.0;16.0;111060.36;1.0;3.0;3.0;2022-07;2022-06
8809824518145;6.0;6.0;16.0;58972.5;3.0;3.0;1.0;2022-07;2022-06
8809827106817;5.0;5.0;13.0;217757.79;2.0;3.0;1.5;2022-07;2022-06
8809828122625;3.0;3.0;12.0;84471.48;0.0;3.0;;2022-07;2022-06
8809828188161;3.0;3.0;8.0;62586.72;0.0;3.0;;2022-07;2022-06
8809986752513;164.0;164.0;421.0;1540840.095;161.0;3.0;0.018633540372670808;2022-07;2022-06
8812313247745;4.0;4.0;14.0;79317.0;1.0;3.0;3.0;2022-07;2022-06
8812346114049;3.0;3.0;6.0;33993.0;0.0;3.0;;2022-07;2022-06
8812380487681;3.0;3.0;9.0;31050.855;0.0;3.0;;2022-07;2022-06
8797153656833;25.0;25.0;52.0;261190.53;23.0;2.0;0.08695652173913043;2022-07;2022-06
8797153722369;3.0;3.0;3.0;22163.265;1.0;2.0;2.0;2022-07;2022-06
8797158113281;2.0;2.0;7.0;115496.64;0.0;2.0;;2022-07;2022-06
8797162110977;2.0;2.0;3.0;15914.34;0.0;2.0;;2022-07;2022-06
8797178494977;2.0;2.0;8.0;22316.4;0.0;2.0;;2022-07;2022-06
8797179936769;2.0;2.0;2.0;10913.94;0.0;2.0;;2022-07;2022-06
8797180526593;10.0;10.0;19.0;179464.5;8.0;2.0;0.25;2022-07;2022-06
8797198974977;5.0;5.0;13.0;98179.65;3.0;2.0;0.6666666666666666;2022-07;2022-06
8797199728641;8.0;8.0;26.0;420401.52;6.0;2.0;0.3333333333333333;2022-07;2022-06
8797235085313;161.0;161.0;451.0;1702270.8;159.0;2.0;0.012578616352201259;2022-07;2022-06
8797241638913;9.0;9.0;9.0;14620.32;7.0;2.0;0.2857142857142857;2022-07;2022-06
8797249175553;19.0;19.0;58.0;265244.67;17.0;2.0;0.11764705882352941;2022-07;2022-06
8797249601537;3.0;3.0;9.0;96643.125;1.0;2.0;2.0;2022-07;2022-06
8797250420737;4.0;4.0;13.0;106351.65;2.0;2.0;1.0;2022-07;2022-06
8797253337089;5.0;5.0;14.0;120669.525;3.0;2.0;0.6666666666666666;2022-07;2022-06
8797260447745;5.0;5.0;10.0;99710.775;3.0;2.0;0.6666666666666666;2022-07;2022-06
8797260742657;3.0;3.0;12.0;166903.2;1.0;2.0;2.0;2022-07;2022-06
8797261299713;9.0;9.0;9.0;83543.175;7.0;2.0;0.2857142857142857;2022-07;2022-06
8797262479361;2.0;2.0;9.0;58495.365;0.0;2.0;;2022-07;2022-06
8797264314369;3.0;3.0;3.0;10737.09;1.0;2.0;2.0;2022-07;2022-06
8797271261185;2.0;2.0;2.0;11366.64;0.0;2.0;;2022-07;2022-06
8797272571905;11.0;11.0;23.0;99913.68;9.0;2.0;0.2222222222222222;2022-07;2022-06
8797274177537;2.0;2.0;2.0;3158.64;0.0;2.0;;2022-07;2022-06
8797274832897;12.0;12.0;24.0;173769.84;10.0;2.0;0.2;2022-07;2022-06
8797274865665;142.0;142.0;281.0;500709.735;140.0;2.0;0.014285714285714285;2022-07;2022-06
8797275914241;23.0;23.0;82.0;204741.09;21.0;2.0;0.09523809523809523;2022-07;2022-06
8797276176385;28.0;28.0;63.0;195123.915;26.0;2.0;0.07692307692307693;2022-07;2022-06
8797281386497;8.0;8.0;13.0;125695.305;6.0;2.0;0.3333333333333333;2022-07;2022-06
8797283844097;2.0;2.0;6.0;27297.0;0.0;2.0;;2022-07;2022-06
8797285580801;13.0;13.0;49.0;135281.16;11.0;2.0;0.18181818181818182;2022-07;2022-06
8797287546881;2.0;2.0;5.0;92432.25;0.0;2.0;;2022-07;2022-06
8797287874561;4.0;4.0;14.0;80723.7;2.0;2.0;1.0;2022-07;2022-06
8797289283585;6.0;6.0;23.0;478013.4;4.0;2.0;0.5;2022-07;2022-06
8797289906177;7.0;7.0;10.0;179542.755;5.0;2.0;0.4;2022-07;2022-06
8797291184129;5.0;5.0;19.0;97149.375;3.0;2.0;0.6666666666666666;2022-07;2022-06
8797294723073;3.0;3.0;11.0;52244.28;1.0;2.0;2.0;2022-07;2022-06
8797295935489;3.0;3.0;6.0;91731.69;1.0;2.0;2.0;2022-07;2022-06
8797299310593;4.0;4.0;8.0;44630.91;2.0;2.0;1.0;2022-07;2022-06
8797299802113;4.0;4.0;13.0;107021.655;2.0;2.0;1.0;2022-07;2022-06
8797303406593;8.0;8.0;23.0;205458.84;6.0;2.0;0.3333333333333333;2022-07;2022-06
8797311107073;3.0;3.0;7.0;117252.09;1.0;2.0;2.0;2022-07;2022-06
8797311598593;2.0;2.0;4.0;57884.4;0.0;2.0;;2022-07;2022-06
8797316153345;13.0;13.0;13.0;13416.84;11.0;2.0;0.18181818181818182;2022-07;2022-06
8797317824513;11.0;11.0;11.0;47533.995;9.0;2.0;0.2222222222222222;2022-07;2022-06
8797318053889;21.0;21.0;21.0;49980.69;19.0;2.0;0.10526315789473684;2022-07;2022-06
8797318250497;17.0;17.0;17.0;105208.65;15.0;2.0;0.13333333333333333;2022-07;2022-06
8797320216577;2.0;2.0;2.0;6231.24;0.0;2.0;;2022-07;2022-06
8797321494529;2.0;2.0;3.0;4892.355;0.0;2.0;;2022-07;2022-06
8797322313729;5.0;5.0;7.0;14314.545;3.0;2.0;0.6666666666666666;2022-07;2022-06
8797324050433;7.0;7.0;11.0;18051.075;5.0;2.0;0.4;2022-07;2022-06
8797324902401;14.0;14.0;44.0;259996.68;12.0;2.0;0.16666666666666666;2022-07;2022-06
8797334929409;4.0;4.0;6.0;48474.18;2.0;2.0;1.0;2022-07;2022-06
8797580296193;3.0;3.0;3.0;41209.74;1.0;2.0;2.0;2022-07;2022-06
8797580984321;4.0;4.0;4.0;36244.8;2.0;2.0;1.0;2022-07;2022-06
8797581606913;5.0;5.0;6.0;107988.12;3.0;2.0;0.6666666666666666;2022-07;2022-06
8797983408129;25.0;25.0;34.0;78968.655;23.0;2.0;0.08695652173913043;2022-07;2022-06
8797984456705;2.0;2.0;6.0;22423.86;0.0;2.0;;2022-07;2022-06
8797988028417;19.0;19.0;28.0;56782.215;17.0;2.0;0.11764705882352941;2022-07;2022-06
8797991665665;3.0;3.0;15.0;29992.275;1.0;2.0;2.0;2022-07;2022-06
8798171430913;2.0;2.0;6.0;38583.0;0.0;2.0;;2022-07;2022-06
8798171725825;4.0;4.0;8.0;82836.9;2.0;2.0;1.0;2022-07;2022-06
8798174773249;2.0;2.0;6.0;999.0;0.0;2.0;;2022-07;2022-06
8798182604801;2.0;2.0;2.0;466.695;0.0;2.0;;2022-07;2022-06
8798419681281;2.0;2.0;5.0;84802.5;0.0;2.0;;2022-07;2022-06
8798819680257;2.0;2.0;2.0;7477.74;0.0;2.0;;2022-07;2022-06
8799075827713;4.0;4.0;4.0;38145.735;2.0;2.0;1.0;2022-07;2022-06
8799075860481;7.0;7.0;11.0;59619.555;5.0;2.0;0.4;2022-07;2022-06
8799372115969;7.0;7.0;8.0;25398.675;5.0;2.0;0.4;2022-07;2022-06
8799372410881;3.0;3.0;3.0;16592.31;1.0;2.0;2.0;2022-07;2022-06
8799455150081;2.0;2.0;10.0;5739.75;0.0;2.0;;2022-07;2022-06
8799455543297;7.0;7.0;23.0;158592.96;5.0;2.0;0.4;2022-07;2022-06
8799455707137;9.0;9.0;17.0;168957.0;7.0;2.0;0.2857142857142857;2022-07;2022-06
8799455903745;2.0;2.0;2.0;32317.2;0.0;2.0;;2022-07;2022-06
8799735578625;13.0;13.0;31.0;102691.26;11.0;2.0;0.18181818181818182;2022-07;2022-06
8799862685697;9.0;9.0;9.0;22971.51;7.0;2.0;0.2857142857142857;2022-07;2022-06
8799960563713;92.0;92.0;297.0;723964.32;90.0;2.0;0.022222222222222223;2022-07;2022-06
8800060342273;11.0;11.0;11.0;70685.325;9.0;2.0;0.2222222222222222;2022-07;2022-06
8800061784065;4.0;4.0;4.0;17158.14;2.0;2.0;1.0;2022-07;2022-06
8800161005569;8.0;8.0;10.0;9153.36;6.0;2.0;0.3333333333333333;2022-07;2022-06
8800189579265;3.0;3.0;3.0;6373.485;1.0;2.0;2.0;2022-07;2022-06
8800287391745;2.0;2.0;2.0;38504.655;0.0;2.0;;2022-07;2022-06
8800522731521;24.0;24.0;50.0;155317.05;22.0;2.0;0.09090909090909091;2022-07;2022-06
8800616873985;3.0;3.0;5.0;17997.525;1.0;2.0;2.0;2022-07;2022-06
8800812367873;2.0;2.0;2.0;6534.72;0.0;2.0;;2022-07;2022-06
8801237696513;4.0;4.0;5.0;22997.475;2.0;2.0;1.0;2022-07;2022-06
8801237860353;4.0;4.0;6.0;21975.48;2.0;2.0;1.0;2022-07;2022-06
8801370505217;6.0;6.0;18.0;214968.42;4.0;2.0;0.5;2022-07;2022-06
8801370701825;22.0;22.0;60.0;88802.145;20.0;2.0;0.1;2022-07;2022-06
8801370734593;6.0;6.0;21.0;294007.95;4.0;2.0;0.5;2022-07;2022-06
8801371095041;14.0;14.0;37.0;69521.715;12.0;2.0;0.16666666666666666;2022-07;2022-06
8801372667905;3.0;3.0;7.0;34746.525;1.0;2.0;2.0;2022-07;2022-06
8801372930049;10.0;10.0;20.0;196882.875;8.0;2.0;0.25;2022-07;2022-06
8801500233729;2.0;2.0;10.0;98995.05;0.0;2.0;;2022-07;2022-06
8801666039809;5.0;5.0;5.0;45099.81;3.0;2.0;0.6666666666666666;2022-07;2022-06
8801666170881;9.0;9.0;36.0;367949.34;7.0;2.0;0.2857142857142857;2022-07;2022-06
8801698283521;4.0;4.0;13.0;146352.15;2.0;2.0;1.0;2022-07;2022-06
8801698349057;27.0;27.0;77.0;379914.84;25.0;2.0;0.08;2022-07;2022-06
8801698971649;2.0;2.0;3.0;38350.8;0.0;2.0;;2022-07;2022-06
8801699201025;2.0;2.0;5.0;31957.65;0.0;2.0;;2022-07;2022-06
8801699266561;7.0;7.0;13.0;118420.065;5.0;2.0;0.4;2022-07;2022-06
8801828798465;6.0;6.0;8.0;9776.295;4.0;2.0;0.5;2022-07;2022-06
8801828929537;2.0;2.0;2.0;3374.01;0.0;2.0;;2022-07;2022-06
8801894727681;5.0;5.0;5.0;31891.14;3.0;2.0;0.6666666666666666;2022-07;2022-06
8801895579649;2.0;2.0;4.0;127020.6;0.0;2.0;;2022-07;2022-06
8802459385857;3.0;3.0;3.0;73021.23;1.0;2.0;2.0;2022-07;2022-06
8802712649729;3.0;3.0;10.0;23517.45;1.0;2.0;2.0;2022-07;2022-06
8802713829377;4.0;4.0;4.0;98811.225;2.0;2.0;1.0;2022-07;2022-06
8803008053249;2.0;2.0;4.0;55440.18;0.0;2.0;;2022-07;2022-06
8803009822721;17.0;17.0;50.0;355052.25;15.0;2.0;0.13333333333333333;2022-07;2022-06
8803010281473;2.0;2.0;8.0;92859.48;0.0;2.0;;2022-07;2022-06
8803010478081;3.0;3.0;9.0;74091.915;1.0;2.0;2.0;2022-07;2022-06
8803010543617;2.0;2.0;2.0;20351.25;0.0;2.0;;2022-07;2022-06
8803011919873;3.0;3.0;12.0;105539.22;1.0;2.0;2.0;2022-07;2022-06
8803012116481;3.0;3.0;7.0;117405.54;1.0;2.0;2.0;2022-07;2022-06
8803012182017;2.0;2.0;4.0;53998.02;0.0;2.0;;2022-07;2022-06
8803012902913;11.0;11.0;11.0;76706.415;9.0;2.0;0.2222222222222222;2022-07;2022-06
8803236904961;4.0;4.0;4.0;18176.895;2.0;2.0;1.0;2022-07;2022-06
8803303849985;2.0;2.0;3.0;119657.52;0.0;2.0;;2022-07;2022-06
8803304308737;2.0;2.0;3.0;120117.825;0.0;2.0;;2022-07;2022-06
8803305291777;4.0;4.0;5.0;54201.915;2.0;2.0;1.0;2022-07;2022-06
8803305652225;8.0;8.0;22.0;116988.3;6.0;2.0;0.3333333333333333;2022-07;2022-06
8803305914369;5.0;5.0;9.0;50620.545;3.0;2.0;0.6666666666666666;2022-07;2022-06
8803306536961;9.0;9.0;32.0;260165.88;7.0;2.0;0.2857142857142857;2022-07;2022-06
8803512057857;3.0;3.0;13.0;245959.155;1.0;2.0;2.0;2022-07;2022-06
8803512418305;3.0;3.0;5.0;184297.59;1.0;2.0;2.0;2022-07;2022-06
8803512844289;2.0;2.0;5.0;439497.45;0.0;2.0;;2022-07;2022-06
8803513860097;2.0;2.0;6.0;61427.07;0.0;2.0;;2022-07;2022-06
8803514417153;3.0;3.0;7.0;117139.545;1.0;2.0;2.0;2022-07;2022-06
8803515596801;3.0;3.0;8.0;111268.8;1.0;2.0;2.0;2022-07;2022-06
8803793797121;15.0;15.0;56.0;120154.86;13.0;2.0;0.15384615384615385;2022-07;2022-06
8803826466817;3.0;3.0;10.0;21557.745;1.0;2.0;2.0;2022-07;2022-06
8803896655873;42.0;42.0;130.0;852351.21;40.0;2.0;0.05;2022-07;2022-06
8803925098497;2.0;2.0;5.0;18717.84;0.0;2.0;;2022-07;2022-06
8803990339585;2.0;2.0;4.0;36406.98;0.0;2.0;;2022-07;2022-06
8803992076289;3.0;3.0;9.0;35433.045;1.0;2.0;2.0;2022-07;2022-06
8803992436737;4.0;4.0;4.0;3816.45;2.0;2.0;1.0;2022-07;2022-06
8803992633345;2.0;2.0;5.0;41673.6;0.0;2.0;;2022-07;2022-06
8804122853377;4.0;4.0;4.0;19429.74;2.0;2.0;1.0;2022-07;2022-06
8804397744129;3.0;3.0;11.0;15905.385;1.0;2.0;2.0;2022-07;2022-06
8804411867137;2.0;2.0;16.0;38224.8;0.0;2.0;;2022-07;2022-06
8804578787329;2.0;2.0;48.0;66307.5;0.0;2.0;;2022-07;2022-06
8804592680961;2.0;2.0;8.0;9904.5;0.0;2.0;;2022-07;2022-06
8804643766273;2.0;2.0;31.0;15325.875;0.0;2.0;;2022-07;2022-06
8805206753281;48.0;48.0;130.0;434164.14;46.0;2.0;0.043478260869565216;2022-07;2022-06
8805400346625;2.0;2.0;16.0;272446.56;0.0;2.0;;2022-07;2022-06
8805400477697;3.0;3.0;3.0;35793.9;1.0;2.0;2.0;2022-07;2022-06
8805400805377;11.0;11.0;18.0;64243.62;9.0;2.0;0.2222222222222222;2022-07;2022-06
8805402083329;3.0;3.0;4.0;112498.02;1.0;2.0;2.0;2022-07;2022-06
8805402411009;4.0;4.0;8.0;44996.04;2.0;2.0;1.0;2022-07;2022-06
8805403066369;4.0;4.0;10.0;246766.23;2.0;2.0;1.0;2022-07;2022-06
8805403099137;2.0;2.0;8.0;155196.0;0.0;2.0;;2022-07;2022-06
8805403426817;2.0;2.0;5.0;11779.47;0.0;2.0;;2022-07;2022-06
8805403983873;6.0;6.0;9.0;210320.505;4.0;2.0;0.5;2022-07;2022-06
8805405458433;6.0;6.0;16.0;126490.32;4.0;2.0;0.5;2022-07;2022-06
8805405622273;3.0;3.0;7.0;38809.125;1.0;2.0;2.0;2022-07;2022-06
8805531418625;3.0;3.0;10.0;159029.1;1.0;2.0;2.0;2022-07;2022-06
8805533319169;2.0;2.0;3.0;3978.585;0.0;2.0;;2022-07;2022-06
8805597282305;7.0;7.0;23.0;84032.19;5.0;2.0;0.4;2022-07;2022-06
8805826723841;28.0;28.0;28.0;24092.325;26.0;2.0;0.07692307692307693;2022-07;2022-06
8805827805185;128.0;128.0;145.0;130879.215;126.0;2.0;0.015873015873015872;2022-07;2022-06
8805890949121;2.0;2.0;7.0;31496.535;0.0;2.0;;2022-07;2022-06
8806221479937;2.0;2.0;3.0;55311.12;0.0;2.0;;2022-07;2022-06
8806226526209;4.0;4.0;10.0;39370.05;2.0;2.0;1.0;2022-07;2022-06
8806253002753;45.0;45.0;46.0;32623.02;43.0;2.0;0.046511627906976744;2022-07;2022-06
8806483197953;31.0;31.0;87.0;197980.785;29.0;2.0;0.06896551724137931;2022-07;2022-06
8806711230465;12.0;12.0;12.0;122232.915;10.0;2.0;0.2;2022-07;2022-06
8806713556993;13.0;13.0;13.0;199168.785;11.0;2.0;0.18181818181818182;2022-07;2022-06
8806713589761;9.0;9.0;9.0;160902.36;7.0;2.0;0.2857142857142857;2022-07;2022-06
8806939459585;4.0;4.0;13.0;106307.01;2.0;2.0;1.0;2022-07;2022-06
8807007354881;7.0;7.0;7.0;35104.23;5.0;2.0;0.4;2022-07;2022-06
8807669366785;73.0;73.0;218.0;748341.45;71.0;2.0;0.028169014084507043;2022-07;2022-06
8807824850945;66.0;66.0;76.0;39969.18;64.0;2.0;0.03125;2022-07;2022-06
8807827046401;2.0;2.0;3.0;92043.945;0.0;2.0;;2022-07;2022-06
8807827734529;8.0;8.0;23.0;93688.02;6.0;2.0;0.3333333333333333;2022-07;2022-06
8807828291585;2.0;2.0;8.0;105615.9;0.0;2.0;;2022-07;2022-06
8807925612545;4.0;4.0;5.0;26534.835;2.0;2.0;1.0;2022-07;2022-06
8807925710849;2.0;2.0;2.0;24030.54;0.0;2.0;;2022-07;2022-06
8808184905729;2.0;2.0;3.0;17180.235;0.0;2.0;;2022-07;2022-06
8808348516353;2.0;2.0;8.0;21268.8;0.0;2.0;;2022-07;2022-06
8808348909569;2.0;2.0;2.0;40908.06;0.0;2.0;;2022-07;2022-06
8808349597697;2.0;2.0;2.0;209617.2;0.0;2.0;;2022-07;2022-06
8808350416897;3.0;3.0;9.0;457921.35;1.0;2.0;2.0;2022-07;2022-06
8808352022529;3.0;3.0;9.0;149025.15;1.0;2.0;2.0;2022-07;2022-06
8808352055297;2.0;2.0;2.0;24339.915;0.0;2.0;;2022-07;2022-06
8808352219137;4.0;4.0;14.0;35006.22;2.0;2.0;1.0;2022-07;2022-06
8808352743425;5.0;5.0;8.0;1591.56;3.0;2.0;0.6666666666666666;2022-07;2022-06
8808938340353;8.0;8.0;29.0;207640.08;6.0;2.0;0.3333333333333333;2022-07;2022-06
8809141633025;5.0;5.0;5.0;75935.025;3.0;2.0;0.6666666666666666;2022-07;2022-06
8809823993857;2.0;2.0;3.0;16985.97;0.0;2.0;;2022-07;2022-06
8809824419841;5.0;5.0;21.0;141145.965;3.0;2.0;0.6666666666666666;2022-07;2022-06
8809824747521;2.0;2.0;4.0;7713.9;0.0;2.0;;2022-07;2022-06
8809824911361;2.0;2.0;3.0;5214.375;0.0;2.0;;2022-07;2022-06
8809826156545;2.0;2.0;2.0;5184.27;0.0;2.0;;2022-07;2022-06
8809826877441;3.0;3.0;12.0;50925.78;1.0;2.0;2.0;2022-07;2022-06
8811723390977;2.0;2.0;2.0;15863.805;0.0;2.0;;2022-07;2022-06
8811854626817;2.0;2.0;2.0;7413.75;0.0;2.0;;2022-07;2022-06
8812380618753;2.0;2.0;8.0;37888.02;0.0;2.0;;2022-07;2022-06
8812380749825;2.0;2.0;8.0;61563.96;0.0;2.0;;2022-07;2022-06
8812381011969;2.0;2.0;2.0;12987.63;0.0;2.0;;2022-07;2022-06
8797154115585;4.0;4.0;10.0;99495.0;3.0;1.0;0.3333333333333333;2022-07;2022-06
8797154443265;1.0;1.0;1.0;9999.495;0.0;1.0;;2022-07;2022-06
8797158670337;4.0;4.0;13.0;196095.555;3.0;1.0;0.3333333333333333;2022-07;2022-06
8797181542401;3.0;3.0;10.0;94005.0;2.0;1.0;0.5;2022-07;2022-06
8797188456449;21.0;21.0;21.0;96950.25;20.0;1.0;0.05;2022-07;2022-06
8797188489217;13.0;13.0;14.0;59367.78;12.0;1.0;0.08333333333333333;2022-07;2022-06
8797188685825;7.0;7.0;7.0;36508.005;6.0;1.0;0.16666666666666666;2022-07;2022-06
8797208805377;1.0;1.0;1.0;10660.5;0.0;1.0;;2022-07;2022-06
8797209624577;15.0;15.0;47.0;409476.015;14.0;1.0;0.07142857142857142;2022-07;2022-06
8797221453825;1.0;1.0;2.0;4998.96;0.0;1.0;;2022-07;2022-06
8797222764545;6.0;6.0;6.0;44622.18;5.0;1.0;0.2;2022-07;2022-06
8797235773441;5.0;5.0;17.0;217183.5;4.0;1.0;0.25;2022-07;2022-06
8797236035585;1.0;1.0;1.0;12783.6;0.0;1.0;;2022-07;2022-06
8797236396033;1.0;1.0;1.0;9445.5;0.0;1.0;;2022-07;2022-06
8797241278465;1.0;1.0;1.0;2863.125;0.0;1.0;;2022-07;2022-06
8797241475073;1.0;1.0;1.0;1942.65;0.0;1.0;;2022-07;2022-06
8797244162049;7.0;7.0;7.0;28428.39;6.0;1.0;0.16666666666666666;2022-07;2022-06
8797244325889;4.0;4.0;4.0;12066.12;3.0;1.0;0.3333333333333333;2022-07;2022-06
8797247307777;31.0;31.0;31.0;119619.855;30.0;1.0;0.03333333333333333;2022-07;2022-06
8797257728001;6.0;6.0;13.0;63635.4;5.0;1.0;0.2;2022-07;2022-06
8797259464705;11.0;11.0;21.0;67189.5;10.0;1.0;0.1;2022-07;2022-06
8797260644353;1.0;1.0;1.0;10925.55;0.0;1.0;;2022-07;2022-06
8797260840961;1.0;1.0;2.0;28024.11;0.0;1.0;;2022-07;2022-06
8797262249985;47.0;47.0;148.0;1642377.15;46.0;1.0;0.021739130434782608;2022-07;2022-06
8797263986689;1.0;1.0;2.0;2525.22;0.0;1.0;;2022-07;2022-06
8797266477057;1.0;1.0;1.0;2299.5;0.0;1.0;;2022-07;2022-06
8797270802433;21.0;21.0;47.0;139547.34;20.0;1.0;0.05;2022-07;2022-06
8797271457793;5.0;5.0;14.0;208322.1;4.0;1.0;0.25;2022-07;2022-06
8797273260033;1.0;1.0;1.0;3249.495;0.0;1.0;;2022-07;2022-06
8797275226113;26.0;26.0;73.0;397888.785;25.0;1.0;0.04;2022-07;2022-06
8797277290497;5.0;5.0;10.0;61358.4;4.0;1.0;0.25;2022-07;2022-06
8797277323265;5.0;5.0;13.0;42070.5;4.0;1.0;0.25;2022-07;2022-06
8797278240769;1.0;1.0;2.0;29862.63;0.0;1.0;;2022-07;2022-06
8797284335617;1.0;1.0;4.0;97566.12;0.0;1.0;;2022-07;2022-06
8797284794369;1.0;1.0;4.0;167111.64;0.0;1.0;;2022-07;2022-06
8797285744641;3.0;3.0;5.0;17986.05;2.0;1.0;0.5;2022-07;2022-06
8797287186433;1.0;1.0;2.0;21896.1;0.0;1.0;;2022-07;2022-06
8797288824833;6.0;6.0;19.0;169204.5;5.0;1.0;0.2;2022-07;2022-06
8797291905025;2.0;2.0;2.0;4986.54;1.0;1.0;1.0;2022-07;2022-06
8797293019137;2.0;2.0;3.0;38326.5;1.0;1.0;1.0;2022-07;2022-06
8797295050753;20.0;20.0;66.0;291588.21;19.0;1.0;0.05263157894736842;2022-07;2022-06
8797296164865;2.0;2.0;5.0;50602.5;1.0;1.0;1.0;2022-07;2022-06
8797299015681;16.0;16.0;51.0;289773.315;15.0;1.0;0.06666666666666667;2022-07;2022-06
8797299408897;4.0;4.0;14.0;106306.02;3.0;1.0;0.3333333333333333;2022-07;2022-06
8797304684545;2.0;2.0;2.0;4289.085;1.0;1.0;1.0;2022-07;2022-06
8797305077761;1.0;1.0;1.0;4649.49;0.0;1.0;;2022-07;2022-06
8797305831425;1.0;1.0;1.0;4299.48;0.0;1.0;;2022-07;2022-06
8797305896961;5.0;5.0;10.0;74177.685;4.0;1.0;0.25;2022-07;2022-06
8797308518401;3.0;3.0;10.0;54676.71;2.0;1.0;0.5;2022-07;2022-06
8797308878849;3.0;3.0;5.0;741906.765;2.0;1.0;0.5;2022-07;2022-06
8797308977153;2.0;2.0;4.0;102270.6;1.0;1.0;1.0;2022-07;2022-06
8797310287873;1.0;1.0;1.0;2351.745;0.0;1.0;;2022-07;2022-06
8797310353409;3.0;3.0;9.0;105847.56;2.0;1.0;0.5;2022-07;2022-06
8797311041537;2.0;2.0;8.0;153813.96;1.0;1.0;1.0;2022-07;2022-06
8797311139841;1.0;1.0;2.0;27612.63;0.0;1.0;;2022-07;2022-06
8797311696897;3.0;3.0;9.0;62874.18;2.0;1.0;0.5;2022-07;2022-06
8797311926273;17.0;17.0;64.0;496222.29;16.0;1.0;0.0625;2022-07;2022-06
8797316546561;14.0;14.0;14.0;107980.11;13.0;1.0;0.07692307692307693;2022-07;2022-06
8797317300225;4.0;4.0;4.0;24868.71;3.0;1.0;0.3333333333333333;2022-07;2022-06
8797317431297;3.0;3.0;3.0;12373.56;2.0;1.0;0.5;2022-07;2022-06
8797317464065;7.0;7.0;7.0;29988.09;6.0;1.0;0.16666666666666666;2022-07;2022-06
8797317988353;3.0;3.0;3.0;19760.13;2.0;1.0;0.5;2022-07;2022-06
8797322838017;4.0;4.0;5.0;21986.1;3.0;1.0;0.3333333333333333;2022-07;2022-06
8797323034625;5.0;5.0;5.0;29183.625;4.0;1.0;0.25;2022-07;2022-06
8797323460609;2.0;2.0;2.0;12306.87;1.0;1.0;1.0;2022-07;2022-06
8797327196161;16.0;16.0;20.0;12109.32;15.0;1.0;0.06666666666666667;2022-07;2022-06
8797327327233;1.0;1.0;4.0;46798.02;0.0;1.0;;2022-07;2022-06
8797327818753;1.0;1.0;1.0;43414.245;0.0;1.0;;2022-07;2022-06
8797328310273;2.0;2.0;2.0;26078.49;1.0;1.0;1.0;2022-07;2022-06
8797328572417;11.0;11.0;22.0;120926.52;10.0;1.0;0.1;2022-07;2022-06
8797577412609;1.0;1.0;1.0;7972.2;0.0;1.0;;2022-07;2022-06
8797577641985;8.0;8.0;8.0;68550.48;7.0;1.0;0.14285714285714285;2022-07;2022-06
8797581410305;1.0;1.0;1.0;25566.12;0.0;1.0;;2022-07;2022-06
8797981900801;1.0;1.0;2.0;2618.1;0.0;1.0;;2022-07;2022-06
8797984817153;1.0;1.0;2.0;20753.1;0.0;1.0;;2022-07;2022-06
8797985144833;2.0;2.0;8.0;72640.08;1.0;1.0;1.0;2022-07;2022-06
8797985832961;7.0;7.0;12.0;6744.06;6.0;1.0;0.16666666666666666;2022-07;2022-06
8798174838785;1.0;1.0;5.0;2032.2;0.0;1.0;;2022-07;2022-06
8798182211585;4.0;4.0;4.0;684.135;3.0;1.0;0.3333333333333333;2022-07;2022-06
8798182277121;22.0;22.0;40.0;4567.77;21.0;1.0;0.047619047619047616;2022-07;2022-06
8798182342657;6.0;6.0;11.0;1472.85;5.0;1.0;0.2;2022-07;2022-06
8798846320641;3.0;3.0;3.0;2110.5;2.0;1.0;0.5;2022-07;2022-06
8798846386177;12.0;12.0;12.0;13168.035;11.0;1.0;0.09090909090909091;2022-07;2022-06
8798976737281;2.0;2.0;6.0;1324.89;1.0;1.0;1.0;2022-07;2022-06
8799374573569;4.0;4.0;4.0;23704.92;3.0;1.0;0.3333333333333333;2022-07;2022-06
8799376146433;16.0;16.0;52.0;550192.185;15.0;1.0;0.06666666666666667;2022-07;2022-06
8799376932865;2.0;2.0;5.0;46020.15;1.0;1.0;1.0;2022-07;2022-06
8799377031169;2.0;2.0;4.0;59229.36;1.0;1.0;1.0;2022-07;2022-06
8799377817601;1.0;1.0;2.0;38571.21;0.0;1.0;;2022-07;2022-06
8799436701697;4.0;4.0;6.0;25462.89;3.0;1.0;0.3333333333333333;2022-07;2022-06
8799567544321;1.0;1.0;4.0;57582.0;0.0;1.0;;2022-07;2022-06
8799764021249;13.0;13.0;26.0;74693.97;12.0;1.0;0.08333333333333333;2022-07;2022-06
8799863570433;52.0;52.0;190.0;2128212.495;51.0;1.0;0.0196078431372549;2022-07;2022-06
8799864553473;4.0;4.0;13.0;88740.405;3.0;1.0;0.3333333333333333;2022-07;2022-06
8800161202177;1.0;1.0;1.0;8063.73;0.0;1.0;;2022-07;2022-06
8800189612033;2.0;2.0;5.0;50684.04;1.0;1.0;1.0;2022-07;2022-06
8800256393217;1.0;1.0;2.0;8099.01;0.0;1.0;;2022-07;2022-06
8800260784129;8.0;8.0;8.0;58081.005;7.0;1.0;0.14285714285714285;2022-07;2022-06
8800261472257;1.0;1.0;1.0;2402.91;0.0;1.0;;2022-07;2022-06
8800386252801;1.0;1.0;1.0;919.935;0.0;1.0;;2022-07;2022-06
8800386711553;13.0;13.0;32.0;121491.9;12.0;1.0;0.08333333333333333;2022-07;2022-06
8800451198977;83.0;83.0;134.0;53458.29;82.0;1.0;0.012195121951219513;2022-07;2022-06
8800487342081;3.0;3.0;12.0;44176.14;2.0;1.0;0.5;2022-07;2022-06
8800487604225;5.0;5.0;20.0;102802.86;4.0;1.0;0.25;2022-07;2022-06
8800488980481;1.0;1.0;6.0;620383.32;0.0;1.0;;2022-07;2022-06
8800489013249;1.0;1.0;2.0;231646.68;0.0;1.0;;2022-07;2022-06
8800489046017;1.0;1.0;1.0;145277.91;0.0;1.0;;2022-07;2022-06
8800523255809;5.0;5.0;6.0;35280.9;4.0;1.0;0.25;2022-07;2022-06
8800616579073;3.0;3.0;10.0;51131.25;2.0;1.0;0.5;2022-07;2022-06
8800617299969;1.0;1.0;4.0;94395.6;0.0;1.0;;2022-07;2022-06
8800617496577;1.0;1.0;2.0;44999.01;0.0;1.0;;2022-07;2022-06
8800681361409;2.0;2.0;6.0;103653.0;1.0;1.0;1.0;2022-07;2022-06
8800681787393;1.0;1.0;1.0;75681.315;0.0;1.0;;2022-07;2022-06
8800877477889;1.0;1.0;2.0;14299.02;0.0;1.0;;2022-07;2022-06
8801172357121;2.0;2.0;2.0;2591.64;1.0;1.0;1.0;2022-07;2022-06
8801373224961;1.0;1.0;2.0;11249.01;0.0;1.0;;2022-07;2022-06
8801373683713;1.0;1.0;1.0;1749.51;0.0;1.0;;2022-07;2022-06
8801500266497;1.0;1.0;1.0;10745.01;0.0;1.0;;2022-07;2022-06
8801698250753;1.0;1.0;2.0;17576.1;0.0;1.0;;2022-07;2022-06
8801698709505;5.0;5.0;17.0;134735.625;4.0;1.0;0.25;2022-07;2022-06
8801698840577;3.0;3.0;8.0;63016.56;2.0;1.0;0.5;2022-07;2022-06
8801699037185;6.0;6.0;9.0;126558.045;5.0;1.0;0.2;2022-07;2022-06
8801699135489;6.0;6.0;11.0;229494.375;5.0;1.0;0.2;2022-07;2022-06
8801828765697;5.0;5.0;12.0;78437.34;4.0;1.0;0.25;2022-07;2022-06
8801828864001;3.0;3.0;6.0;53276.76;2.0;1.0;0.5;2022-07;2022-06
8801828896769;1.0;1.0;2.0;3828.87;0.0;1.0;;2022-07;2022-06
8801991720961;5.0;5.0;15.0;185617.44;4.0;1.0;0.25;2022-07;2022-06
8802453979137;1.0;1.0;3.0;23998.545;0.0;1.0;;2022-07;2022-06
8802713370625;1.0;1.0;4.0;54816.12;0.0;1.0;;2022-07;2022-06
8802713731073;2.0;2.0;5.0;71971.875;1.0;1.0;1.0;2022-07;2022-06
8803008905217;2.0;2.0;5.0;24031.575;1.0;1.0;1.0;2022-07;2022-06
8803011657729;2.0;2.0;2.0;22499.01;1.0;1.0;1.0;2022-07;2022-06
8803040165889;9.0;9.0;27.0;136241.1;8.0;1.0;0.125;2022-07;2022-06
8803306504193;31.0;31.0;95.0;291120.03;30.0;1.0;0.03333333333333333;2022-07;2022-06
8803511468033;4.0;4.0;6.0;29144.61;3.0;1.0;0.3333333333333333;2022-07;2022-06
8803511730177;1.0;1.0;2.0;70567.2;0.0;1.0;;2022-07;2022-06
8803511992321;1.0;1.0;2.0;188180.82;0.0;1.0;;2022-07;2022-06
8803512647681;1.0;1.0;1.0;19249.515;0.0;1.0;;2022-07;2022-06
8803512975361;2.0;2.0;8.0;65413.8;1.0;1.0;1.0;2022-07;2022-06
8803513761793;1.0;1.0;1.0;8897.22;0.0;1.0;;2022-07;2022-06
8803513794561;1.0;1.0;4.0;45406.98;0.0;1.0;;2022-07;2022-06
8803513958401;4.0;4.0;11.0;119756.205;3.0;1.0;0.3333333333333333;2022-07;2022-06
8803514023937;3.0;3.0;9.0;89241.345;2.0;1.0;0.5;2022-07;2022-06
8803514744833;1.0;1.0;1.0;16260.84;0.0;1.0;;2022-07;2022-06
8803514875905;1.0;1.0;2.0;32930.82;0.0;1.0;;2022-07;2022-06
8803515236353;1.0;1.0;4.0;63151.56;0.0;1.0;;2022-07;2022-06
8803515301889;2.0;2.0;8.0;134996.04;1.0;1.0;1.0;2022-07;2022-06
8803515400193;2.0;2.0;4.0;73225.26;1.0;1.0;1.0;2022-07;2022-06
8803515432961;1.0;1.0;2.0;25771.68;0.0;1.0;;2022-07;2022-06
8803515498497;1.0;1.0;2.0;35753.58;0.0;1.0;;2022-07;2022-06
8803630874625;2.0;2.0;4.0;70566.12;1.0;1.0;1.0;2022-07;2022-06
8803630940161;1.0;1.0;2.0;28758.15;0.0;1.0;;2022-07;2022-06
8803728621569;10.0;10.0;10.0;13360.95;9.0;1.0;0.1111111111111111;2022-07;2022-06
8803728785409;17.0;17.0;17.0;13043.475;16.0;1.0;0.0625;2022-07;2022-06
8803794485249;1.0;1.0;4.0;36816.12;0.0;1.0;;2022-07;2022-06
8803794812929;2.0;2.0;5.0;19446.93;1.0;1.0;1.0;2022-07;2022-06
8803794845697;3.0;3.0;7.0;73019.205;2.0;1.0;0.5;2022-07;2022-06
8803795206145;6.0;6.0;18.0;126308.07;5.0;1.0;0.2;2022-07;2022-06
8803795238913;2.0;2.0;4.0;33543.36;1.0;1.0;1.0;2022-07;2022-06
8803795599361;3.0;3.0;6.0;92669.94;2.0;1.0;0.5;2022-07;2022-06
8803796254721;1.0;1.0;1.0;8355.195;0.0;1.0;;2022-07;2022-06
8803797041153;8.0;8.0;20.0;107550.0;7.0;1.0;0.14285714285714285;2022-07;2022-06
8803797565441;2.0;2.0;4.0;27579.96;1.0;1.0;1.0;2022-07;2022-06
8803828891649;4.0;4.0;4.0;2522.835;3.0;1.0;0.3333333333333333;2022-07;2022-06
8803829481473;14.0;14.0;14.0;14766.165;13.0;1.0;0.07692307692307693;2022-07;2022-06
8803859398657;1.0;1.0;1.0;138.33;0.0;1.0;;2022-07;2022-06
8803859464193;2.0;2.0;2.0;419.22;1.0;1.0;1.0;2022-07;2022-06
8803897180161;5.0;5.0;12.0;75450.96;4.0;1.0;0.25;2022-07;2022-06
8803990208513;9.0;9.0;9.0;10979.37;8.0;1.0;0.125;2022-07;2022-06
8803992535041;4.0;4.0;7.0;83757.87;3.0;1.0;0.3333333333333333;2022-07;2022-06
8804058464257;5.0;5.0;13.0;151193.745;4.0;1.0;0.25;2022-07;2022-06
8804122263553;50.0;50.0;180.0;402504.255;49.0;1.0;0.02040816326530612;2022-07;2022-06
8804122525697;2.0;2.0;2.0;17896.68;1.0;1.0;1.0;2022-07;2022-06
8804403478529;1.0;1.0;4.0;7390.26;0.0;1.0;;2022-07;2022-06
8804411277313;1.0;1.0;4.0;10440.405;0.0;1.0;;2022-07;2022-06
8804411473921;1.0;1.0;2.0;5951.115;0.0;1.0;;2022-07;2022-06
8804435001345;2.0;2.0;8.0;12599.82;1.0;1.0;1.0;2022-07;2022-06
8804435656705;1.0;1.0;1.0;1978.2;0.0;1.0;;2022-07;2022-06
8804470358017;1.0;1.0;1.0;1670.31;0.0;1.0;;2022-07;2022-06
8804470718465;2.0;2.0;10.0;22401.27;1.0;1.0;1.0;2022-07;2022-06
8804475568129;1.0;1.0;2.0;5580.45;0.0;1.0;;2022-07;2022-06
8804477206529;1.0;1.0;4.0;7011.675;0.0;1.0;;2022-07;2022-06
8804479008769;1.0;1.0;2.0;22561.02;0.0;1.0;;2022-07;2022-06
8804485365761;1.0;1.0;2.0;5244.21;0.0;1.0;;2022-07;2022-06
8804492312577;1.0;1.0;2.0;22302.36;0.0;1.0;;2022-07;2022-06
8804495851521;1.0;1.0;1.0;3221.955;0.0;1.0;;2022-07;2022-06
8804511973377;1.0;1.0;2.0;8324.91;0.0;1.0;;2022-07;2022-06
8804522917889;1.0;1.0;8.0;12101.04;0.0;1.0;;2022-07;2022-06
8804523048961;2.0;2.0;9.0;12441.285;1.0;1.0;1.0;2022-07;2022-06
8804554637313;1.0;1.0;2.0;3181.14;0.0;1.0;;2022-07;2022-06
8804557914113;1.0;1.0;1.0;775.71;0.0;1.0;;2022-07;2022-06
8804570169345;1.0;1.0;1.0;1380.735;0.0;1.0;;2022-07;2022-06
8804578721793;2.0;2.0;5.0;6420.96;1.0;1.0;1.0;2022-07;2022-06
8804579180545;1.0;1.0;1.0;1515.015;0.0;1.0;;2022-07;2022-06
8804583899137;1.0;1.0;1.0;3634.92;0.0;1.0;;2022-07;2022-06
8804595892225;1.0;1.0;1.0;13391.19;0.0;1.0;;2022-07;2022-06
8804596383745;1.0;1.0;4.0;6430.5;0.0;1.0;;2022-07;2022-06
8804596842497;1.0;1.0;4.0;10399.455;0.0;1.0;;2022-07;2022-06
8804598218753;1.0;1.0;1.0;3913.335;0.0;1.0;;2022-07;2022-06
8804599857153;1.0;1.0;1.0;1368.81;0.0;1.0;;2022-07;2022-06
8804607688705;1.0;1.0;2.0;2568.375;0.0;1.0;;2022-07;2022-06
8804620861441;2.0;2.0;4.0;5920.38;1.0;1.0;1.0;2022-07;2022-06
8804623646721;4.0;4.0;24.0;30798.225;3.0;1.0;0.3333333333333333;2022-07;2022-06
8804628103169;1.0;1.0;2.0;20275.83;0.0;1.0;;2022-07;2022-06
8804643241985;1.0;1.0;2.0;5709.96;0.0;1.0;;2022-07;2022-06
8804658085889;1.0;1.0;1.0;1744.29;0.0;1.0;;2022-07;2022-06
8804658249729;2.0;2.0;5.0;2754.855;1.0;1.0;1.0;2022-07;2022-06
8805400543233;1.0;1.0;6.0;44792.46;0.0;1.0;;2022-07;2022-06
8805400641537;1.0;1.0;1.0;3229.515;0.0;1.0;;2022-07;2022-06
8805400707073;5.0;5.0;7.0;106257.735;4.0;1.0;0.25;2022-07;2022-06
8805400936449;2.0;2.0;2.0;4396.68;1.0;1.0;1.0;2022-07;2022-06
8805401821185;11.0;11.0;14.0;357947.19;10.0;1.0;0.1;2022-07;2022-06
8805401919489;1.0;1.0;1.0;34874.505;0.0;1.0;;2022-07;2022-06
8805401952257;1.0;1.0;2.0;97158.06;0.0;1.0;;2022-07;2022-06
8805401985025;4.0;4.0;10.0;227807.37;3.0;1.0;0.3333333333333333;2022-07;2022-06
8805402247169;1.0;1.0;2.0;15299.01;0.0;1.0;;2022-07;2022-06
8805402673153;1.0;1.0;1.0;46022.22;0.0;1.0;;2022-07;2022-06
8805402804225;5.0;5.0;8.0;33132.24;4.0;1.0;0.25;2022-07;2022-06
8805403262977;1.0;1.0;1.0;8641.53;0.0;1.0;;2022-07;2022-06
8805403590657;1.0;1.0;1.0;22499.505;0.0;1.0;;2022-07;2022-06
8805405032449;11.0;11.0;34.0;155516.94;10.0;1.0;0.1;2022-07;2022-06
8805406179329;57.0;57.0;217.0;969278.76;56.0;1.0;0.017857142857142856;2022-07;2022-06
8805408604161;3.0;3.0;3.0;18577.44;2.0;1.0;0.5;2022-07;2022-06
8805408735233;4.0;4.0;16.0;202968.0;3.0;1.0;0.3333333333333333;2022-07;2022-06
8805531189249;1.0;1.0;1.0;1561.185;0.0;1.0;;2022-07;2022-06
8805531353089;1.0;1.0;4.0;64634.4;0.0;1.0;;2022-07;2022-06
8805531615233;1.0;1.0;2.0;42646.68;0.0;1.0;;2022-07;2022-06
8805531811841;6.0;6.0;24.0;351171.72;5.0;1.0;0.2;2022-07;2022-06
8805531942913;6.0;6.0;21.0;137996.46;5.0;1.0;0.2;2022-07;2022-06
8805533712385;1.0;1.0;8.0;17290.71;0.0;1.0;;2022-07;2022-06
8805630574593;5.0;5.0;20.0;95205.78;4.0;1.0;0.25;2022-07;2022-06
8805632147457;1.0;1.0;1.0;4090.41;0.0;1.0;;2022-07;2022-06
8805632245761;1.0;1.0;1.0;4141.53;0.0;1.0;;2022-07;2022-06
8805632278529;1.0;1.0;4.0;23725.26;0.0;1.0;;2022-07;2022-06
8805632638977;2.0;2.0;2.0;16999.02;1.0;1.0;1.0;2022-07;2022-06
8805827870721;7.0;7.0;7.0;3799.215;6.0;1.0;0.16666666666666666;2022-07;2022-06
8805828362241;12.0;12.0;21.0;12507.885;11.0;1.0;0.09090909090909091;2022-07;2022-06
8805891112961;4.0;4.0;12.0;122257.44;3.0;1.0;0.3333333333333333;2022-07;2022-06
8805988990977;1.0;1.0;4.0;8998.02;0.0;1.0;;2022-07;2022-06
8806154633217;1.0;1.0;2.0;32763.6;0.0;1.0;;2022-07;2022-06
8806186647553;1.0;1.0;1.0;1771.065;0.0;1.0;;2022-07;2022-06
8806188220417;1.0;1.0;2.0;3181.14;0.0;1.0;;2022-07;2022-06
8806188285953;1.0;1.0;1.0;1498.275;0.0;1.0;;2022-07;2022-06
8806189203457;1.0;1.0;4.0;5760.18;0.0;1.0;;2022-07;2022-06
8806189268993;1.0;1.0;4.0;7638.12;0.0;1.0;;2022-07;2022-06
8806191431681;1.0;1.0;4.0;7084.215;0.0;1.0;;2022-07;2022-06
8806221774849;1.0;1.0;1.0;8181.315;0.0;1.0;;2022-07;2022-06
8806224297985;1.0;1.0;4.0;5892.255;0.0;1.0;;2022-07;2022-06
8806225313793;2.0;2.0;2.0;49601.25;1.0;1.0;1.0;2022-07;2022-06
8806225739777;1.0;1.0;2.0;18408.06;0.0;1.0;;2022-07;2022-06
8806226460673;2.0;2.0;5.0;16616.7;1.0;1.0;1.0;2022-07;2022-06
8806226493441;1.0;1.0;1.0;15340.41;0.0;1.0;;2022-07;2022-06
8806227050497;1.0;1.0;1.0;3962.565;0.0;1.0;;2022-07;2022-06
8806227902465;1.0;1.0;4.0;95520.6;0.0;1.0;;2022-07;2022-06
8806350848001;2.0;2.0;2.0;13601.25;1.0;1.0;1.0;2022-07;2022-06
8806482706433;13.0;13.0;28.0;63926.1;12.0;1.0;0.08333333333333333;2022-07;2022-06
8806547193857;4.0;4.0;7.0;18968.04;3.0;1.0;0.3333333333333333;2022-07;2022-06
8806612140033;6.0;6.0;21.0;134171.1;5.0;1.0;0.2;2022-07;2022-06
8806612172801;38.0;38.0;114.0;251804.43;37.0;1.0;0.02702702702702703;2022-07;2022-06
8806612598785;12.0;12.0;35.0;100687.185;11.0;1.0;0.09090909090909091;2022-07;2022-06
8806711787521;10.0;10.0;11.0;130179.195;9.0;1.0;0.1111111111111111;2022-07;2022-06
8806711984129;1.0;1.0;1.0;11452.5;0.0;1.0;;2022-07;2022-06
8806712672257;6.0;6.0;6.0;55188.0;5.0;1.0;0.2;2022-07;2022-06
8806714245121;5.0;5.0;16.0;115192.8;4.0;1.0;0.25;2022-07;2022-06
8806906658817;1.0;1.0;4.0;17397.9;0.0;1.0;;2022-07;2022-06
8807007223809;7.0;7.0;7.0;28783.665;6.0;1.0;0.16666666666666666;2022-07;2022-06
8807037861889;1.0;1.0;1.0;5035.5;0.0;1.0;;2022-07;2022-06
8807662649345;15.0;15.0;58.0;234580.86;14.0;1.0;0.07142857142857142;2022-07;2022-06
8807827865601;6.0;6.0;25.0;120021.975;5.0;1.0;0.2;2022-07;2022-06
8807828226049;26.0;26.0;77.0;454757.22;25.0;1.0;0.04;2022-07;2022-06
8807830061057;2.0;2.0;3.0;31600.8;1.0;1.0;1.0;2022-07;2022-06
8808185397249;3.0;3.0;3.0;69339.375;2.0;1.0;0.5;2022-07;2022-06
8808187133953;3.0;3.0;5.0;14060.025;2.0;1.0;0.5;2022-07;2022-06
8808283045889;9.0;9.0;10.0;30155.04;8.0;1.0;0.125;2022-07;2022-06
8808283176961;1.0;1.0;1.0;4294.935;0.0;1.0;;2022-07;2022-06
8808283701249;1.0;1.0;1.0;8743.86;0.0;1.0;;2022-07;2022-06
8808284979201;1.0;1.0;1.0;52772.04;0.0;1.0;;2022-07;2022-06
8808348581889;1.0;1.0;1.0;3837.285;0.0;1.0;;2022-07;2022-06
8808349073409;1.0;1.0;1.0;17948.34;0.0;1.0;;2022-07;2022-06
8808349138945;1.0;1.0;2.0;93987.63;0.0;1.0;;2022-07;2022-06
8808349401089;1.0;1.0;4.0;555748.02;0.0;1.0;;2022-07;2022-06
8808350023681;3.0;3.0;9.0;40955.625;2.0;1.0;0.5;2022-07;2022-06
8808350220289;1.0;1.0;2.0;125794.44;0.0;1.0;;2022-07;2022-06
8808350613505;2.0;2.0;5.0;1526162.175;1.0;1.0;1.0;2022-07;2022-06
8808351367169;5.0;5.0;11.0;121187.7;4.0;1.0;0.25;2022-07;2022-06
8808351399937;2.0;2.0;3.0;47095.065;1.0;1.0;1.0;2022-07;2022-06
8808351760385;1.0;1.0;2.0;11964.87;0.0;1.0;;2022-07;2022-06
8808352514049;23.0;23.0;33.0;9894.195;22.0;1.0;0.045454545454545456;2022-07;2022-06
8808938635265;10.0;10.0;38.0;328916.07;9.0;1.0;0.1111111111111111;2022-07;2022-06
8808938930177;6.0;6.0;20.0;248781.15;5.0;1.0;0.2;2022-07;2022-06
8809038053377;1.0;1.0;4.0;12395.025;0.0;1.0;;2022-07;2022-06
8809038118913;1.0;1.0;2.0;27919.44;0.0;1.0;;2022-07;2022-06
8809136717825;9.0;9.0;23.0;81661.5;8.0;1.0;0.125;2022-07;2022-06
8809137602561;6.0;6.0;16.0;100582.38;5.0;1.0;0.2;2022-07;2022-06
8809137700865;7.0;7.0;7.0;52752.15;6.0;1.0;0.16666666666666666;2022-07;2022-06
8809138356225;3.0;3.0;8.0;85905.0;2.0;1.0;0.5;2022-07;2022-06
8809139109889;11.0;11.0;39.0;382787.46;10.0;1.0;0.1;2022-07;2022-06
8809139732481;4.0;4.0;4.0;60850.26;3.0;1.0;0.3333333333333333;2022-07;2022-06
8809140027393;5.0;5.0;14.0;211779.54;4.0;1.0;0.25;2022-07;2022-06
8809140617217;3.0;3.0;6.0;49241.25;2.0;1.0;0.5;2022-07;2022-06
8809141534721;1.0;1.0;2.0;30374.01;0.0;1.0;;2022-07;2022-06
8809167683585;43.0;43.0;51.0;53074.17;42.0;1.0;0.023809523809523808;2022-07;2022-06
8809397616641;1.0;1.0;4.0;35204.4;0.0;1.0;;2022-07;2022-06
8809823731713;1.0;1.0;2.0;8692.2;0.0;1.0;;2022-07;2022-06
8809824059393;1.0;1.0;4.0;13702.5;0.0;1.0;;2022-07;2022-06
8809824092161;1.0;1.0;1.0;3783.6;0.0;1.0;;2022-07;2022-06
8809824321537;1.0;1.0;4.0;21956.22;0.0;1.0;;2022-07;2022-06
8809824976897;2.0;2.0;3.0;6183.495;1.0;1.0;1.0;2022-07;2022-06
8809825239041;1.0;1.0;2.0;10580.67;0.0;1.0;;2022-07;2022-06
8809825304577;1.0;1.0;2.0;9817.2;0.0;1.0;;2022-07;2022-06
8809826091009;5.0;5.0;5.0;9713.25;4.0;1.0;0.25;2022-07;2022-06
8809826320385;1.0;1.0;1.0;6705.045;0.0;1.0;;2022-07;2022-06
8809826516993;16.0;16.0;21.0;117833.4;15.0;1.0;0.06666666666666667;2022-07;2022-06
8809827794945;3.0;3.0;9.0;106308.045;2.0;1.0;0.5;2022-07;2022-06
8809828941825;1.0;1.0;4.0;4088.7;0.0;1.0;;2022-07;2022-06
8809986850817;182.0;182.0;610.0;2173053.69;181.0;1.0;0.0055248618784530384;2022-07;2022-06
8811133960193;1.0;1.0;1.0;8437.005;0.0;1.0;;2022-07;2022-06
8811429134337;1.0;1.0;1.0;4243.815;0.0;1.0;;2022-07;2022-06
8811592908801;1.0;1.0;1.0;3834.72;0.0;1.0;;2022-07;2022-06
8811625086977;1.0;1.0;1.0;715.41;0.0;1.0;;2022-07;2022-06
8811822022657;2.0;2.0;2.0;4856.94;1.0;1.0;1.0;2022-07;2022-06
8811855020033;1.0;1.0;1.0;8437.005;0.0;1.0;;2022-07;2022-06
8812411715585;1.0;1.0;1.0;13294.935;0.0;1.0;;2022-07;2022-06
