produto_id;primeira_aparicao;mes;carrinhos;registros_itens;unidades;valor_itens;primeiro_mes_da_base
8797141630977;2021-07-11;2021-07;3;3;3.0;4227.39;False
8797142351873;2020-10-19;2020-10;1;1;1.0;1799.505;False
8797143433217;2020-01-05;2020-01;1;1;1.0;1420.56;False
8797143531521;2019-12-30;2019-12;1;1;4.0;9436.68;True
8797143728129;2020-05-16;2020-05;1;1;1.0;1824.48;False
8797143793665;2021-05-04;2021-05;6;6;18.0;85312.305;False
8797143826433;2020-06-10;2020-06;1;1;1.0;977.085;False
8797143957505;2020-03-03;2020-03;1;1;2.0;4998.96;False
8797144121345;2020-04-28;2020-04;1;1;4.0;6700.14;False
8797144580097;2020-03-06;2020-03;1;1;6.0;9188.64;False
8797144711169;2020-03-06;2020-03;1;1;1.0;1949.49;False
8797144875009;2020-01-22;2020-01;2;2;2.0;2392.65;False
8797145104385;2020-03-15;2020-03;1;1;4.0;6798.06;False
8797145169921;2021-04-22;2021-04;1;1;2.0;3254.4;False
8797145235457;2020-04-23;2020-04;1;1;4.0;6221.52;False
8797145268225;2021-01-04;2021-01;1;1;1.0;3637.8;False
8797145300993;2020-01-26;2020-01;1;1;4.0;9538.2;False
8797145333761;2020-02-12;2020-02;1;1;1.0;1866.555;False
8797145497601;2020-01-25;2020-01;1;1;2.0;2392.65;False
8797145530369;2020-11-17;2020-11;1;1;1.0;1457.55;False
8797145563137;2020-06-26;2020-06;1;1;3.0;9907.65;False
8797145595905;2020-02-21;2020-02;1;1;2.0;3062.88;False
8797145726977;2020-01-18;2020-01;1;1;1.0;1244.205;False
8797145825281;2020-04-29;2020-04;1;1;1.0;1183.725;False
8797145923585;2020-12-13;2020-12;1;1;4.0;5168.34;False
8797146054657;2020-11-24;2020-11;1;1;4.0;17998.02;False
8797146349569;2020-03-23;2020-03;1;1;1.0;1183.725;False
8797146415105;2020-05-06;2020-05;1;1;1.0;1449.495;False
8797146480641;2020-06-24;2020-06;1;1;1.0;3980.295;False
8797147168769;2021-06-01;2021-06;10;10;10.0;24744.15;False
8797147201537;2021-06-23;2021-06;1;1;1.0;3541.05;False
8797147234305;2021-04-17;2021-04;14;14;14.0;37717.74;False
8797147365377;2021-02-14;2021-02;1;1;1.0;1278.495;False
8797147398145;2020-07-21;2020-07;1;1;4.0;6317.28;False
8797147463681;2020-09-16;2020-09;1;1;4.0;13976.82;False
8797147693057;2020-04-27;2020-04;1;1;2.0;5020.11;False
8797147889665;2020-05-17;2020-05;1;1;1.0;1325.835;False
8797147922433;2020-05-29;2020-05;1;1;1.0;4308.03;False
8797148053505;2020-09-10;2020-09;2;2;3.0;8611.65;False
8797148086273;2020-01-18;2020-01;1;1;4.0;13402.26;False
8797148119041;2020-05-06;2020-05;1;1;4.0;11870.46;False
8797148151809;2021-01-10;2021-01;4;4;7.0;24060.825;False
8797148282881;2020-10-20;2020-10;1;1;1.0;3015.495;False
8797148381185;2020-05-28;2020-05;1;1;4.0;8062.2;False
8797148577793;2020-10-26;2020-10;1;1;1.0;4006.485;False
8797148676097;2020-10-19;2020-10;1;1;2.0;10530.99;False
8797149134849;2020-06-02;2020-06;1;1;4.0;12444.84;False
8797149200385;2020-08-11;2020-08;1;1;1.0;1412.55;False
8797150248961;2020-05-04;2020-05;1;1;4.0;7657.74;False
8797150806017;2020-05-24;2020-05;1;1;2.0;4786.29;False
8797150904321;2020-04-25;2020-04;1;1;1.0;1484.55;False
8797151395841;2020-01-14;2020-01;1;1;1.0;2020.5;False
8797151428609;2020-07-15;2020-07;1;1;2.0;4499.01;False
8797151494145;2020-06-10;2020-06;3;3;5.0;7852.5;False
8797151592449;2020-08-21;2020-08;1;1;4.0;14742.0;False
8797151625217;2020-06-18;2020-06;1;1;1.0;1889.55;False
8797151756289;2020-02-04;2020-02;1;1;4.0;6478.2;False
8797151887361;2021-04-12;2021-04;2;2;5.0;10867.5;False
8797151920129;2020-01-14;2020-01;2;2;2.0;5391.0;False
8797152608257;2020-06-11;2020-06;1;1;4.0;10798.2;False
8797152673793;2021-05-24;2021-05;2;2;2.0;4499.1;False
8797152772097;2020-06-03;2020-06;1;1;4.0;17818.2;False
8797152968705;2020-10-14;2020-10;1;1;2.0;6569.1;False
8797153099777;2020-07-01;2020-07;1;1;1.0;3865.5;False
8797153132545;2020-05-12;2020-05;1;1;4.0;11608.2;False
8797153263617;2020-04-08;2020-04;1;1;2.0;5031.0;False
8797153329153;2020-06-12;2020-06;1;1;4.0;16542.0;False
8797153492993;2020-03-08;2020-03;1;1;1.0;3190.5;False
8797153558529;2020-06-14;2020-06;1;1;4.0;14398.2;False
8797153656833;2021-02-07;2021-02;1;1;4.0;15656.625;False
8797153689601;2020-09-21;2020-09;1;1;2.0;7731.0;False
8797153722369;2020-10-27;2020-10;1;1;4.0;23398.2;False
8797153755137;2020-11-25;2020-11;1;1;4.0;6317.28;False
8797153853441;2020-06-02;2020-06;1;1;3.0;16726.5;False
8797154115585;2021-04-30;2021-04;1;1;4.0;28078.2;False
8797154213889;2020-08-05;2020-08;1;1;5.0;16274.25;False
8797154410497;2021-04-05;2021-04;6;6;12.0;144090.09;False
8797154443265;2021-04-18;2021-04;1;1;1.0;8950.5;False
8797154902017;2020-03-01;2020-03;1;1;4.0;6440.22;False
8797155033089;2021-06-12;2021-06;8;8;36.0;342463.095;False
8797155065857;2021-04-08;2021-04;9;9;15.0;149162.985;False
8797155196929;2021-09-27;2021-09;1;1;1.0;8329.32;False
8797155622913;2020-02-16;2020-02;1;1;1.0;8329.32;False
8797155688449;2020-01-21;2020-01;1;1;2.0;23073.48;False
8797155983361;2020-12-11;2020-12;1;1;2.0;22116.06;False
8797156048897;2020-11-10;2020-11;1;1;2.0;21539.43;False
8797156114433;2021-04-08;2021-04;4;4;14.0;155482.74;False
8797156311041;2021-04-18;2021-04;5;5;15.0;177359.625;False
8797156376577;2021-04-10;2021-04;3;4;10.0;90031.41;False
8797156442113;2021-04-19;2021-04;2;2;7.0;90475.245;False
8797156540417;2020-11-30;2020-11;1;1;6.0;64624.77;False
8797156573185;2020-09-28;2020-09;1;1;4.0;19798.2;False
8797156605953;2020-08-21;2020-08;1;1;1.0;2245.5;False
8797156671489;2020-11-24;2020-11;1;1;2.0;18956.52;False
8797156704257;2020-08-09;2020-08;1;1;1.0;7246.89;False
8797156966401;2020-03-07;2020-03;1;1;2.0;15346.44;False
8797157654529;2021-11-19;2021-11;5;5;12.0;66593.88;False
8797157818369;2022-03-28;2022-03;1;1;1.0;7549.74;False
8797158113281;2021-07-30;2021-07;1;1;2.0;25019.1;False
8797158244353;2022-07-21;2022-07;3;3;8.0;76543.56;False
8797158440961;2020-05-23;2020-05;1;1;4.0;34103.34;False
8797158506497;2019-12-25;2019-12;1;1;2.0;15892.65;True
8797158572033;2020-04-28;2020-04;1;1;2.0;25109.1;False
8797158670337;2020-08-26;2020-08;1;1;4.0;53040.6;False
8797158899713;2020-09-30;2020-09;1;1;1.0;3646.89;False
8797158998017;2022-07-20;2022-07;6;6;16.0;174168.0;False
8797159063553;2020-02-02;2020-02;1;1;2.0;15535.89;False
8797159096321;2021-01-04;2021-01;2;2;5.0;47869.875;False
8797162045441;2020-11-25;2020-11;2;2;2.0;2178.0;False
8797162110977;2020-05-29;2020-05;1;1;1.0;5304.78;False
8797162340353;2020-11-18;2020-11;1;1;2.0;6156.99;False
8797162373121;2020-02-20;2020-02;1;1;1.0;4262.67;False
8797164371969;2020-06-08;2020-06;2;2;3.0;4785.84;False
8797164437505;2020-07-04;2020-07;1;1;4.0;5168.34;False
8797164503041;2020-06-10;2020-06;1;1;2.0;3302.19;False
8797164634113;2020-04-29;2020-04;1;1;1.0;1651.095;False
8797164699649;2020-07-28;2020-07;1;1;4.0;6508.8;False
8797164961793;2020-07-09;2020-07;1;1;4.0;7083.18;False
8797164994561;2020-01-30;2020-01;1;1;2.0;2367.45;False
8797165060097;2020-12-07;2020-12;1;1;2.0;4882.05;False
8797169713153;2020-08-10;2020-08;1;1;2.0;2462.22;False
8797170696193;2021-02-08;2021-02;1;1;1.0;1786.185;False
8797172498433;2020-05-03;2020-05;1;1;1.0;1657.44;False
8797172531201;2020-10-19;2020-10;1;1;4.0;11573.685;False
8797172858881;2021-04-13;2021-04;11;11;40.0;67951.8;False
8797172989953;2020-11-23;2020-11;1;1;4.0;22976.82;False
8797173579777;2021-04-20;2021-04;5;5;10.0;17050.5;False
8797173874689;2020-08-18;2020-08;1;1;1.0;2225.565;False
8797174005761;2020-11-17;2020-11;1;1;2.0;3828.87;False
8797174038529;2021-01-20;2021-01;1;1;2.0;4307.58;False
8797174104065;2020-07-28;2020-07;1;1;2.0;4311.0;False
8797174169601;2021-03-08;2021-03;3;3;7.0;14473.485;False
8797174366209;2020-09-02;2020-09;2;2;2.0;6298.56;False
8797174464513;2021-02-05;2021-02;1;1;2.0;3828.87;False
8797174497281;2021-03-13;2021-03;2;2;4.0;10530.0;False
8797174595585;2020-08-18;2020-08;1;1;1.0;1685.835;False
8797177839617;2020-07-09;2020-07;1;1;2.0;8424.54;False
8797178494977;2022-07-01;2022-07;2;2;8.0;22316.4;False
8797178855425;2020-03-24;2020-03;1;1;1.0;2294.55;False
8797178920961;2020-12-09;2020-12;3;3;6.0;15225.3;False
8797178986497;2020-07-21;2020-07;1;1;1.0;2384.55;False
8797179772929;2020-04-09;2020-04;1;1;1.0;1846.89;False
8797179936769;2021-04-14;2021-04;6;6;15.0;86163.075;False
8797180395521;2020-04-16;2020-04;1;1;1.0;4404.465;False
8797180493825;2020-04-08;2020-04;1;1;2.0;22851.0;False
8797180526593;2021-04-14;2021-04;10;10;28.0;257904.0;False
8797180559361;2020-11-04;2020-11;1;1;2.0;18711.0;False
8797180755969;2020-12-29;2020-12;1;1;4.0;21222.0;False
8797180985345;2020-12-20;2020-12;1;1;4.0;29322.0;False
8797181083649;2020-11-08;2020-11;1;1;1.0;6655.5;False
8797181411329;2021-04-22;2021-04;6;6;6.0;40203.0;False
8797181542401;2020-09-17;2020-09;1;1;4.0;31302.0;False
8797181870081;2021-04-14;2021-04;2;2;5.0;26302.5;False
8797181968385;2021-03-08;2021-03;1;1;1.0;2879.55;False
8797182099457;2020-10-15;2020-10;1;1;1.0;3550.5;False
8797182230529;2020-01-24;2020-01;1;1;4.0;10258.2;False
8797182296065;2021-04-28;2021-04;1;1;1.0;6970.5;False
8797182427137;2020-09-12;2020-09;1;1;2.0;8001.0;False
8797182689281;2021-01-12;2021-01;1;1;1.0;3761.595;False
8797182722049;2020-11-26;2020-11;1;1;2.0;8271.0;False
8797182754817;2020-04-22;2020-04;1;1;2.0;13941.0;False
8797182787585;2021-03-14;2021-03;2;2;5.0;32602.5;False
8797182853121;2020-11-18;2020-11;1;1;2.0;5219.1;False
8797182984193;2020-06-02;2020-06;1;1;1.0;2294.55;False
8797183016961;2020-05-16;2020-05;1;1;4.0;20338.2;False
8797183049729;2020-12-03;2020-12;2;2;5.0;16852.5;False
8797183180801;2021-04-19;2021-04;1;1;1.0;1136.385;False
8797183279105;2021-03-26;2021-03;1;1;1.0;3689.55;False
8797183344641;2020-10-17;2020-10;1;1;1.0;6733.665;False
8797183541249;2020-06-14;2020-06;1;1;2.0;4499.1;False
8797183639553;2021-05-01;2021-05;8;8;27.0;163768.5;False
8797183737857;2020-06-12;2020-06;1;1;1.0;3865.5;False
8797183803393;2020-04-10;2020-04;2;2;3.0;12541.5;False
8797184229377;2020-10-15;2020-10;1;1;1.0;3149.55;False
8797184294913;2020-08-31;2020-08;1;1;4.0;23022.0;False
8797184360449;2020-06-10;2020-06;1;1;4.0;16198.2;False
8797184425985;2020-05-14;2020-05;1;1;1.0;3685.5;False
8797184491521;2020-04-27;2020-04;1;1;1.0;4675.5;False
8797184753665;2021-01-29;2021-01;1;1;1.0;4855.5;False
8797184884737;2020-12-01;2020-12;1;1;1.0;4274.55;False
8797184917505;2020-05-04;2020-05;1;1;4.0;11338.2;False
8797184950273;2021-04-08;2021-04;2;2;8.0;55404.0;False
8797185212417;2021-03-25;2021-03;1;1;1.0;6970.5;False
8797185277953;2020-12-27;2020-12;1;1;4.0;33102.0;False
8797185310721;2021-08-17;2021-08;1;1;4.0;29078.82;False
8797185671169;2020-12-14;2020-12;2;2;2.0;22671.0;False
8797185703937;2020-11-15;2020-11;4;4;8.0;16196.4;False
8797185835009;2020-03-10;2020-03;1;1;2.0;7199.1;False
8797185966081;2019-12-23;2019-12;1;1;5.0;15052.5;True
8797186031617;2021-02-15;2021-02;1;1;2.0;5031.0;False
8797186097153;2020-02-12;2020-02;1;1;2.0;10791.0;False
8797186162689;2020-05-17;2020-05;1;1;2.0;7731.0;False
8797186457601;2020-08-18;2020-08;1;1;2.0;4221.0;False
8797186523137;2021-01-23;2021-01;1;1;4.0;14398.2;False
8797186621441;2021-06-22;2021-06;1;1;6.0;15927.3;False
8797186818049;2020-01-16;2020-01;1;1;4.0;8998.2;False
8797186850817;2020-08-04;2020-08;1;1;1.0;2474.55;False
8797186883585;2020-04-27;2020-04;1;1;1.0;1885.5;False
8797186981889;2021-01-22;2021-01;1;1;1.0;5399.55;False
8797187080193;2021-05-26;2021-05;1;1;1.0;13675.5;False
8797187178497;2020-08-05;2020-08;1;1;2.0;3591.0;False
8797187276801;2021-01-05;2021-01;3;3;6.0;30213.0;False
8797187342337;2020-02-12;2020-02;1;1;3.0;8761.5;False
8797187440641;2020-01-20;2020-01;1;1;4.0;11502.0;False
8797187473409;2020-03-03;2020-03;1;1;1.0;3914.55;False
8797187506177;2020-10-26;2020-10;1;1;1.0;2789.55;False
8797187571713;2020-09-02;2020-09;2;2;5.0;8977.5;False
8797187604481;2020-11-27;2020-11;1;1;1.0;2368.845;False
8797187637249;2021-04-14;2021-04;4;4;4.0;15354.495;False
8797187702785;2020-05-21;2020-05;1;1;1.0;2902.05;False
8797187735553;2021-04-15;2021-04;2;2;2.0;8549.1;False
8797187768321;2021-03-11;2021-03;1;1;1.0;3766.095;False
8797187833857;2021-04-16;2021-04;4;5;5.0;20724.795;False
8797187899393;2020-12-16;2020-12;1;1;1.0;2947.05;False
8797187932161;2021-04-02;2021-04;3;3;3.0;13228.65;False
8797187964929;2021-02-11;2021-02;2;2;2.0;6209.1;False
8797187997697;2020-11-15;2020-11;1;1;1.0;3509.55;False
8797188063233;2021-02-20;2021-02;1;1;1.0;3914.55;False
8797188128769;2020-09-08;2020-09;1;1;1.0;1709.55;False
8797188161537;2022-02-10;2022-02;2;2;2.0;8589.87;False
8797188194305;2021-11-19;2021-11;1;1;1.0;3022.065;False
8797188259841;2020-09-08;2020-09;1;1;1.0;2092.05;False
8797188292609;2020-05-27;2020-05;1;1;1.0;5026.095;False
8797188325377;2021-11-19;2021-11;2;2;2.0;7391.52;False
8797188456449;2021-03-14;2021-03;1;1;1.0;3522.915;False
8797188489217;2021-04-19;2021-04;2;2;2.0;7620.3;False
8797188620289;2021-07-15;2021-07;2;2;2.0;8960.76;False
8797188685825;2021-03-21;2021-03;1;1;1.0;4409.55;False
8797188751361;2022-04-29;2022-04;2;2;2.0;10439.955;False
8797188784129;2022-02-02;2022-02;1;1;1.0;4004.55;False
8797188816897;2021-04-15;2021-04;2;2;2.0;9573.48;False
8797188882433;2021-02-12;2021-02;1;1;1.0;1912.05;False
8797189046273;2020-10-17;2020-10;1;1;2.0;3014.1;False
8797189079041;2021-04-13;2021-04;11;11;11.0;8824.095;False
8797189341185;2021-04-16;2021-04;2;2;2.0;4859.1;False
8797189472257;2021-05-17;2021-05;1;1;1.0;944.55;False
8797189570561;2021-04-24;2021-04;3;3;3.0;3981.15;False
8797189603329;2021-01-15;2021-01;3;3;3.0;3643.65;False
8797189636097;2021-05-01;2021-05;3;3;3.0;8368.65;False
8797189668865;2020-11-24;2020-11;1;1;1.0;1709.55;False
8797189799937;2021-04-24;2021-04;1;1;1.0;1867.05;False
8797189832705;2020-10-01;2020-10;1;1;1.0;909.09;False
8797189865473;2020-09-04;2020-09;2;2;2.0;3876.66;False
8797189963777;2020-11-27;2020-11;1;1;1.0;1866.555;False
8797189996545;2020-12-17;2020-12;1;1;1.0;1962.27;False
8797190094849;2020-06-23;2020-06;1;1;1.0;1675.035;False
8797190127617;2020-10-23;2020-10;2;2;5.0;14728.455;False
8797190356993;2020-08-12;2020-08;1;1;1.0;3206.97;False
8797190389761;2021-04-12;2021-04;2;2;2.0;5025.6;False
8797190422529;2020-05-10;2020-05;1;1;2.0;3998.97;False
8797190488065;2021-03-28;2021-03;1;1;1.0;1889.55;False
8797190520833;2020-07-09;2020-07;1;1;1.0;2024.505;False
8797190684673;2020-02-06;2020-02;1;1;4.0;11998.08;False
8797190717441;2020-11-20;2020-11;5;5;15.0;19874.25;False
8797191110657;2020-01-06;2020-01;1;1;4.0;14398.02;False
8797191208961;2020-05-26;2020-05;1;1;1.0;1259.64;False
8797191438337;2020-11-02;2020-11;1;1;1.0;1822.05;False
8797191536641;2020-10-26;2020-10;1;1;4.0;10528.2;False
8797191831553;2020-09-28;2020-09;1;1;1.0;1619.19;False
8797191897089;2020-10-16;2020-10;2;2;4.0;16090.2;False
8797191995393;2020-06-20;2020-06;1;1;4.0;8332.2;False
8797192093697;2020-05-11;2020-05;1;1;4.0;7126.2;False
8797192847361;2020-10-15;2020-10;2;2;4.0;6712.2;False
8797193076737;2021-01-23;2021-01;1;1;4.0;10564.2;False
8797193338881;2020-11-20;2020-11;1;1;1.0;4513.05;False
8797193633793;2020-07-13;2020-07;1;1;1.0;1799.55;False
8797193764865;2020-11-24;2020-11;2;3;6.0;15936.3;False
8797193961473;2020-05-16;2020-05;1;1;1.0;4373.55;False
8797194059777;2020-05-19;2020-05;1;1;1.0;1619.55;False
8797194125313;2020-01-29;2020-01;1;1;4.0;7738.2;False
8797194223617;2020-12-06;2020-12;1;1;1.0;3730.05;False
8797194289153;2020-01-27;2020-01;1;1;2.0;8009.1;False
8797194321921;2020-11-13;2020-11;1;1;2.0;3644.1;False
8797194649601;2020-06-18;2020-06;1;1;1.0;6430.5;False
8797194747905;2021-01-18;2021-01;1;1;2.0;28431.0;False
8797194911745;2020-10-26;2020-10;1;1;3.0;15241.5;False
8797195042817;2021-07-10;2021-07;1;1;4.0;14038.2;False
8797195075585;2021-04-20;2021-04;1;1;2.0;26631.0;False
8797195141121;2021-05-27;2021-05;1;1;4.0;50382.0;False
8797195206657;2021-06-11;2021-06;3;3;5.0;93577.5;False
8797195337729;2021-04-14;2021-04;1;1;2.0;16191.0;False
8797195632641;2021-04-22;2021-04;1;1;1.0;4495.5;False
8797195796481;2020-10-20;2020-10;1;1;2.0;23661.0;False
8797195829249;2020-02-01;2020-02;1;1;1.0;11335.5;False
8797195894785;2020-12-07;2020-12;1;1;1.0;4229.55;False
8797195993089;2020-10-16;2020-10;1;1;4.0;32922.0;False
8797196124161;2021-07-16;2021-07;1;1;2.0;14967.45;False
8797196353537;2020-01-16;2020-01;2;2;6.0;27284.31;False
8797196615681;2020-11-26;2020-11;1;1;4.0;26278.02;False
8797196845057;2020-07-30;2020-07;1;1;2.0;8616.06;False
8797197795329;2020-06-26;2020-06;1;1;4.0;43389.54;False
8797197860865;2020-08-11;2020-08;1;1;2.0;17711.82;False
8797197959169;2020-06-05;2020-06;1;1;4.0;32551.2;False
8797198254081;2020-08-20;2020-08;1;1;4.0;36381.06;False
8797198352385;2020-05-14;2020-05;1;1;2.0;15557.58;False
8797198483457;2021-07-06;2021-07;10;10;10.0;22997.79;False
8797198974977;2020-12-02;2020-12;1;1;4.0;23452.2;False
8797199171585;2021-05-06;2021-05;2;2;5.0;40407.75;False
8797199204353;2020-05-14;2020-05;1;1;1.0;4792.05;False
8797199237121;2021-01-25;2021-01;1;1;2.0;7199.28;False
8797199400961;2021-04-08;2021-04;4;4;10.0;88202.205;False
8797199466497;2020-10-06;2020-10;2;2;4.0;14056.2;False
8797199499265;2020-10-19;2020-10;1;1;4.0;22660.2;False
8797199532033;2020-04-28;2020-04;1;1;1.0;2420.55;False
8797199695873;2021-05-29;2021-05;2;2;5.0;29405.25;False
8797199728641;2020-09-22;2020-09;1;1;4.0;57444.84;False
8797199761409;2021-04-16;2021-04;2;2;2.0;217257.75;False
8797199826945;2021-04-17;2021-04;4;4;7.0;95502.015;False
8797199990785;2020-07-16;2020-07;1;1;1.0;11384.55;False
8797200351233;2020-11-11;2020-11;1;1;1.0;2584.62;False
8797200711681;2020-11-11;2020-11;1;1;1.0;3781.44;False
8797201006593;2020-12-29;2020-12;1;1;1.0;2362.05;False
8797201104897;2020-10-26;2020-10;1;1;1.0;1507.5;False
8797201235969;2020-09-15;2020-09;1;1;2.0;3828.87;False
8797201301505;2020-05-05;2020-05;1;1;1.0;1588.05;False
8797201432577;2020-12-02;2020-12;1;1;1.0;1979.55;False
8797201498113;2021-02-01;2021-02;1;1;1.0;2024.55;False
8797201563649;2021-04-08;2021-04;3;3;3.0;10393.65;False
8797201596417;2022-02-11;2022-02;1;1;1.0;1567.08;False
8797201629185;2020-04-27;2020-04;1;1;4.0;10146.96;False
8797201760257;2021-04-06;2021-04;3;3;3.0;13067.73;False
8797201825793;2020-05-17;2020-05;1;1;4.0;8615.16;False
8797201956865;2021-01-13;2021-01;2;2;6.0;20965.23;False
8797202546689;2020-05-03;2020-05;1;1;2.0;3283.11;False
8797202939905;2020-04-08;2020-04;2;2;3.0;6461.37;False
8797202972673;2020-10-23;2020-10;1;1;4.0;11678.94;False
8797203038209;2020-01-17;2020-01;1;1;4.0;15317.28;False
8797203365889;2020-07-29;2020-07;1;1;1.0;4068.675;False
8797203628033;2020-12-04;2020-12;1;1;1.0;5265.495;False
8797203660801;2020-10-03;2020-10;1;1;4.0;13785.3;False
8797204414465;2020-01-27;2020-01;1;1;2.0;3158.64;False
8797204676609;2020-04-13;2020-04;2;2;8.0;14740.92;False
8797205528577;2020-02-04;2020-02;1;1;2.0;4262.22;False
8797207166977;2020-01-23;2020-01;1;1;2.0;6944.4;False
8797207232513;2020-10-29;2020-10;1;1;1.0;2871.855;False
8797207396353;2020-06-16;2020-06;2;2;8.0;17230.32;False
8797207429121;2021-04-19;2021-04;4;4;7.0;65007.18;False
8797207461889;2020-01-09;2020-01;3;3;9.0;36426.555;False
8797207560193;2020-09-23;2020-09;1;1;2.0;14360.76;False
8797207592961;2020-02-15;2020-02;1;1;4.0;11104.38;False
8797207625729;2020-06-03;2020-06;2;2;5.0;17986.005;False
8797207658497;2021-04-16;2021-04;1;1;2.0;15318.18;False
8797207855105;2020-02-29;2020-02;1;2;4.0;11659.77;False
8797207986177;2020-10-05;2020-10;1;1;4.0;12444.84;False
8797208084481;2020-05-03;2020-05;1;1;2.0;5199.03;False
8797208215553;2020-08-04;2020-08;1;1;4.0;5698.08;False
8797208313857;2020-05-24;2020-05;1;1;4.0;8398.08;False
8797208477697;2020-03-11;2020-03;1;1;4.0;17398.08;False
8797208576001;2020-05-17;2020-05;1;1;4.0;15798.06;False
8797208739841;2020-02-21;2020-02;1;1;16.0;24392.16;False
8797208805377;2020-06-17;2020-06;1;1;1.0;9625.5;False
8797208936449;2021-02-11;2021-02;1;1;5.0;21352.5;False
8797209034753;2021-03-30;2021-03;1;1;3.0;15646.5;False
8797209427969;2021-03-17;2021-03;1;1;1.0;12865.5;False
8797209624577;2020-10-20;2020-10;1;1;2.0;17549.1;False
8797209690113;2020-12-06;2020-12;1;1;4.0;33102.0;False
8797209722881;2022-02-01;2022-02;1;1;1.0;2659.545;False
8797214212097;2020-07-02;2020-07;1;1;4.0;16198.2;False
8797214375937;2021-04-16;2021-04;2;2;3.0;17602.65;False
8797214539777;2021-02-15;2021-02;1;1;4.0;7657.74;False
8797214638081;2020-09-22;2020-09;1;1;1.0;2991.555;False
8797214801921;2020-11-11;2020-11;1;1;1.0;10709.55;False
8797214867457;2020-11-26;2020-11;1;1;1.0;3789.0;False
8797214900225;2021-04-21;2021-04;1;1;1.0;2823.975;False
8797214965761;2020-10-19;2020-10;1;1;1.0;3685.68;False
8797215031297;2020-07-31;2020-07;1;1;1.0;994.275;False
8797215064065;2021-03-31;2021-03;1;1;1.0;1435.68;False
8797215162369;2021-03-31;2021-03;1;1;1.0;1435.68;False
8797215227905;2021-01-11;2021-01;1;1;1.0;2393.145;False
8797215260673;2021-04-06;2021-04;3;3;4.0;3464.1;False
8797215293441;2021-09-12;2021-09;1;1;1.0;1004.85;False
8797215326209;2021-02-16;2021-02;1;1;1.0;1028.79;False
8797215358977;2021-04-22;2021-04;1;1;1.0;2536.74;False
8797215555585;2020-02-11;2020-02;1;1;1.0;2105.91;False
8797215588353;2020-12-02;2020-12;1;1;1.0;1244.205;False
8797215686657;2021-05-03;2021-05;1;1;1.0;1325.565;False
8797215752193;2020-10-09;2020-10;1;1;1.0;2249.505;False
8797215784961;2021-03-25;2021-03;1;1;1.0;1299.51;False
8797215850497;2021-04-22;2021-04;3;3;3.0;21110.22;False
8797215883265;2020-02-15;2020-02;1;1;1.0;813.33;False
8797216047105;2021-04-16;2021-04;3;3;3.0;14791.14;False
8797216079873;2020-11-09;2020-11;1;1;1.0;1177.2;False
8797217062913;2020-12-01;2020-12;2;2;8.0;29516.4;False
8797217652737;2021-03-29;2021-03;2;2;2.0;7847.1;False
8797217783809;2020-09-02;2020-09;1;1;2.0;4184.1;False
8797217849345;2020-10-26;2020-10;1;1;2.0;4319.1;False
8797217882113;2020-05-28;2020-05;1;1;6.0;16173.0;False
8797217914881;2020-12-22;2020-12;1;1;4.0;8458.2;False
8797218045953;2020-11-27;2020-11;1;1;4.0;8997.3;False
8797218439169;2021-07-09;2021-07;6;6;8.0;29993.4;False
8797218537473;2020-12-18;2020-12;3;3;3.0;10164.15;False
8797218603009;2021-05-07;2021-05;3;3;10.0;80995.5;False
8797218832385;2021-04-16;2021-04;3;3;7.0;29651.85;False
8797218897921;2020-06-28;2020-06;1;1;4.0;16083.18;False
8797218930689;2021-03-23;2021-03;1;1;1.0;3446.37;False
8797220044801;2020-03-27;2020-03;1;1;2.0;2775.6;False
8797220110337;2020-01-18;2020-01;1;1;2.0;2775.6;False
8797220274177;2020-11-17;2020-11;2;2;2.0;2067.66;False
8797220306945;2021-01-07;2021-01;4;4;4.0;5000.22;False
8797220405249;2020-11-24;2020-11;1;1;1.0;1278.36;False
8797220470785;2020-03-20;2020-03;1;1;1.0;1675.035;False
8797220503553;2020-03-06;2020-03;2;2;7.0;8781.255;False
8797220569089;2020-05-12;2020-05;1;1;2.0;3637.35;False
8797220798465;2020-01-25;2020-01;1;1;1.0;1387.8;False
8797220864001;2020-03-09;2020-03;1;1;1.0;1435.68;False
8797220929537;2020-01-14;2020-01;1;1;2.0;3445.83;False
8797220962305;2019-12-18;2019-12;1;1;4.0;5551.2;True
8797220995073;2020-03-20;2020-03;3;3;16.0;23736.96;False
8797221060609;2020-11-04;2020-11;1;1;4.0;9597.96;False
8797221257217;2020-11-04;2020-11;1;1;4.0;10530.0;False
8797221322753;2020-05-22;2020-05;2;2;8.0;21060.0;False
8797221388289;2020-05-29;2020-05;1;1;1.0;1770.795;False
8797221453825;2020-04-27;2020-04;1;1;1.0;2034.09;False
8797221683201;2020-09-11;2020-09;2;2;5.0;9572.175;False
8797221781505;2021-07-15;2021-07;7;7;7.0;15578.775;False
8797221814273;2020-02-17;2020-02;1;1;4.0;6891.66;False
8797221879809;2020-10-28;2020-10;2;2;3.0;4545.99;False
8797221945345;2020-05-12;2020-05;2;2;10.0;26325.0;False
8797221978113;2020-06-21;2020-06;1;1;1.0;1799.505;False
8797222010881;2020-12-04;2020-12;1;1;2.0;4116.06;False
8797222076417;2020-08-10;2020-08;1;1;4.0;21997.98;False
8797222305793;2020-11-27;2020-11;1;1;2.0;5647.95;False
8797222600705;2020-07-02;2020-07;1;1;4.0;15125.76;False
8797222666241;2020-04-29;2020-04;1;1;1.0;2632.5;False
8797222764545;2021-02-18;2021-02;1;1;2.0;13163.94;False
8797222862849;2020-06-15;2020-06;1;1;1.0;2398.23;False
8797222895617;2020-08-01;2020-08;1;1;1.0;3779.55;False
8797223026689;2020-03-12;2020-03;1;1;2.0;4807.395;False
8797223256065;2020-10-31;2020-10;1;1;2.0;5341.635;False
8797223288833;2020-10-17;2020-10;1;1;4.0;28721.52;False
8797223518209;2020-05-21;2020-05;2;2;8.0;22974.84;False
8797223583745;2020-02-10;2020-02;1;1;1.0;2362.05;False
8797223649281;2021-04-01;2021-04;12;12;31.0;114256.08;False
8797223714817;2020-02-28;2020-02;1;1;2.0;5073.48;False
8797223780353;2020-04-09;2020-04;1;1;4.0;10721.52;False
8797224173569;2021-05-13;2021-05;2;2;2.0;20586.33;False
8797224206337;2020-02-04;2020-02;1;1;2.0;4594.77;False
8797224402945;2021-04-17;2021-04;5;5;10.0;20244.15;False
8797225123841;2020-09-29;2020-09;1;1;2.0;6659.1;False
8797225222145;2020-10-26;2020-10;1;1;4.0;12598.02;False
8797225811969;2020-02-27;2020-02;1;1;2.0;2898.99;False
8797225877505;2020-11-06;2020-11;1;1;2.0;10435.23;False
8797226139649;2020-11-05;2020-11;1;1;1.0;1004.85;False
8797226172417;2021-01-24;2021-01;1;1;1.0;1529.55;False
8797226467329;2020-05-06;2020-05;2;2;3.0;3158.19;False
8797226500097;2020-06-12;2020-06;1;1;1.0;2149.515;False
8797226532865;2020-11-26;2020-11;1;1;4.0;10338.48;False
8797226598401;2020-04-20;2020-04;1;1;1.0;994.275;False
8797226631169;2021-02-26;2021-02;1;1;1.0;1327.05;False
8797226729473;2020-11-20;2020-11;1;1;1.0;3599.55;False
8797226795009;2020-05-22;2020-05;1;1;2.0;5360.76;False
8797226860545;2020-08-31;2020-08;1;1;1.0;3694.05;False
8797227155457;2020-06-05;2020-06;1;1;1.0;3829.32;False
8797227188225;2021-04-04;2021-04;4;4;4.0;10078.2;False
8797227417601;2020-12-28;2020-12;1;1;4.0;16594.2;False
8797227614209;2021-05-29;2021-05;1;1;1.0;2024.55;False
8797227646977;2020-05-06;2020-05;1;1;2.0;2105.46;False
8797227745281;2020-05-06;2020-05;2;2;5.0;15077.475;False
8797227941889;2020-01-26;2020-01;1;1;4.0;10598.04;False
8797228007425;2021-02-24;2021-02;1;1;1.0;3709.62;False
8797228040193;2020-05-04;2020-05;1;1;3.0;27285.795;False
8797228302337;2021-04-02;2021-04;3;3;3.0;20009.205;False
8797228367873;2021-04-21;2021-04;1;1;1.0;4834.62;False
8797228433409;2021-04-25;2021-04;1;1;1.0;5361.21;False
8797228498945;2021-05-30;2021-05;1;1;1.0;4643.145;False
8797228728321;2021-04-22;2021-04;1;1;1.0;5744.205;False
8797228793857;2021-04-28;2021-04;1;1;1.0;5217.615;False
8797228892161;2021-04-14;2021-04;1;1;1.0;7371.855;False
8797229023233;2020-12-28;2020-12;1;1;1.0;7850.565;False
8797229056001;2021-08-12;2021-08;1;1;1.0;7659.09;False
8797229350913;2020-11-25;2020-11;1;1;1.0;5145.795;False
8797229481985;2020-10-05;2020-10;1;1;1.0;3733.56;False
8797229744129;2020-09-21;2020-09;1;1;1.0;2800.035;False
8797229940737;2020-06-24;2020-06;1;1;4.0;23398.2;False
8797230006273;2020-05-06;2020-05;1;1;1.0;2159.55;False
8797230235649;2019-12-23;2019-12;1;1;1.0;4274.55;True
8797230301185;2020-05-13;2020-05;1;1;4.0;19782.0;False
8797230661633;2021-01-02;2021-01;1;1;4.0;18522.0;False
8797230825473;2021-01-30;2021-01;1;1;4.0;11862.0;False
8797230891009;2021-03-15;2021-03;1;1;2.0;15551.1;False
8797230956545;2020-03-11;2020-03;1;1;3.0;4307.04;False
8797231054849;2020-01-25;2020-01;1;1;1.0;2871.855;False
8797231218689;2021-03-14;2021-03;1;1;1.0;2083.725;False
8797231251457;2020-10-18;2020-10;1;1;4.0;6030.0;False
8797231284225;2020-10-24;2020-10;1;1;1.0;1231.11;False
8797231349761;2020-01-26;2020-01;1;1;4.0;7722.0;False
8797231382529;2020-07-11;2020-07;1;1;4.0;7362.0;False
8797231448065;2020-03-03;2020-03;1;1;4.0;7657.74;False
8797231513601;2020-04-15;2020-04;1;1;4.0;9955.62;False
8797231742977;2020-12-18;2020-12;1;1;1.0;674.55;False
8797231906817;2021-01-19;2021-01;1;1;1.0;1316.025;False
8797232037889;2019-12-27;2019-12;1;1;2.0;22499.01;True
8797232103425;2020-12-03;2020-12;1;1;2.0;28722.42;False
8797232398337;2020-01-06;2020-01;1;1;4.0;6891.66;False
8797232627713;2021-04-13;2021-04;5;5;5.0;15972.75;False
8797232889857;2020-05-29;2020-05;1;1;1.0;1866.555;False
8797233086465;2021-04-13;2021-04;4;4;12.0;75594.06;False
8797233184769;2020-04-27;2020-04;1;1;1.0;1979.55;False
8797233446913;2021-03-17;2021-03;1;1;4.0;6197.94;False
8797233479681;2020-05-01;2020-05;1;1;2.0;3158.64;False
8797233610753;2020-03-11;2020-03;1;1;1.0;1100.565;False
8797233774593;2020-09-20;2020-09;1;1;4.0;14866.2;False
8797234069505;2020-04-13;2020-04;2;2;8.0;13591.98;False
8797234102273;2020-11-27;2020-11;1;1;4.0;43083.18;False
8797234200577;2020-02-12;2020-02;1;1;4.0;6125.76;False
8797234233345;2020-08-22;2020-08;1;1;4.0;14922.0;False
8797234298881;2020-11-17;2020-11;1;1;6.0;74677.95;False
8797234331649;2020-01-03;2020-01;1;1;4.0;7270.2;False
8797234364417;2020-05-15;2020-05;2;2;4.0;6125.76;False
8797234397185;2020-06-18;2020-06;1;1;2.0;8001.0;False
8797234724865;2020-04-27;2020-04;1;1;1.0;1387.8;False
8797234757633;2020-08-20;2020-08;1;1;1.0;3487.05;False
8797234790401;2020-02-20;2020-02;1;1;6.0;9763.2;False
8797234954241;2020-02-29;2020-02;1;1;2.0;6030.99;False
8797234987009;2021-08-21;2021-08;5;5;11.0;29200.05;False
8797235085313;2020-09-22;2020-09;1;1;3.0;10516.5;False
8797235183617;2020-09-04;2020-09;1;1;1.0;8680.5;False
8797235249153;2020-02-04;2020-02;3;3;5.0;16465.68;False
8797235281921;2020-11-30;2020-11;1;1;1.0;3254.85;False
8797235347457;2020-06-24;2020-06;1;1;4.0;13402.26;False
8797235412993;2021-08-04;2021-08;6;6;15.0;49287.555;False
8797235478529;2020-11-24;2020-11;1;1;4.0;17423.64;False
8797235773441;2021-04-18;2021-04;5;5;14.0;148617.0;False
8797235806209;2021-01-14;2021-01;1;1;4.0;17998.2;False
8797235838977;2020-05-19;2020-05;1;1;2.0;6892.65;False
8797235937281;2021-01-06;2021-01;1;1;1.0;2794.275;False
8797236035585;2021-04-17;2021-04;3;3;7.0;77071.05;False
8797236133889;2021-10-31;2021-10;1;1;2.0;16275.6;False
8797236166657;2021-05-25;2021-05;1;1;4.0;47870.46;False
8797236232193;2020-07-31;2020-07;1;1;4.0;9522.0;False
8797236264961;2020-03-21;2020-03;1;1;4.0;7657.74;False
8797236297729;2021-03-30;2021-03;1;1;2.0;16739.82;False
8797236396033;2021-03-27;2021-03;1;1;4.0;31122.0;False
8797236428801;2020-11-19;2020-11;1;1;4.0;20478.06;False
8797236559873;2020-09-15;2020-09;1;1;4.0;31210.92;False
8797236625409;2020-05-26;2020-05;1;1;1.0;2393.145;False
8797236690945;2022-01-14;2022-01;1;1;4.0;35588.88;False
8797236723713;2020-10-31;2020-10;1;1;1.0;5744.205;False
8797236756481;2021-01-29;2021-01;1;1;1.0;5260.5;False
8797236854785;2020-06-25;2020-06;1;1;4.0;11797.92;False
8797236953089;2020-07-17;2020-07;1;1;4.0;25849.08;False
8797237018625;2021-04-14;2021-04;2;2;8.0;39996.0;False
8797237051393;2021-02-24;2021-02;1;1;2.0;14698.98;False
8797237116929;2021-06-30;2021-06;1;1;2.0;28818.54;False
8797237182465;2020-04-10;2020-04;1;1;1.0;7659.09;False
8797237248001;2020-02-14;2020-02;1;1;1.0;7419.735;False
8797237313537;2020-10-21;2020-10;2;2;7.0;17146.395;False
8797237379073;2020-05-19;2020-05;1;1;1.0;8377.2;False
8797237411841;2022-05-03;2022-05;3;3;7.0;71553.285;False
8797237444609;2022-06-22;2022-06;1;1;4.0;54611.64;False
8797237542913;2020-11-16;2020-11;1;1;2.0;28098.99;False
8797237805057;2020-10-15;2020-10;1;1;4.0;14362.2;False
8797237870593;2022-05-08;2022-05;2;2;2.0;18512.1;False
8797237936129;2022-03-23;2022-03;1;1;1.0;12681.315;False
8797238329345;2020-08-10;2020-08;1;1;1.0;5504.85;False
8797238362113;2021-01-21;2021-01;1;1;4.0;13172.715;False
8797238460417;2020-03-12;2020-03;1;1;4.0;14742.72;False
8797238624257;2021-04-01;2021-04;3;3;7.0;88177.455;False
8797239246849;2020-12-08;2020-12;1;1;1.0;3299.49;False
8797239410689;2021-07-13;2021-07;1;1;4.0;3663.54;False
8797240918017;2020-06-01;2020-06;2;2;8.0;22591.8;False
8797240950785;2021-03-25;2021-03;1;1;2.0;3110.76;False
8797241081857;2021-04-05;2021-04;2;2;2.0;1913.94;False
8797241278465;2022-01-09;2022-01;2;2;2.0;6099.03;False
8797241409537;2021-11-22;2021-11;2;2;3.0;2385.18;False
8797241475073;2021-07-14;2021-07;1;1;2.0;4020.3;False
8797241638913;2021-04-19;2021-04;2;2;3.0;5168.745;False
8797242130433;2021-11-23;2021-11;8;8;9.0;15118.02;False
8797242195969;2021-11-25;2021-11;12;12;18.0;21142.8;False
8797242982401;2021-07-08;2021-07;1;1;1.0;1633.725;False
8797243899905;2020-10-29;2020-10;1;1;1.0;2273.445;False
8797244162049;2021-06-16;2021-06;1;1;1.0;4164.435;False
8797244293121;2020-10-23;2020-10;1;1;1.0;1292.085;False
8797244325889;2021-04-18;2021-04;3;3;3.0;5685.795;False
8797244358657;2021-05-15;2021-05;1;1;1.0;5648.445;False
8797244456961;2021-05-12;2021-05;2;2;2.0;9382.05;False
8797244522497;2021-04-19;2021-04;2;2;2.0;9573.48;False
8797244555265;2021-01-11;2021-01;1;1;1.0;1079.55;False
8797244588033;2021-04-06;2021-04;6;6;6.0;16162.695;False
8797244620801;2021-02-12;2021-02;1;1;1.0;5073.975;False
8797244751873;2020-12-17;2020-12;2;2;2.0;1574.1;False
8797244817409;2021-05-01;2021-05;4;4;4.0;2788.695;False
8797245079553;2020-04-26;2020-04;1;1;2.0;7199.01;False
8797245177857;2020-05-21;2020-05;2;2;3.0;3769.875;False
8797245276161;2020-02-05;2020-02;1;1;1.0;2424.195;False
8797245308929;2020-06-04;2020-06;2;2;6.0;11409.3;False
8797245341697;2020-12-16;2020-12;1;1;2.0;4427.1;False
8797245505537;2020-05-26;2020-05;1;1;4.0;7666.2;False
8797245538305;2021-07-12;2021-07;17;17;39.0;96916.95;False
8797245571073;2020-03-19;2020-03;1;1;4.0;7324.2;False
8797245603841;2020-08-28;2020-08;1;1;1.0;3563.55;False
8797245636609;2020-08-02;2020-08;1;1;4.0;13192.2;False
8797245669377;2021-01-14;2021-01;1;1;1.0;4679.55;False
8797245997057;2021-02-16;2021-02;1;1;1.0;5426.55;False
8797246029825;2021-05-30;2021-05;2;2;6.0;22677.3;False
8797246062593;2021-02-27;2021-02;1;1;1.0;5983.56;False
8797246160897;2021-02-19;2021-02;1;1;2.0;8333.1;False
8797246357505;2020-09-05;2020-09;1;1;2.0;7514.1;False
8797246390273;2020-11-15;2020-11;1;1;1.0;3028.05;False
8797246619649;2021-01-05;2021-01;1;1;2.0;2699.01;False
8797246652417;2020-12-10;2020-12;1;1;1.0;1237.05;False
8797246685185;2020-04-19;2020-04;1;1;1.0;1210.05;False
8797246750721;2021-05-18;2021-05;2;2;6.0;35523.36;False
8797246783489;2020-03-22;2020-03;1;1;1.0;1627.065;False
8797246849025;2021-04-12;2021-04;17;17;55.0;164801.25;False
8797246914561;2020-01-06;2020-01;1;1;1.0;2312.55;False
8797247078401;2020-12-29;2020-12;1;1;4.0;18955.62;False
8797247111169;2021-04-03;2021-04;2;2;2.0;5169.24;False
8797247143937;2020-06-12;2020-06;1;1;1.0;1568.745;False
8797247209473;2020-03-01;2020-03;1;1;1.0;1592.55;False
8797247242241;2020-03-11;2020-03;1;1;1.0;809.19;False
8797247275009;2020-11-17;2020-11;2;2;3.0;5074.65;False
8797247307777;2021-01-21;2021-01;1;1;1.0;2429.55;False
8797247340545;2020-05-09;2020-05;1;1;4.0;10598.04;False
8797247406081;2020-12-09;2020-12;1;1;4.0;7000.2;False
8797247537153;2021-06-08;2021-06;15;15;47.0;50738.4;False
8797247766529;2020-04-28;2020-04;1;1;1.0;2652.165;False
8797247832065;2020-09-20;2020-09;1;1;4.0;6532.2;False
8797247864833;2021-09-16;2021-09;1;1;2.0;1952.1;False
8797248126977;2020-09-11;2020-09;2;2;5.0;11922.75;False
8797248258049;2020-07-28;2020-07;1;1;6.0;15981.3;False
8797248684033;2020-11-09;2020-11;1;1;2.0;19016.1;False
8797248716801;2020-10-06;2020-10;1;1;2.0;3977.1;False
8797248782337;2021-02-16;2021-02;1;1;1.0;3239.91;False
8797248880641;2020-03-12;2020-03;1;1;2.0;7179.93;False
8797248978945;2021-05-22;2021-05;17;17;34.0;86594.94;False
8797249011713;2020-08-07;2020-08;1;1;4.0;9471.78;False
8797249044481;2020-09-21;2020-09;1;1;1.0;2510.055;False
8797249175553;2020-08-02;2020-08;1;1;1.0;4999.5;False
8797249503233;2021-02-15;2021-02;1;1;2.0;4762.53;False
8797249601537;2021-04-15;2021-04;2;2;5.0;43082.775;False
8797249634305;2020-12-13;2020-12;1;1;2.0;11429.1;False
8797249667073;2020-01-28;2020-01;1;1;1.0;1818.675;False
8797249732609;2021-04-13;2021-04;2;2;10.0;56470.5;False
8797250027521;2020-12-06;2020-12;3;3;12.0;30440.88;False
8797250256897;2021-04-26;2021-04;2;2;5.0;25402.5;False
8797250420737;2021-05-09;2021-05;1;1;2.0;13319.1;False
8797250519041;2021-03-09;2021-03;1;1;4.0;26998.2;False
8797250912257;2020-04-11;2020-04;1;1;1.0;899.505;False
8797250945025;2021-07-14;2021-07;2;2;8.0;77288.4;False
8797251141633;2020-12-31;2020-12;1;1;2.0;6701.13;False
8797251469313;2021-07-24;2021-07;1;1;1.0;8110.8;False
8797251502081;2020-05-04;2020-05;3;3;12.0;58664.52;False
8797251534849;2020-06-16;2020-06;1;1;4.0;18381.06;False
8797251862529;2021-05-14;2021-05;1;1;1.0;9956.97;False
8797251895297;2021-02-21;2021-02;2;2;5.0;43082.775;False
8797251960833;2020-02-18;2020-02;1;1;4.0;17710.92;False
8797252091905;2020-10-02;2020-10;1;1;4.0;20104.38;False
8797252157441;2020-11-21;2020-11;2;2;8.0;28773.0;False
8797252222977;2020-10-28;2020-10;1;1;4.0;19625.76;False
8797252288513;2021-02-12;2021-02;1;1;4.0;22976.82;False
8797252354049;2020-04-27;2020-04;1;1;4.0;13976.82;False
8797252452353;2020-11-24;2020-11;1;1;1.0;5313.33;False
8797252485121;2020-11-15;2020-11;1;1;2.0;8616.06;False
8797252517889;2020-09-17;2020-09;1;1;4.0;40402.26;False
8797252747265;2020-01-20;2020-01;1;1;4.0;14380.2;False
8797252911105;2020-07-22;2020-07;1;1;2.0;3405.735;False
8797253009409;2020-12-07;2020-12;1;1;2.0;6174.54;False
8797253074945;2021-02-20;2021-02;1;1;2.0;3096.045;False
8797253107713;2020-06-10;2020-06;1;1;1.0;1871.55;False
8797253173249;2020-09-17;2020-09;1;1;1.0;1700.55;False
8797253206017;2020-11-03;2020-11;1;1;2.0;9449.1;False
8797253304321;2021-04-02;2021-04;2;2;4.0;27882.0;False
8797253337089;2021-04-22;2021-04;3;3;3.0;22261.5;False
8797253599233;2020-09-09;2020-09;1;1;4.0;18898.2;False
8797253632001;2020-07-02;2020-07;1;1;2.0;9441.0;False
8797253664769;2021-06-22;2021-06;2;2;3.0;7753.86;False
8797253763073;2020-08-24;2020-08;1;1;4.0;9381.06;False
8797253861377;2020-10-15;2020-10;1;1;4.0;18702.0;False
8797253926913;2020-10-02;2020-10;2;2;6.0;61465.14;False
8797253959681;2020-09-03;2020-09;1;1;1.0;3877.2;False
8797254156289;2020-05-12;2020-05;1;1;4.0;34861.32;False
8797254221825;2021-04-27;2021-04;1;1;3.0;18668.745;False
8797254320129;2021-01-10;2021-01;3;3;3.0;9573.03;False
8797254385665;2020-06-10;2020-06;1;1;2.0;9573.48;False
8797254418433;2020-03-15;2020-03;1;1;2.0;4163.94;False
8797254549505;2020-11-13;2020-11;2;2;6.0;16943.85;False
8797254713345;2021-03-30;2021-03;1;1;1.0;3733.56;False
8797254746113;2020-07-10;2020-07;1;1;2.0;6126.66;False
8797254811649;2020-11-17;2020-11;1;1;1.0;2584.62;False
8797254877185;2020-07-12;2020-07;1;1;4.0;18945.54;False
8797254909953;2020-11-12;2020-11;1;1;4.0;8998.02;False
8797254942721;2020-09-23;2020-09;1;1;4.0;15508.8;False
8797255041025;2021-01-31;2021-01;1;1;1.0;2201.67;False
8797255270401;2021-05-02;2021-05;2;2;8.0;22400.46;False
8797255663617;2021-05-25;2021-05;1;1;1.0;2143.395;False
8797256482817;2020-04-28;2020-04;1;1;4.0;7540.2;False
8797257170945;2020-11-04;2020-11;3;3;3.0;4517.37;False
8797257236481;2020-10-28;2020-10;1;1;1.0;1659.375;False
8797257465857;2020-02-05;2020-02;2;2;6.0;17949.33;False
8797257498625;2021-01-09;2021-01;1;1;2.0;3828.87;False
8797257728001;2020-10-06;2020-10;2;2;8.0;30251.52;False
8797257826305;2020-07-21;2020-07;1;1;1.0;1914.435;False
8797257924609;2020-07-14;2020-07;1;1;1.0;2776.095;False
8797257957377;2020-08-13;2020-08;1;1;4.0;16083.18;False
8797257990145;2021-01-22;2021-01;1;1;1.0;2871.855;False
8797258022913;2021-01-27;2021-01;1;1;1.0;2632.5;False
8797258055681;2020-09-08;2020-09;1;1;1.0;2153.79;False
8797258088449;2020-11-01;2020-11;4;4;10.0;32069.7;False
8797258153985;2021-03-19;2021-03;1;1;1.0;3972.915;False
8797258219521;2020-06-02;2020-06;1;1;2.0;5456.52;False
8797258252289;2020-12-04;2020-12;1;1;4.0;9097.92;False
8797258317825;2020-05-19;2020-05;1;1;4.0;8806.68;False
8797258350593;2020-08-16;2020-08;1;1;1.0;2393.145;False
8797258383361;2020-04-18;2020-04;1;1;4.0;13881.06;False
8797258416129;2020-09-10;2020-09;1;1;1.0;2153.79;False
8797258481665;2021-01-18;2021-01;1;1;2.0;6988.41;False
8797258514433;2021-03-11;2021-03;1;1;1.0;5026.095;False
8797258678273;2020-12-02;2020-12;1;1;1.0;1754.55;False
8797258711041;2022-01-04;2022-01;2;2;9.0;36745.56;False
8797258743809;2021-02-03;2021-02;1;1;4.0;18502.2;False
8797258842113;2020-09-26;2020-09;1;1;4.0;14797.98;False
8797258874881;2021-12-10;2021-12;1;1;1.0;13499.505;False
8797258907649;2020-08-11;2020-08;1;1;1.0;2584.62;False
8797258940417;2020-06-29;2020-06;1;1;1.0;2010.15;False
8797258973185;2020-04-08;2020-04;1;1;4.0;12274.2;False
8797259005953;2021-01-10;2021-01;1;1;1.0;1304.55;False
8797259038721;2021-02-11;2021-02;1;1;1.0;4609.665;False
8797259235329;2020-12-07;2020-12;1;1;1.0;3239.55;False
8797259399169;2021-04-26;2021-04;1;1;1.0;2339.55;False
8797259431937;2021-04-14;2021-04;5;5;5.0;16872.75;False
8797259464705;2021-01-26;2021-01;1;1;1.0;2536.74;False
8797259530241;2020-12-11;2020-12;2;2;2.0;7572.42;False
8797259661313;2021-04-19;2021-04;2;2;5.0;38902.5;False
8797259792385;2020-05-17;2020-05;1;1;2.0;8520.3;False
8797259890689;2020-07-27;2020-07;1;1;4.0;10913.04;False
8797260349441;2021-12-14;2021-12;4;4;4.0;34340.85;False
8797260447745;2021-06-03;2021-06;1;1;1.0;8855.91;False
8797260480513;2020-11-22;2020-11;1;1;1.0;10770.795;False
8797260513281;2021-07-29;2021-07;1;1;4.0;38680.2;False
8797260644353;2021-04-22;2021-04;2;2;7.0;59342.85;False
8797260742657;2020-11-22;2020-11;1;1;6.0;66060.9;False
8797260840961;2020-05-04;2020-05;1;1;1.0;11249.55;False
8797261004801;2022-05-12;2022-05;1;1;1.0;5124.51;False
8797261037569;2021-05-25;2021-05;1;1;2.0;4307.58;False
8797261168641;2021-06-11;2021-06;2;2;6.0;49113.0;False
8797261299713;2020-09-24;2020-09;1;1;5.0;42230.25;False
8797261332481;2020-12-21;2020-12;1;1;1.0;809.55;False
8797261627393;2020-12-08;2020-12;1;1;1.0;3014.55;False
8797261660161;2020-01-09;2020-01;1;1;2.0;6988.41;False
8797261725697;2021-12-11;2021-12;4;4;10.0;108994.95;False
8797261856769;2021-05-04;2021-05;2;2;5.0;54202.5;False
8797261922305;2021-04-11;2021-04;2;2;5.0;20343.375;False
8797261955073;2020-03-17;2020-03;1;1;1.0;3320.55;False
8797262020609;2020-10-03;2020-10;1;1;1.0;1770.795;False
8797262151681;2020-09-17;2020-09;1;1;2.0;5456.52;False
8797262184449;2020-08-20;2020-08;1;1;4.0;12642.21;False
8797262217217;2021-05-22;2021-05;2;2;2.0;3326.805;False
8797262249985;2020-02-21;2020-02;1;1;1.0;8855.91;False
8797262282753;2020-05-01;2020-05;2;2;2.0;15796.89;False
8797262348289;2019-12-18;2019-12;1;1;4.0;38295.9;True
8797262381057;2020-06-09;2020-06;1;1;4.0;6891.66;False
8797262413825;2021-02-06;2021-02;1;1;4.0;8805.78;False
8797262479361;2021-04-17;2021-04;3;3;12.0;45377.28;False
8797262643201;2020-05-04;2020-05;1;1;1.0;2728.26;False
8797262675969;2021-06-08;2021-06;1;1;1.0;2742.165;False
8797262741505;2020-08-10;2020-08;1;1;1.0;2201.67;False
8797262807041;2020-09-25;2020-09;1;1;2.0;3733.11;False
8797262839809;2020-01-18;2020-01;1;1;4.0;12061.98;False
8797263003649;2021-05-10;2021-05;1;1;2.0;6509.7;False
8797263036417;2021-01-02;2021-01;1;1;1.0;4656.465;False
8797263101953;2020-09-03;2020-09;1;1;1.0;2557.44;False
8797263134721;2020-10-19;2020-10;1;1;1.0;2339.91;False
8797263396865;2020-11-17;2020-11;1;1;2.0;23299.02;False
8797263429633;2021-01-28;2021-01;1;1;2.0;3637.35;False
8797263462401;2020-12-15;2020-12;1;1;4.0;50398.02;False
8797263495169;2020-08-30;2020-08;1;1;1.0;6048.225;False
8797263527937;2020-07-15;2020-07;2;2;2.0;2367.45;False
8797263560705;2020-01-14;2020-01;1;1;1.0;4769.55;False
8797263593473;2020-04-27;2020-04;1;1;1.0;3972.915;False
8797263626241;2020-04-16;2020-04;1;1;2.0;12399.03;False
8797263724545;2020-10-25;2020-10;1;1;4.0;18381.06;False
8797263790081;2021-04-05;2021-04;6;6;6.0;10165.185;False
8797263888385;2021-04-30;2021-04;1;1;1.0;5017.05;False
8797263986689;2020-10-06;2020-10;1;1;1.0;719.55;False
8797264183297;2021-01-25;2021-01;1;1;4.0;17398.08;False
8797264314369;2021-05-01;2021-05;5;5;5.0;17949.825;False
8797264347137;2020-12-13;2020-12;1;1;1.0;989.55;False
8797264412673;2021-04-14;2021-04;1;1;1.0;4274.55;False
8797264445441;2021-05-21;2021-05;1;1;2.0;4886.1;False
8797264510977;2021-06-11;2021-06;2;2;2.0;13594.77;False
8797264543745;2021-05-27;2021-05;1;1;1.0;7294.05;False
8797264576513;2020-05-01;2020-05;1;1;1.0;2947.05;False
8797264674817;2020-06-24;2020-06;1;1;1.0;3869.55;False
8797264707585;2021-06-05;2021-06;5;5;5.0;18560.25;False
8797264773121;2020-03-03;2020-03;1;1;1.0;3059.55;False
8797264805889;2021-04-11;2021-04;4;4;8.0;100044.0;False
8797264838657;2021-04-23;2021-04;1;1;1.0;4355.91;False
8797264871425;2021-04-04;2021-04;1;2;5.0;28242.225;False
8797264904193;2021-04-16;2021-04;6;6;7.0;24459.435;False
8797264936961;2021-10-09;2021-10;1;1;1.0;6999.48;False
8797264969729;2021-04-04;2021-04;1;1;2.0;14360.76;False
8797265002497;2020-11-15;2020-11;1;1;1.0;4720.5;False
8797265068033;2021-06-11;2021-06;6;6;32.0;258782.04;False
8797265100801;2021-05-31;2021-05;1;1;4.0;8982.0;False
8797265166337;2021-03-21;2021-03;1;1;1.0;3446.325;False
8797265199105;2021-04-25;2021-04;1;1;4.0;15498.0;False
8797265428481;2020-07-19;2020-07;1;1;4.0;13798.08;False
8797265723393;2022-05-19;2022-05;1;1;4.0;48582.0;False
8797266214913;2021-09-27;2021-09;1;1;2.0;6147.45;False
8797266313217;2020-02-13;2020-02;1;1;1.0;1866.555;False
8797266345985;2020-12-29;2020-12;1;1;1.0;3063.33;False
8797266477057;2020-05-11;2020-05;1;1;4.0;8423.64;False
8797266542593;2020-08-09;2020-08;1;1;3.0;5743.305;False
8797266608129;2020-09-08;2020-09;2;2;5.0;19247.4;False
8797266640897;2020-01-06;2020-01;1;1;4.0;5742.72;False
8797266673665;2021-11-13;2021-11;9;9;22.0;100365.975;False
8797266706433;2019-12-23;2019-12;1;1;4.0;9189.54;True
8797266739201;2020-01-14;2020-01;1;1;2.0;3062.88;False
8797266804737;2020-08-19;2020-08;1;1;2.0;6588.27;False
8797266870273;2020-11-25;2020-11;2;2;5.0;22843.17;False
8797266903041;2021-04-22;2021-04;1;1;4.0;26197.92;False
8797267197953;2021-04-22;2021-04;1;1;2.0;5552.19;False
8797267329025;2020-12-20;2020-12;1;1;1.0;2967.615;False
8797268049921;2020-06-26;2020-06;2;2;5.0;17662.41;False
8797268312065;2020-01-20;2020-01;1;1;1.0;3350.565;False
8797268344833;2020-01-14;2020-01;1;1;3.0;6820.335;False
8797268377601;2020-06-21;2020-06;1;1;4.0;6508.8;False
8797269458945;2020-09-18;2020-09;1;1;1.0;1420.56;False
8797269622785;2021-04-26;2021-04;3;3;10.0;80995.05;False
8797270245377;2021-11-13;2021-11;30;30;31.0;57398.04;False
8797270376449;2020-10-16;2020-10;1;1;4.0;15964.2;False
8797270409217;2021-01-08;2021-01;1;1;1.0;3005.55;False
8797270507521;2020-09-11;2020-09;1;1;1.0;956.97;False
8797270540289;2021-06-15;2021-06;1;1;4.0;38502.0;False
8797270605825;2021-05-13;2021-05;1;1;1.0;2429.91;False
8797270638593;2020-09-14;2020-09;1;1;4.0;7144.2;False
8797270671361;2020-05-19;2020-05;1;1;1.0;2488.05;False
8797270802433;2020-10-01;2020-10;3;3;6.0;14933.43;False
8797270867969;2020-12-14;2020-12;1;1;2.0;8999.1;False
8797270900737;2020-11-24;2020-11;1;1;1.0;4048.2;False
8797271031809;2020-01-14;2020-01;1;1;1.0;4116.555;False
8797271064577;2021-04-27;2021-04;2;2;3.0;11143.305;False
8797271097345;2021-02-11;2021-02;1;1;2.0;6299.01;False
8797271130113;2020-12-08;2020-12;1;1;1.0;3254.85;False
8797271228417;2021-04-27;2021-04;1;1;1.0;3877.2;False
8797271261185;2021-04-19;2021-04;1;1;1.0;4451.67;False
8797271293953;2020-03-03;2020-03;1;1;1.0;4020.795;False
8797271359489;2020-10-06;2020-10;1;1;1.0;5409.09;False
8797271392257;2020-12-23;2020-12;1;1;4.0;14740.2;False
8797271425025;2021-03-31;2021-03;1;1;1.0;3766.095;False
8797271457793;2021-07-30;2021-07;1;1;4.0;28084.32;False
8797271523329;2020-04-22;2020-04;1;1;1.0;2393.145;False
8797271621633;2020-05-25;2020-05;1;1;1.0;1420.56;False
8797271654401;2020-09-08;2020-09;1;1;4.0;9997.92;False
8797271949313;2020-11-13;2020-11;1;1;4.0;17798.04;False
8797271982081;2020-04-06;2020-04;1;1;1.0;3111.21;False
8797272014849;2020-04-15;2020-04;1;1;1.0;2069.55;False
8797272145921;2020-05-06;2020-05;1;1;1.0;1089.0;False
8797272178689;2020-01-26;2020-01;1;1;4.0;3598.02;False
8797272211457;2021-10-28;2021-10;1;1;2.0;11639.7;False
8797272276993;2020-05-12;2020-05;1;1;4.0;7698.06;False
8797272309761;2021-01-22;2021-01;1;1;1.0;2131.11;False
8797272342529;2021-02-25;2021-02;1;1;2.0;6193.71;False
8797272408065;2020-03-10;2020-03;1;1;4.0;5742.72;False
8797272539137;2021-03-23;2021-03;1;1;4.0;15700.14;False
8797272571905;2020-03-24;2020-03;1;1;4.0;15250.14;False
8797272735745;2020-03-17;2020-03;1;1;1.0;2699.505;False
8797273096193;2020-05-28;2020-05;1;1;1.0;2297.385;False
8797273161729;2020-10-02;2020-10;1;1;2.0;5743.71;False
8797273227265;2020-02-19;2020-02;1;1;4.0;14398.02;False
8797273260033;2020-09-10;2020-09;1;1;1.0;3254.85;False
8797273292801;2020-03-11;2020-03;1;1;4.0;3219.12;False
8797273423873;2020-04-29;2020-04;1;1;4.0;4976.82;False
8797273456641;2020-11-29;2020-11;1;1;4.0;13019.4;False
8797273587713;2020-03-11;2020-03;1;1;1.0;1196.325;False
8797273718785;2021-01-14;2021-01;1;1;2.0;17233.11;False
8797273817089;2021-03-03;2021-03;2;2;3.0;9070.335;False
8797273849857;2020-11-17;2020-11;1;1;4.0;20104.38;False
8797273980929;2020-01-30;2020-01;1;1;1.0;4495.5;False
8797274046465;2020-07-16;2020-07;1;1;4.0;8232.12;False
8797274144769;2020-04-27;2020-04;1;1;4.0;13532.625;False
8797274177537;2020-08-15;2020-08;1;1;1.0;1579.32;False
8797274210305;2020-06-11;2020-06;1;1;4.0;13402.26;False
8797274243073;2020-12-29;2020-12;1;1;4.0;11487.42;False
8797274275841;2021-01-21;2021-01;1;1;4.0;10530.0;False
8797274374145;2020-06-19;2020-06;1;1;6.0;38055.69;False
8797274439681;2020-05-06;2020-05;2;2;2.0;1893.78;False
8797274472449;2021-01-10;2021-01;1;1;4.0;11487.42;False
8797274636289;2020-03-17;2020-03;1;1;6.0;26997.03;False
8797274669057;2020-04-27;2020-04;1;1;1.0;3589.965;False
8797274701825;2020-06-20;2020-06;1;1;1.0;2549.52;False
8797274767361;2020-09-13;2020-09;1;1;2.0;6199.02;False
8797274800129;2020-08-02;2020-08;1;1;1.0;3163.05;False
8797274832897;2020-03-17;2020-03;1;1;6.0;34465.23;False
8797274865665;2020-02-20;2020-02;1;1;1.0;1244.205;False
8797274963969;2020-09-28;2020-09;2;2;10.0;20335.5;False
8797275029505;2020-05-04;2020-05;1;1;4.0;26806.68;False
8797275062273;2021-03-07;2021-03;1;1;1.0;7802.73;False
8797275127809;2020-02-11;2020-02;1;1;4.0;14280.66;False
8797275193345;2020-06-27;2020-06;1;1;2.0;3062.88;False
8797275226113;2020-07-24;2020-07;1;1;4.0;20104.38;False
8797275291649;2020-03-22;2020-03;1;1;2.0;3300.525;False
8797275324417;2020-01-13;2020-01;1;1;2.0;18190.53;False
8797275389953;2020-01-20;2020-01;2;2;3.0;11236.77;False
8797275488257;2020-08-02;2020-08;2;2;4.0;6020.37;False
8797275586561;2020-01-16;2020-01;1;1;1.0;1858.41;False
8797275652097;2020-05-23;2020-05;1;1;1.0;967.05;False
8797275717633;2020-08-01;2020-08;1;1;1.0;4449.51;False
8797275783169;2020-06-02;2020-06;1;1;2.0;4786.29;False
8797275848705;2021-01-04;2021-01;2;2;3.0;10102.32;False
8797275914241;2020-05-15;2020-05;1;1;3.0;8256.6;False
8797276078081;2020-03-03;2020-03;1;1;1.0;3422.385;False
8797276110849;2020-08-26;2020-08;1;1;1.0;2536.74;False
8797276176385;2020-10-16;2020-10;1;1;1.0;3254.85;False
8797276209153;2020-08-20;2020-08;2;2;6.0;17231.13;False
8797276798977;2020-06-20;2020-06;1;1;4.0;8136.36;False
8797276930049;2020-12-11;2020-12;2;2;3.0;9758.07;False
8797277126657;2021-01-11;2021-01;1;1;1.0;2943.675;False
8797277159425;2020-04-19;2020-04;2;2;9.0;15027.66;False
8797277290497;2021-09-04;2021-09;1;1;4.0;21636.36;False
8797277323265;2021-04-17;2021-04;2;2;7.0;18233.46;False
8797277388801;2020-01-06;2020-01;2;2;10.0;14931.36;False
8797277421569;2020-11-08;2020-11;2;2;6.0;14516.64;False
8797277487105;2020-10-20;2020-10;1;1;1.0;3199.5;False
8797277519873;2020-11-04;2020-11;2;2;6.0;224523.36;False
8797277618177;2020-08-28;2020-08;1;1;1.0;1610.55;False
8797277683713;2021-05-15;2021-05;3;3;5.0;37098.675;False
8797277749249;2020-10-03;2020-10;1;1;1.0;6079.32;False
8797277814785;2020-03-07;2020-03;1;1;6.0;109120.23;False
8797277913089;2020-06-09;2020-06;1;1;4.0;8998.2;False
8797278044161;2021-02-16;2021-02;1;1;1.0;4039.245;False
8797278076929;2020-12-04;2020-12;1;1;1.0;5409.09;False
8797278208001;2021-01-20;2021-01;1;1;2.0;6222.42;False
8797278240769;2021-05-11;2021-05;2;2;8.0;98717.22;False
8797278273537;2020-11-05;2020-11;1;1;1.0;3972.915;False
8797278306305;2021-06-11;2021-06;2;2;3.0;8328.285;False
8797278437377;2020-01-16;2020-01;1;1;1.0;1842.615;False
8797278568449;2021-02-20;2021-02;1;1;4.0;9381.06;False
8797278633985;2020-12-21;2020-12;1;1;1.0;4299.48;False
8797278896129;2020-10-14;2020-10;1;1;4.0;12398.04;False
8797279059969;2020-10-21;2020-10;1;1;4.0;20870.46;False
8797279223809;2020-11-17;2020-11;1;1;1.0;3589.965;False
8797279289345;2020-05-13;2020-05;1;1;6.0;18897.03;False
8797279354881;2021-04-16;2021-04;2;2;6.0;18092.97;False
8797279420417;2020-08-22;2020-08;1;1;1.0;3589.965;False
8797279485953;2020-07-21;2020-07;1;1;1.0;4691.025;False
8797279518721;2020-06-17;2020-06;1;1;4.0;9258.705;False
8797279584257;2020-05-27;2020-05;1;1;1.0;4738.905;False
8797279617025;2021-05-03;2021-05;3;3;3.0;4386.15;False
8797279715329;2020-05-01;2020-05;1;1;5.0;15795.45;False
8797279813633;2020-01-29;2020-01;1;1;2.0;3924.54;False
8797279944705;2021-08-22;2021-08;1;1;1.0;15674.58;False
8797280010241;2021-04-24;2021-04;1;1;1.0;1518.345;False
8797280043009;2020-04-27;2020-04;1;1;2.0;16754.4;False
8797280075777;2020-12-09;2020-12;1;1;1.0;3733.56;False
8797280108545;2020-11-04;2020-11;1;1;2.0;30206.52;False
8797280174081;2020-01-29;2020-01;1;1;4.0;9764.1;False
8797280239617;2021-01-18;2021-01;1;1;4.0;13210.92;False
8797280272385;2020-05-03;2020-05;3;3;10.0;18876.33;False
8797280305153;2020-11-24;2020-11;1;1;2.0;17903.34;False
8797280370689;2021-04-15;2021-04;4;4;7.0;52258.5;False
8797280501761;2020-10-27;2020-10;1;1;1.0;1452.69;False
8797280534529;2020-05-04;2020-05;1;1;4.0;19020.6;False
8797280567297;2020-03-23;2020-03;1;1;2.0;20105.46;False
8797280600065;2020-11-15;2020-11;1;1;5.0;9708.075;False
8797280632833;2021-04-09;2021-04;5;5;17.0;89565.75;False
8797280763905;2020-07-11;2020-07;1;1;1.0;3925.035;False
8797280796673;2021-02-24;2021-02;1;1;2.0;4738.41;False
8797280829441;2021-08-09;2021-08;6;6;6.0;10746.0;False
8797280927745;2021-02-03;2021-02;1;1;1.0;12599.55;False
8797280993281;2020-11-11;2020-11;1;1;1.0;8760.15;False
8797281026049;2020-08-02;2020-08;2;2;7.0;28681.65;False
8797281058817;2020-07-06;2020-07;1;1;2.0;7862.22;False
8797281091585;2020-11-11;2020-11;2;2;2.0;4811.49;False
8797281124353;2020-10-06;2020-10;1;1;2.0;19818.18;False
8797281157121;2020-10-05;2020-10;1;1;1.0;9710.055;False
8797281189889;2020-06-04;2020-06;1;1;1.0;10627.2;False
8797281386497;2020-10-19;2020-10;1;1;1.0;8760.15;False
8797281452033;2020-06-17;2020-06;2;2;5.0;6460.425;False
8797281550337;2021-02-18;2021-02;1;1;3.0;15796.485;False
8797281583105;2021-04-13;2021-04;1;1;2.0;22020.3;False
8797281615873;2021-01-09;2021-01;1;1;4.0;13998.06;False
8797281714177;2020-02-05;2020-02;1;1;1.0;1363.905;False
8797281746945;2020-11-02;2020-11;1;1;4.0;10146.96;False
8797281812481;2020-04-18;2020-04;1;1;4.0;10040.22;False
8797282041857;2020-02-20;2020-02;1;1;5.0;8614.575;False
8797282140161;2020-09-30;2020-09;1;1;2.0;3158.64;False
8797282172929;2020-03-12;2020-03;1;1;4.0;7083.18;False
8797282205697;2021-08-25;2021-08;1;1;4.0;12553.2;False
8797282238465;2020-10-14;2020-10;1;1;2.0;2651.67;False
8797282304001;2021-01-15;2021-01;1;1;4.0;28998.0;False
8797282336769;2020-03-07;2020-03;1;1;4.0;7797.96;False
8797282402305;2020-02-27;2020-02;1;1;1.0;1866.555;False
8797282435073;2020-06-11;2020-06;1;1;4.0;9668.34;False
8797282467841;2021-03-28;2021-03;1;1;1.0;2105.91;False
8797282566145;2020-11-29;2020-11;1;2;10.0;42075.0;False
8797282861057;2021-05-11;2021-05;1;1;1.0;2339.55;False
8797283090433;2020-11-11;2020-11;2;2;6.0;8523.36;False
8797283287041;2021-05-12;2021-05;1;1;1.0;1610.055;False
8797283352577;2021-01-26;2021-01;1;1;2.0;6914.88;False
8797283483649;2021-02-03;2021-02;2;2;2.0;3314.88;False
8797283516417;2020-08-29;2020-08;1;1;1.0;1574.55;False
8797283614721;2020-03-11;2020-03;1;1;1.0;1231.11;False
8797283680257;2020-03-23;2020-03;1;1;4.0;5359.86;False
8797283713025;2020-09-11;2020-09;2;2;2.0;3788.55;False
8797283844097;2020-10-19;2020-10;1;1;4.0;18668.34;False
8797284040705;2019-12-25;2019-12;1;1;1.0;8616.555;True
8797284073473;2020-10-06;2020-10;1;1;1.0;6510.15;False
8797284106241;2021-04-14;2021-04;1;1;1.0;2283.075;False
8797284335617;2021-06-08;2021-06;3;3;3.0;52658.145;False
8797284466689;2020-07-30;2020-07;1;1;1.0;3829.32;False
8797284564993;2020-05-05;2020-05;1;1;1.0;10292.085;False
8797284663297;2020-11-11;2020-11;1;1;1.0;45813.33;False
8797284696065;2021-06-16;2021-06;4;5;11.0;312182.1;False
8797284794369;2022-01-04;2022-01;1;1;4.0;89436.06;False
8797284859905;2020-11-10;2020-11;1;1;1.0;9095.265;False
8797284892673;2020-11-11;2020-11;1;1;1.0;35520.795;False
8797285023745;2022-01-12;2022-01;1;1;1.0;34499.52;False
8797285056513;2019-12-18;2019-12;1;1;4.0;8647.2;True
8797285122049;2021-11-13;2021-11;2;2;2.0;191487.42;False
8797285187585;2021-02-26;2021-02;1;1;6.0;101346.66;False
8797285220353;2021-05-29;2021-05;1;1;2.0;35424.54;False
8797285253121;2020-04-27;2020-04;1;1;4.0;18955.62;False
8797285285889;2020-08-03;2020-08;1;1;2.0;11967.12;False
8797285351425;2020-05-06;2020-05;1;1;4.0;7753.32;False
8797285384193;2020-03-03;2020-03;1;1;4.0;11597.94;False
8797285449729;2020-11-28;2020-11;1;1;4.0;10398.06;False
8797285482497;2020-01-24;2020-01;1;1;4.0;35806.68;False
8797285580801;2020-06-03;2020-06;1;1;6.0;11934.0;False
8797285613569;2020-07-28;2020-07;1;1;1.0;2049.48;False
8797285646337;2020-10-28;2020-10;1;1;2.0;7084.17;False
8797285679105;2020-03-24;2020-03;1;1;4.0;15598.08;False
8797285744641;2021-03-14;2021-03;1;1;4.0;10913.04;False
8797285777409;2020-11-26;2020-11;1;1;4.0;16054.2;False
8797285908481;2020-12-15;2020-12;1;1;2.0;3748.905;False
8797286137857;2020-10-02;2020-10;2;2;5.0;34226.37;False
8797286334465;2020-12-11;2020-12;1;1;1.0;3302.73;False
8797286400001;2020-02-26;2020-02;1;1;2.0;8903.34;False
8797286498305;2020-05-04;2020-05;1;1;4.0;10229.76;False
8797286531073;2021-03-03;2021-03;1;1;1.0;8396.55;False
8797286596609;2020-12-03;2020-12;1;1;1.0;8189.55;False
8797286694913;2020-05-20;2020-05;1;1;4.0;17423.64;False
8797286793217;2020-08-15;2020-08;2;2;4.0;12400.2;False
8797286891521;2020-11-21;2020-11;2;2;8.0;27596.16;False
8797286924289;2021-01-05;2021-01;1;1;1.0;1774.485;False
8797286957057;2020-06-25;2020-06;1;1;2.0;27998.1;False
8797287022593;2021-05-03;2021-05;3;3;5.0;92628.0;False
8797287088129;2020-08-22;2020-08;1;1;2.0;4798.98;False
8797287186433;2021-05-27;2021-05;1;1;1.0;11249.55;False
8797287284737;2021-02-22;2021-02;1;1;1.0;5129.55;False
8797287317505;2020-08-06;2020-08;1;1;1.0;9764.55;False
8797287350273;2021-04-24;2021-04;1;1;4.0;38446.2;False
8797287383041;2020-10-14;2020-10;1;1;1.0;3744.045;False
8797287546881;2021-06-25;2021-06;1;1;4.0;57112.2;False
8797287579649;2021-04-07;2021-04;1;1;2.0;27719.1;False
8797287612417;2020-09-07;2020-09;2;2;6.0;13497.3;False
8797287710721;2021-03-08;2021-03;3;3;10.0;50395.5;False
8797287841793;2021-05-21;2021-05;4;4;9.0;36891.45;False
8797287874561;2020-10-26;2020-10;1;1;1.0;4477.05;False
8797287907329;2020-11-18;2020-11;1;1;1.0;4108.05;False
8797287940097;2020-10-22;2020-10;1;1;1.0;3604.05;False
8797287972865;2020-10-16;2020-10;1;1;1.0;4108.05;False
8797288005633;2020-11-05;2020-11;1;1;4.0;11230.2;False
8797288071169;2020-12-24;2020-12;1;1;4.0;19312.2;False
8797288103937;2020-12-04;2020-12;2;2;8.0;37076.4;False
8797288136705;2020-07-13;2020-07;1;1;2.0;19799.1;False
8797288366081;2020-11-22;2020-11;3;3;3.0;10717.65;False
8797288529921;2020-08-10;2020-08;1;1;4.0;13822.2;False
8797288595457;2020-08-23;2020-08;1;1;3.0;11878.65;False
8797288628225;2021-03-09;2021-03;1;1;1.0;13477.05;False
8797288693761;2021-04-14;2021-04;2;2;10.0;51250.5;False
8797288759297;2020-12-17;2020-12;1;1;4.0;17548.2;False
8797288792065;2021-01-12;2021-01;1;1;4.0;16522.2;False
8797288824833;2021-02-05;2021-02;1;1;1.0;7375.5;False
8797288857601;2020-10-28;2020-10;1;1;2.0;8855.46;False
8797288955905;2020-10-25;2020-10;1;1;4.0;15028.2;False
8797288988673;2021-01-25;2021-01;1;1;4.0;49122.0;False
8797289119745;2021-01-17;2021-01;2;2;2.0;1913.94;False
8797289218049;2021-04-20;2021-04;1;1;2.0;26271.0;False
8797289250817;2020-09-13;2020-09;1;1;4.0;17798.04;False
8797289283585;2021-06-30;2021-06;1;1;2.0;34551.0;False
8797289447425;2022-05-23;2022-05;1;1;2.0;34281.0;False
8797289644033;2020-03-03;2020-03;2;2;8.0;16024.095;False
8797289676801;2021-01-13;2021-01;4;4;8.0;32549.4;False
8797289709569;2021-04-02;2021-04;2;2;6.0;68013.0;False
8797289742337;2020-07-12;2020-07;1;1;4.0;13402.26;False
8797289807873;2020-05-25;2020-05;2;2;3.0;14551.785;False
8797289840641;2021-02-13;2021-02;1;1;4.0;25198.2;False
8797289906177;2021-04-19;2021-04;3;3;10.0;153405.0;False
8797289971713;2020-07-22;2020-07;1;1;1.0;3709.62;False
8797290037249;2020-08-11;2020-08;1;1;4.0;19962.0;False
8797290070017;2020-09-16;2020-09;1;1;4.0;22976.82;False
8797290102785;2020-11-16;2020-11;1;1;1.0;11965.5;False
8797290135553;2020-11-18;2020-11;1;1;4.0;17710.92;False
8797290168321;2020-10-31;2020-10;1;1;1.0;3499.515;False
8797290233857;2020-04-08;2020-04;1;1;1.0;6295.5;False
8797290397697;2021-05-01;2021-05;4;4;4.0;29502.0;False
8797290496001;2020-09-26;2020-09;2;2;6.0;25648.11;False
8797290528769;2021-04-28;2021-04;1;1;2.0;5360.76;False
8797290692609;2020-05-13;2020-05;1;1;1.0;2776.095;False
8797290954753;2020-02-03;2020-02;1;1;6.0;13210.02;False
8797290987521;2021-01-13;2021-01;2;2;3.0;3948.075;False
8797291020289;2020-07-21;2020-07;1;1;4.0;12465.54;False
8797291085825;2020-09-19;2020-09;1;1;2.0;5099.04;False
8797291118593;2020-10-26;2020-10;1;1;2.0;6126.66;False
8797291151361;2020-09-29;2020-09;1;1;1.0;1770.795;False
8797291184129;2021-04-06;2021-04;5;8;19.0;91427.085;False
8797291216897;2020-12-09;2020-12;1;1;2.0;6940.53;False
8797291446273;2020-07-06;2020-07;1;1;1.0;2345.265;False
8797291479041;2021-08-09;2021-08;1;1;1.0;13738.905;False
8797291610113;2021-02-01;2021-02;1;1;1.0;3865.5;False
8797291642881;2021-02-24;2021-02;1;1;4.0;17998.02;False
8797291675649;2020-07-06;2020-07;1;1;1.0;2249.505;False
8797291741185;2020-12-18;2020-12;1;1;1.0;2393.145;False
8797291806721;2020-11-20;2020-11;1;1;4.0;14359.86;False
8797291839489;2020-06-09;2020-06;2;2;6.0;10772.46;False
8797291872257;2021-04-09;2021-04;8;8;21.0;96500.565;False
8797291905025;2020-10-27;2020-10;1;1;2.0;4403.34;False
8797291970561;2021-06-24;2021-06;1;1;1.0;8616.555;False
8797292003329;2020-04-15;2020-04;1;1;4.0;17040.6;False
8797292036097;2020-06-17;2020-06;1;1;2.0;22594.77;False
8797292068865;2020-03-06;2020-03;1;1;1.0;2010.15;False
8797292101633;2021-02-23;2021-02;1;1;2.0;8807.58;False
8797292134401;2020-06-02;2020-06;1;1;2.0;6318.18;False
8797292167169;2021-06-16;2021-06;1;1;1.0;5507.595;False
8797292265473;2020-12-08;2020-12;1;1;1.0;2823.975;False
8797292298241;2020-05-02;2020-05;1;1;4.0;11295.9;False
8797292429313;2021-05-05;2021-05;1;1;4.0;59398.2;False
8797292494849;2020-10-01;2020-10;1;1;4.0;10530.0;False
8797292593153;2021-04-22;2021-04;1;1;1.0;1462.05;False
8797292658689;2020-07-20;2020-07;2;2;5.0;14957.775;False
8797292756993;2021-02-16;2021-02;1;1;2.0;11967.12;False
8797292789761;2020-06-09;2020-06;1;1;1.0;6999.48;False
8797292822529;2020-06-25;2020-06;1;1;4.0;18522.0;False
8797292855297;2021-05-12;2021-05;6;6;6.0;4510.125;False
8797292920833;2021-03-16;2021-03;1;1;4.0;43722.0;False
8797292953601;2021-02-18;2021-02;1;1;1.0;5215.5;False
8797292986369;2020-08-14;2020-08;1;1;4.0;11878.2;False
8797293019137;2021-04-20;2021-04;2;2;6.0;63693.0;False
8797293051905;2020-11-12;2020-11;1;1;4.0;21762.0;False
8797293117441;2020-07-10;2020-07;1;1;4.0;15478.2;False
8797293281281;2021-04-30;2021-04;1;1;4.0;18898.2;False
8797293314049;2020-05-23;2020-05;1;1;4.0;17638.2;False
8797293379585;2020-01-28;2020-01;1;1;4.0;18342.0;False
8797293445121;2020-10-15;2020-10;1;1;1.0;5669.55;False
8797293477889;2020-10-23;2020-10;1;1;4.0;28798.2;False
8797293510657;2020-05-20;2020-05;1;1;4.0;17232.12;False
8797293674497;2020-09-14;2020-09;1;1;1.0;1304.55;False
8797293707265;2021-10-13;2021-10;4;4;8.0;59364.0;False
8797293740033;2021-01-11;2021-01;1;1;4.0;8040.6;False
8797293772801;2021-02-24;2021-02;1;1;4.0;29698.2;False
8797293805569;2020-07-20;2020-07;1;1;4.0;32398.2;False
8797293838337;2020-07-20;2020-07;1;1;6.0;44523.0;False
8797293903873;2020-06-09;2020-06;1;1;4.0;13402.26;False
8797294002177;2020-03-09;2020-03;1;1;1.0;4068.675;False
8797294034945;2020-11-27;2020-11;1;1;4.0;14245.065;False
8797294329857;2020-11-02;2020-11;1;1;4.0;10146.96;False
8797294362625;2021-02-09;2021-02;3;3;10.0;28718.55;False
8797294526465;2020-11-26;2020-11;1;1;1.0;2178.495;False
8797294592001;2020-12-01;2020-12;1;1;1.0;2510.055;False
8797294723073;2021-01-30;2021-01;1;1;2.0;8041.59;False
8797294755841;2021-02-23;2021-02;1;1;1.0;3637.8;False
8797294821377;2020-11-10;2020-11;2;2;7.0;70369.11;False
8797294886913;2021-12-14;2021-12;1;1;1.0;34199.505;False
8797294919681;2020-07-21;2020-07;1;1;1.0;3159.09;False
8797294985217;2020-11-12;2020-11;1;1;2.0;6557.58;False
8797295050753;2021-10-15;2021-10;7;7;26.0;99996.84;False
8797295116289;2020-10-09;2020-10;1;1;6.0;15628.68;False
8797295280129;2020-07-07;2020-07;1;1;1.0;2131.11;False
8797295312897;2020-12-02;2020-12;1;1;2.0;6892.65;False
8797295345665;2020-03-06;2020-03;1;1;1.0;2819.205;False
8797295378433;2021-06-28;2021-06;1;1;4.0;12418.2;False
8797295411201;2020-09-25;2020-09;1;1;2.0;5025.6;False
8797295509505;2021-05-05;2021-05;3;3;5.0;19308.375;False
8797295673345;2021-01-11;2021-01;1;1;4.0;24891.66;False
8797295706113;2020-05-14;2020-05;1;1;1.0;2058.03;False
8797295738881;2020-02-01;2020-02;1;1;1.0;5669.55;False
8797295804417;2020-05-20;2020-05;1;1;1.0;3095.55;False
8797295837185;2020-11-25;2020-11;1;1;4.0;21061.98;False
8797295935489;2020-07-07;2020-07;1;1;2.0;22977.81;False
8797296001025;2020-09-03;2020-09;1;1;1.0;1704.78;False
8797296132097;2021-04-23;2021-04;1;1;2.0;16658.1;False
8797296164865;2021-04-16;2021-04;1;1;2.0;21681.0;False
8797296197633;2020-09-24;2020-09;1;1;2.0;12321.0;False
8797296230401;2020-09-21;2020-09;1;1;1.0;2936.385;False
8797296263169;2020-04-27;2020-04;1;1;2.0;2967.12;False
8797296394241;2020-05-29;2020-05;1;1;2.0;5169.24;False
8797296427009;2020-06-30;2020-06;1;1;1.0;3302.73;False
8797296459777;2020-05-18;2020-05;1;1;1.0;5215.5;False
8797296492545;2019-12-16;2019-12;1;1;4.0;6125.76;True
8797296558081;2020-09-10;2020-09;1;1;6.0;15076.8;False
8797296656385;2021-03-29;2021-03;1;1;4.0;49198.86;False
8797296721921;2020-08-18;2020-08;2;2;8.0;16847.28;False
8797296852993;2021-03-16;2021-03;1;1;1.0;4094.55;False
8797296885761;2020-10-13;2020-10;3;3;7.0;12395.565;False
8797296951297;2020-05-03;2020-05;1;1;2.0;3733.11;False
8797296984065;2021-01-18;2021-01;1;1;2.0;17108.1;False
8797297016833;2020-01-13;2020-01;1;1;4.0;8615.16;False
8797297049601;2020-05-05;2020-05;1;1;2.0;7658.64;False
8797297115137;2020-04-30;2020-04;1;1;4.0;9189.54;False
8797297278977;2021-04-22;2021-04;1;1;1.0;2294.55;False
8797297344513;2020-08-06;2020-08;2;2;6.0;13210.02;False
8797297442817;2020-03-12;2020-03;1;2;4.0;9189.54;False
8797297606657;2020-09-21;2020-09;1;1;1.0;1894.275;False
8797297639425;2020-01-22;2020-01;1;1;1.0;2153.79;False
8797297672193;2020-06-05;2020-06;1;1;1.0;3388.05;False
8797297704961;2020-07-23;2020-07;1;1;1.0;4786.74;False
8797297737729;2020-06-12;2020-06;1;1;1.0;3254.85;False
8797297770497;2020-03-06;2020-03;1;1;1.0;1914.435;False
8797297803265;2020-06-11;2020-06;1;1;4.0;21061.98;False
8797297836033;2020-07-06;2020-07;1;1;2.0;6509.7;False
8797297868801;2019-12-22;2019-12;1;1;4.0;15317.28;True
8797297934337;2020-08-10;2020-08;1;1;4.0;5218.2;False
8797297999873;2020-01-18;2020-01;1;1;4.0;7997.94;False
8797298032641;2020-04-13;2020-04;1;1;4.0;12444.84;False
8797298065409;2020-11-30;2020-11;1;1;1.0;1304.55;False
8797298130945;2020-06-03;2020-06;1;1;1.0;1999.485;False
8797298425857;2019-12-27;2019-12;1;1;1.0;8667.945;True
8797298556929;2021-05-29;2021-05;1;1;4.0;27882.0;False
8797298589697;2020-09-06;2020-09;1;1;1.0;1724.49;False
8797298622465;2020-07-09;2020-07;1;1;2.0;4401.0;False
8797298655233;2020-01-21;2020-01;1;1;1.0;4405.5;False
8797298688001;2020-08-03;2020-08;3;3;10.0;20270.97;False
8797298720769;2020-09-10;2020-09;1;1;1.0;2249.505;False
8797298851841;2021-01-27;2021-01;1;1;4.0;12203.46;False
8797298884609;2020-11-30;2020-11;1;1;4.0;10242.0;False
8797298950145;2020-02-11;2020-02;1;1;2.0;2849.04;False
8797298982913;2020-08-17;2020-08;1;1;4.0;8398.08;False
8797299015681;2021-01-04;2021-01;1;1;1.0;4212.27;False
8797299048449;2020-05-12;2020-05;1;1;4.0;26806.68;False
8797299081217;2020-11-20;2020-11;1;1;2.0;26999.1;False
8797299113985;2020-11-11;2020-11;1;1;1.0;68456.97;False
8797299179521;2021-04-13;2021-04;2;2;8.0;18002.34;False
8797299212289;2020-11-05;2020-11;1;1;4.0;13204.17;False
8797299310593;2020-01-16;2020-01;1;1;1.0;2834.55;False
8797299343361;2020-11-11;2020-11;1;1;1.0;39781.44;False
8797299408897;2021-04-18;2021-04;1;1;4.0;22402.26;False
8797299507201;2020-12-20;2020-12;1;1;1.0;2345.265;False
8797299572737;2020-11-12;2020-11;2;2;6.0;34465.23;False
8797299703809;2020-07-10;2020-07;1;1;4.0;16198.02;False
8797299769345;2020-08-11;2020-08;1;1;1.0;1770.795;False
8797299802113;2020-12-10;2020-12;1;1;4.0;30798.0;False
8797300031489;2020-02-10;2020-02;1;1;4.0;14359.86;False
8797300097025;2021-04-15;2021-04;3;3;12.0;63185.94;False
8797300195329;2021-01-05;2021-01;1;1;3.0;8908.65;False
8797300228097;2020-11-09;2020-11;1;1;4.0;10530.0;False
8797300293633;2021-01-21;2021-01;1;1;1.0;2249.505;False
8797300359169;2020-10-20;2020-10;2;2;8.0;18474.84;False
8797300490241;2021-03-11;2021-03;1;1;1.0;3589.965;False
8797300523009;2020-04-29;2020-04;1;1;4.0;8806.68;False
8797300588545;2020-08-11;2020-08;1;1;1.0;5446.89;False
8797300686849;2020-11-24;2020-11;1;2;6.0;25273.62;False
8797300752385;2021-02-02;2021-02;1;1;4.0;17040.6;False
8797300785153;2020-05-27;2020-05;1;1;4.0;11104.38;False
8797300817921;2021-05-24;2021-05;3;3;9.0;15023.835;False
8797300916225;2021-04-24;2021-04;6;6;14.0;42886.62;False
8797300948993;2020-08-13;2020-08;1;1;2.0;8616.06;False
8797301014529;2020-12-06;2020-12;1;1;4.0;11573.685;False
8797301178369;2020-09-09;2020-09;1;1;1.0;1866.555;False
8797301211137;2020-08-03;2020-08;1;1;2.0;6524.1;False
8797301276673;2020-12-29;2020-12;1;1;2.0;22020.3;False
8797301309441;2021-04-13;2021-04;2;2;5.0;16513.65;False
8797301374977;2021-02-02;2021-02;2;3;10.0;43513.11;False
8797301407745;2020-07-21;2020-07;1;1;6.0;23096.88;False
8797301538817;2020-05-15;2020-05;1;1;3.0;6174.09;False
8797301571585;2020-05-29;2020-05;1;1;4.0;14359.86;False
8797301604353;2020-02-03;2020-02;1;1;4.0;9381.06;False
8797301637121;2020-04-23;2020-04;1;2;8.0;17417.34;False
8797301669889;2020-12-11;2020-12;1;1;1.0;2564.55;False
8797301702657;2020-11-29;2020-11;1;2;8.0;24889.68;False
8797301833729;2020-04-28;2020-04;1;1;2.0;16483.23;False
8797302063105;2020-11-18;2020-11;1;1;1.0;2536.74;False
8797302095873;2020-05-20;2020-05;1;1;4.0;4593.78;False
8797302161409;2020-06-29;2020-06;1;1;1.0;3781.44;False
8797302292481;2020-01-22;2020-01;1;1;2.0;4211.82;False
8797302325249;2020-03-11;2020-03;1;1;2.0;3350.07;False
8797302423553;2020-06-13;2020-06;1;1;2.0;6701.13;False
8797302456321;2020-05-25;2020-05;1;1;4.0;12444.84;False
8797302489089;2020-05-05;2020-05;1;1;4.0;7657.74;False
8797302554625;2020-08-06;2020-08;1;1;4.0;10530.0;False
8797302685697;2020-08-26;2020-08;1;1;4.0;11487.42;False
8797302718465;2020-10-31;2020-10;1;1;4.0;8998.02;False
8797302751233;2020-01-11;2020-01;1;1;4.0;11104.38;False
8797302849537;2020-11-13;2020-11;1;1;2.0;8233.11;False
8797302915073;2020-04-29;2020-04;1;1;1.0;3031.11;False
8797302947841;2020-07-09;2020-07;1;1;2.0;4403.34;False
8797302980609;2020-07-20;2020-07;1;1;6.0;28720.44;False
8797303013377;2020-06-14;2020-06;1;1;1.0;3254.85;False
8797303046145;2020-07-01;2020-07;1;1;1.0;9249.48;False
8797303111681;2020-08-03;2020-08;1;1;2.0;12599.01;False
8797303144449;2020-07-20;2020-07;1;1;6.0;29295.0;False
8797303177217;2020-03-03;2020-03;1;1;1.0;2297.385;False
8797303373825;2021-03-25;2021-03;1;1;2.0;6318.18;False
8797303406593;2021-03-31;2021-03;1;1;2.0;19147.95;False
8797303439361;2020-11-08;2020-11;1;1;2.0;8036.1;False
8797303537665;2020-10-20;2020-10;1;1;4.0;12636.36;False
8797303603201;2021-08-04;2021-08;1;1;4.0;20458.26;False
8797303668737;2020-09-05;2020-09;1;1;4.0;8615.16;False
8797303701505;2020-12-30;2020-12;1;1;1.0;4499.505;False
8797303734273;2020-05-25;2020-05;1;1;1.0;1231.11;False
8797303767041;2020-10-23;2020-10;1;1;1.0;5265.495;False
8797303799809;2021-03-03;2021-03;1;1;2.0;6030.99;False
8797303832577;2020-05-05;2020-05;1;1;1.0;3446.325;False
8797303898113;2021-04-17;2021-04;3;3;3.0;10051.695;False
8797303930881;2021-04-21;2021-04;3;3;3.0;12771.0;False
8797303963649;2021-05-28;2021-05;1;1;2.0;7658.64;False
8797303996417;2021-03-20;2021-03;1;1;1.0;4020.795;False
8797304029185;2020-12-11;2020-12;3;3;3.0;14360.22;False
8797304127489;2020-12-11;2020-12;1;1;4.0;14934.24;False
8797304225793;2020-05-21;2020-05;1;1;1.0;4068.675;False
8797304455169;2020-03-06;2020-03;1;1;4.0;4402.26;False
8797304520705;2021-04-07;2021-04;1;1;1.0;1144.935;False
8797304684545;2020-06-04;2020-06;1;1;4.0;8615.16;False
8797304717313;2020-04-08;2020-04;1;1;4.0;10598.04;False
8797304815617;2020-01-18;2020-01;2;2;10.0;13878.0;False
8797304913921;2020-01-18;2020-01;1;1;2.0;1988.55;False
8797305044993;2020-12-03;2020-12;2;2;3.0;11085.48;False
8797305077761;2020-04-29;2020-04;1;1;4.0;19338.48;False
8797305143297;2021-01-28;2021-01;1;1;2.0;15222.42;False
8797305208833;2020-04-14;2020-04;1;1;4.0;6694.2;False
8797305274369;2021-04-13;2021-04;1;1;4.0;9802.26;False
8797305339905;2021-04-07;2021-04;1;1;4.0;11966.22;False
8797305470977;2020-05-08;2020-05;1;1;2.0;7084.17;False
8797305634817;2020-04-03;2020-04;1;1;2.0;8233.11;False
8797305667585;2020-11-03;2020-11;1;1;6.0;20176.02;False
8797305733121;2020-09-15;2020-09;1;1;1.0;1373.22;False
8797305798657;2020-11-16;2020-11;1;1;4.0;16561.98;False
8797305831425;2020-09-12;2020-09;2;2;8.0;35230.32;False
8797305864193;2020-05-12;2020-05;2;2;6.0;74677.95;False
8797305896961;2021-04-13;2021-04;2;2;7.0;36523.305;False
8797305929729;2021-02-04;2021-02;3;3;9.0;22400.145;False
8797305995265;2020-08-02;2020-08;1;1;1.0;7419.735;False
8797306028033;2020-09-08;2020-09;2;2;6.0;13551.3;False
8797306060801;2020-11-26;2020-11;2;2;8.0;19719.72;False
8797306257409;2020-12-21;2020-12;1;1;1.0;2010.15;False
8797306322945;2020-05-28;2020-05;1;1;4.0;9955.62;False
8797306355713;2020-10-26;2020-10;1;1;1.0;2536.74;False
8797306388481;2021-04-22;2021-04;1;1;4.0;21061.98;False
8797306421249;2020-11-29;2020-11;1;1;4.0;14934.24;False
8797306519553;2021-04-27;2021-04;2;2;4.0;10913.04;False
8797306552321;2020-12-07;2020-12;2;2;8.0;34464.24;False
8797306585089;2020-08-15;2020-08;1;1;4.0;10861.425;False
8797306650625;2020-01-21;2020-01;1;4;10.0;101723.85;False
8797306748929;2020-07-11;2020-07;2;2;6.0;23263.2;False
8797306781697;2020-09-07;2020-09;1;1;4.0;15317.28;False
8797306814465;2020-12-20;2020-12;1;1;1.0;3283.56;False
8797306847233;2020-09-10;2020-09;1;1;1.0;3948.975;False
8797306880001;2020-03-06;2020-03;2;2;5.0;39855.33;False
8797306912769;2020-06-07;2020-06;1;1;1.0;8712.27;False
8797306945537;2020-06-29;2020-06;1;1;1.0;1962.27;False
8797307011073;2020-09-05;2020-09;2;2;6.0;22497.12;False
8797307043841;2020-07-24;2020-07;1;1;4.0;19721.52;False
8797307076609;2021-05-18;2021-05;1;1;2.0;21725.505;False
8797307240449;2020-03-10;2020-03;1;1;2.0;5743.71;False
8797307273217;2022-07-05;2022-07;10;10;10.0;20244.87;False
8797307305985;2021-04-07;2021-04;5;5;5.0;6580.125;False
8797307338753;2020-10-08;2020-10;3;3;7.0;23884.92;False
8797307371521;2021-03-24;2021-03;1;1;1.0;2182.05;False
8797307404289;2020-07-01;2020-07;1;1;2.0;9599.04;False
8797307437057;2020-06-26;2020-06;1;1;1.0;1722.915;False
8797307469825;2020-05-22;2020-05;2;2;5.0;14646.51;False
8797307535361;2020-04-09;2020-04;1;1;2.0;6892.65;False
8797307568129;2020-11-20;2020-11;1;1;1.0;1106.55;False
8797307666433;2020-06-07;2020-06;1;1;5.0;9093.375;False
8797307699201;2020-01-29;2020-01;1;1;2.0;4403.34;False
8797307731969;2020-07-09;2020-07;1;1;1.0;1349.55;False
8797307895809;2021-02-18;2021-02;1;1;2.0;10530.99;False
8797307928577;2021-03-02;2021-03;1;1;2.0;6701.13;False
8797308059649;2021-04-05;2021-04;9;11;19.0;68390.595;False
8797308157953;2020-11-25;2020-11;1;1;2.0;8137.35;False
8797308190721;2020-08-13;2020-08;1;1;4.0;9572.58;False
8797308223489;2020-08-13;2020-08;2;2;7.0;23453.955;False
8797308256257;2020-09-20;2020-09;1;1;1.0;2983.725;False
8797308289025;2021-03-22;2021-03;1;1;4.0;9205.335;False
8797308321793;2021-03-29;2021-03;1;1;4.0;17232.12;False
8797308354561;2020-09-20;2020-09;1;1;1.0;2983.725;False
8797308420097;2021-04-15;2021-04;5;5;11.0;61698.96;False
8797308452865;2020-07-11;2020-07;1;1;1.0;3637.8;False
8797308485633;2021-02-11;2021-02;1;1;1.0;3159.09;False
8797308518401;2021-04-05;2021-04;3;3;11.0;48728.88;False
8797308551169;2021-04-14;2021-04;1;1;1.0;5174.55;False
8797308583937;2021-04-20;2021-04;1;1;2.0;3314.88;False
8797308780545;2020-02-20;2020-02;1;1;2.0;4184.1;False
8797308878849;2021-04-16;2021-04;1;1;1.0;126956.97;False
8797308911617;2020-11-16;2020-11;1;1;1.0;3542.085;False
8797308977153;2021-11-20;2021-11;1;1;2.0;45957.42;False
8797309075457;2020-06-16;2020-06;1;1;1.0;2632.5;False
8797309108225;2020-11-29;2020-11;1;1;1.0;4930.38;False
8797309140993;2021-04-04;2021-04;1;1;2.0;166882.05;False
8797309272065;2020-11-11;2020-11;1;1;1.0;53425.035;False
8797309468673;2021-10-14;2021-10;9;9;15.0;78264.225;False
8797309501441;2020-11-11;2020-11;1;1;1.0;2557.44;False
8797309566977;2020-04-24;2020-04;1;1;1.0;832.05;False
8797309599745;2020-10-01;2020-10;1;1;1.0;1934.55;False
8797309665281;2021-04-09;2021-04;1;1;1.0;2182.05;False
8797309698049;2020-04-26;2020-04;1;1;2.0;7658.64;False
8797309730817;2021-01-01;2021-01;2;2;6.0;12579.3;False
8797309796353;2020-11-11;2020-11;1;1;1.0;49736.385;False
8797309829121;2021-06-24;2021-06;1;1;2.0;17051.67;False
8797309861889;2020-11-01;2020-11;1;1;2.0;3409.56;False
8797309894657;2021-01-21;2021-01;1;1;1.0;1394.55;False
8797309992961;2020-10-21;2020-10;1;1;2.0;17233.11;False
8797310025729;2021-04-09;2021-04;1;1;1.0;1484.55;False
8797310124033;2020-11-30;2020-11;1;1;2.0;30062.88;False
8797310255105;2020-01-09;2020-01;2;2;5.0;9572.175;False
8797310287873;2021-04-15;2021-04;2;2;2.0;2708.64;False
8797310353409;2021-03-02;2021-03;1;1;1.0;10483.56;False
8797310418945;2020-01-16;2020-01;1;1;1.0;2312.55;False
8797310582785;2021-04-16;2021-04;1;1;2.0;20105.46;False
8797310615553;2020-04-28;2020-04;1;1;4.0;15700.14;False
8797310648321;2021-03-31;2021-03;1;1;4.0;11295.9;False
8797310713857;2021-04-15;2021-04;1;1;2.0;25179.93;False
8797310746625;2020-11-18;2020-11;1;1;2.0;8616.06;False
8797310779393;2021-04-05;2021-04;4;4;14.0;122067.9;False
8797310812161;2020-07-20;2020-07;1;1;4.0;14934.24;False
8797310910465;2020-12-31;2020-12;1;1;2.0;6701.13;False
8797310943233;2020-12-01;2020-12;1;1;2.0;26328.87;False
8797311041537;2021-04-01;2021-04;7;7;9.0;109000.89;False
8797311107073;2020-09-14;2020-09;1;1;1.0;11345.265;False
8797311139841;2021-04-20;2021-04;2;2;8.0;89038.62;False
8797311172609;2021-05-07;2021-05;1;1;2.0;35424.54;False
8797311205377;2020-12-01;2020-12;1;1;2.0;21541.59;False
8797311238145;2021-06-03;2021-06;1;1;2.0;29679.93;False
8797311303681;2020-12-02;2020-12;2;2;2.0;2296.89;False
8797311336449;2021-04-12;2021-04;2;2;2.0;27477.81;False
8797311369217;2020-04-19;2020-04;1;1;4.0;6891.66;False
8797311533057;2020-08-26;2020-08;1;1;1.0;8472.915;False
8797311565825;2021-11-30;2021-11;1;1;1.0;42110.55;False
8797311598593;2021-05-04;2021-05;2;2;4.0;41359.77;False
8797311631361;2020-11-19;2020-11;1;1;4.0;13710.735;False
8797311664129;2021-04-17;2021-04;10;10;24.0;118711.62;False
8797311696897;2021-03-16;2021-03;1;1;4.0;27381.06;False
8797311860737;2020-11-27;2020-11;1;1;2.0;8137.35;False
8797311893505;2020-10-06;2020-10;2;2;8.0;49259.52;False
8797311926273;2020-04-14;2020-04;1;1;4.0;28625.76;False
8797311991809;2020-01-25;2020-01;1;1;1.0;946.89;False
8797312024577;2021-12-29;2021-12;1;1;1.0;56560.68;False
8797312090113;2020-05-02;2020-05;1;1;1.0;1373.22;False
8797312253953;2020-11-11;2020-11;1;1;1.0;49308.03;False
8797312319489;2020-11-25;2020-11;1;1;4.0;7083.18;False
8797312385025;2020-07-30;2020-07;1;1;4.0;8040.6;False
8797312483329;2020-10-20;2020-10;1;1;1.0;2983.725;False
8797312516097;2019-12-25;2019-12;1;1;2.0;13499.01;True
8797312548865;2020-06-19;2020-06;1;1;4.0;26423.64;False
8797312581633;2020-05-03;2020-05;1;1;2.0;5743.71;False
8797312614401;2021-04-21;2021-04;1;1;1.0;5917.05;False
8797312647169;2020-05-12;2020-05;1;1;4.0;11284.2;False
8797312679937;2019-12-25;2019-12;1;1;6.0;50263.2;True
8797312811009;2021-04-20;2021-04;1;1;2.0;8999.1;False
8797312843777;2020-11-10;2020-11;3;4;14.0;48044.52;False
8797312942081;2020-08-05;2020-08;1;1;1.0;3302.73;False
8797312974849;2020-05-12;2020-05;2;2;10.0;86165.55;False
8797313007617;2020-05-26;2020-05;1;1;2.0;5604.03;False
8797313040385;2020-03-23;2020-03;1;1;2.0;18669.24;False
8797313073153;2020-02-29;2020-02;1;1;2.0;6030.99;False
8797313138689;2021-04-20;2021-04;3;3;10.0;40207.95;False
8797313302529;2021-06-01;2021-06;20;20;64.0;171164.97;False
8797313433601;2020-06-05;2020-06;1;1;2.0;8903.34;False
8797313499137;2020-10-20;2020-10;2;2;12.0;40206.78;False
8797313597441;2021-01-14;2021-01;2;2;6.0;22975.92;False
8797313630209;2020-12-03;2020-12;1;1;1.0;1914.435;False
8797313695745;2020-05-12;2020-05;1;1;1.0;1349.505;False
8797313728513;2020-03-14;2020-03;1;1;4.0;12061.98;False
8797313794049;2021-05-28;2021-05;2;2;2.0;1799.01;False
8797313826817;2020-11-01;2020-11;8;10;34.0;126274.5;False
8797313859585;2021-08-25;2021-08;1;1;1.0;1183.725;False
8797313957889;2020-07-01;2020-07;1;1;4.0;13210.92;False
8797313990657;2020-11-04;2020-11;3;3;10.0;31637.16;False
8797314056193;2020-05-28;2020-05;1;1;4.0;8615.16;False
8797314220033;2020-03-23;2020-03;1;1;2.0;2178.0;False
8797314416641;2020-08-10;2020-08;1;1;4.0;30636.36;False
8797314449409;2020-05-06;2020-05;1;1;1.0;1100.565;False
8797314482177;2020-12-20;2020-12;1;1;4.0;11966.22;False
8797314646017;2020-05-13;2020-05;1;1;4.0;3977.1;False
8797314711553;2021-01-23;2021-01;1;1;4.0;22593.78;False
8797314744321;2020-02-17;2020-02;1;1;3.0;5743.305;False
8797314777089;2020-01-09;2020-01;1;1;4.0;5742.72;False
8797314875393;2020-05-04;2020-05;2;2;7.0;9943.92;False
8797314940929;2020-09-12;2020-09;1;1;1.0;1484.55;False
8797314973697;2020-06-12;2020-06;1;1;1.0;1318.05;False
8797315203073;2020-12-19;2020-12;1;1;1.0;1421.37;False
8797315235841;2021-03-28;2021-03;1;1;1.0;2159.55;False
8797315268609;2021-04-02;2021-04;1;1;3.0;17519.895;False
8797315465217;2021-04-17;2021-04;1;1;1.0;1664.55;False
8797315497985;2020-04-25;2020-04;1;1;1.0;2024.55;False
8797315530753;2021-04-24;2021-04;1;1;1.0;4004.55;False
8797315563521;2021-03-31;2021-03;1;1;1.0;3388.05;False
8797315596289;2021-04-20;2021-04;1;1;1.0;5255.955;False
8797315694593;2021-04-07;2021-04;10;10;10.0;36972.045;False
8797315727361;2021-04-15;2021-04;7;7;7.0;13541.85;False
8797315760129;2020-08-30;2020-08;1;1;1.0;771.615;False
8797315825665;2020-09-09;2020-09;1;1;2.0;1889.1;False
8797315858433;2021-05-08;2021-05;5;5;5.0;10572.75;False
8797315891201;2021-04-08;2021-04;2;2;2.0;3464.1;False
8797315923969;2020-04-29;2020-04;1;1;1.0;4724.55;False
8797315989505;2020-10-29;2020-10;1;1;1.0;980.91;False
8797316022273;2021-03-07;2021-03;1;1;1.0;1192.05;False
8797316055041;2021-06-05;2021-06;1;1;1.0;2058.03;False
8797316087809;2020-12-04;2020-12;1;1;1.0;2294.55;False
8797316120577;2021-04-12;2021-04;13;13;13.0;13899.15;False
8797316153345;2020-12-01;2020-12;1;1;1.0;629.505;False
8797316218881;2021-02-27;2021-02;1;1;1.0;2137.05;False
8797316251649;2021-02-25;2021-02;1;1;1.0;1754.55;False
8797316284417;2021-03-25;2021-03;1;1;1.0;1004.85;False
8797316349953;2021-04-02;2021-04;20;21;21.0;23368.635;False
8797316382721;2021-01-21;2021-01;1;1;1.0;597.915;False
8797316415489;2021-02-01;2021-02;1;1;2.0;2339.1;False
8797316448257;2021-04-15;2021-04;4;4;4.0;3368.34;False
8797316513793;2021-04-06;2021-04;8;8;9.0;34700.94;False
8797316546561;2021-03-05;2021-03;1;1;1.0;4241.025;False
8797316579329;2021-07-20;2021-07;3;3;3.0;14848.65;False
8797316612097;2021-04-01;2021-04;2;2;2.0;5360.76;False
8797316644865;2021-02-08;2021-02;1;1;1.0;4049.55;False
8797316677633;2020-06-04;2020-06;1;1;1.0;1004.85;False
8797316710401;2021-04-18;2021-04;1;1;1.0;4212.27;False
8797316743169;2021-02-01;2021-02;1;1;1.0;3239.55;False
8797316775937;2021-04-21;2021-04;1;1;1.0;4786.74;False
8797316841473;2021-09-10;2021-09;1;1;4.0;10530.0;False
8797316939777;2021-03-18;2021-03;2;2;2.0;6866.415;False
8797316972545;2021-04-24;2021-04;13;13;13.0;13071.24;False
8797317005313;2021-01-11;2021-01;1;1;1.0;1043.145;False
8797317136385;2021-07-22;2021-07;2;2;3.0;13498.56;False
8797317234689;2021-05-26;2021-05;1;1;1.0;4904.55;False
8797317300225;2021-04-13;2021-04;3;3;3.0;14544.63;False
8797317332993;2020-03-24;2020-03;1;1;4.0;4019.4;False
8797317365761;2021-09-04;2021-09;1;1;1.0;3542.085;False
8797317398529;2021-03-17;2021-03;1;1;1.0;2393.145;False
8797317431297;2020-12-09;2020-12;2;2;2.0;6796.89;False
8797317464065;2021-04-12;2021-04;2;2;2.0;7658.64;False
8797317496833;2021-03-06;2021-03;1;1;1.0;5839.965;False
8797317529601;2020-06-23;2020-06;1;1;1.0;1316.025;False
8797317562369;2020-12-08;2020-12;1;1;1.0;2153.79;False
8797317595137;2021-03-28;2021-03;1;1;1.0;2969.55;False
8797317627905;2021-04-23;2021-04;1;1;1.0;4116.555;False
8797317693441;2021-03-30;2021-03;1;1;1.0;3948.975;False
8797317726209;2022-06-13;2022-06;1;1;1.0;5624.505;False
8797317758977;2020-03-03;2020-03;1;1;1.0;2823.975;False
8797317791745;2021-05-19;2021-05;4;4;4.0;20698.2;False
8797317824513;2021-01-29;2021-01;1;1;1.0;3284.55;False
8797317857281;2021-07-12;2021-07;2;2;2.0;8999.1;False
8797317890049;2020-02-15;2020-02;1;1;1.0;4274.55;False
8797317922817;2020-09-04;2020-09;1;1;1.0;2488.905;False
8797317955585;2020-07-25;2020-07;1;1;1.0;1529.55;False
8797317988353;2021-06-04;2021-06;4;5;5.0;18931.5;False
8797318021121;2020-12-20;2020-12;1;1;1.0;1529.55;False
8797318053889;2020-03-30;2020-03;1;1;1.0;1627.2;False
8797318086657;2021-04-15;2021-04;4;4;4.0;5686.2;False
8797318119425;2021-03-31;2021-03;1;1;1.0;1732.05;False
8797318152193;2021-02-06;2021-02;1;1;1.0;1349.55;False
8797318184961;2021-05-19;2021-05;1;1;1.0;3464.55;False
8797318217729;2021-02-17;2021-02;1;1;1.0;1019.205;False
8797318250497;2021-04-07;2021-04;2;2;2.0;10034.1;False
8797318283265;2021-04-13;2021-04;2;2;2.0;10349.1;False
8797318348801;2020-09-14;2020-09;1;1;1.0;1754.55;False
8797318381569;2021-06-24;2021-06;1;1;1.0;4695.84;False
8797318414337;2021-04-12;2021-04;5;5;5.0;14119.875;False
8797318447105;2021-06-09;2021-06;2;2;2.0;9147.645;False
8797318479873;2021-05-12;2021-05;3;3;3.0;15332.445;False
8797318512641;2021-06-14;2021-06;1;1;1.0;1813.05;False
8797318545409;2021-02-27;2021-02;1;1;1.0;2114.55;False
8797318578177;2021-03-28;2021-03;1;1;1.0;3077.595;False
8797318676481;2020-10-22;2020-10;1;1;1.0;1278.495;False
8797318742017;2021-06-04;2021-06;16;16;16.0;60624.0;False
8797318774785;2021-05-05;2021-05;4;4;4.0;13785.3;False
8797318807553;2020-12-17;2020-12;1;1;1.0;1129.32;False
8797318840321;2021-04-26;2021-04;1;1;1.0;1934.55;False
8797318873089;2021-01-05;2021-01;1;1;1.0;2010.15;False
8797318905857;2021-04-06;2021-04;3;3;3.0;5396.445;False
8797318938625;2021-05-11;2021-05;1;1;1.0;2384.55;False
8797319004161;2021-03-04;2021-03;1;1;1.0;1302.165;False
8797319036929;2021-05-17;2021-05;1;1;1.0;2141.55;False
8797319102465;2020-12-01;2020-12;1;1;1.0;809.55;False
8797319168001;2021-01-08;2021-01;1;1;1.0;1572.165;False
8797319266305;2021-01-16;2021-01;1;1;1.0;989.55;False
8797319331841;2020-12-08;2020-12;1;1;2.0;2609.1;False
8797319397377;2021-04-19;2021-04;4;4;4.0;14128.2;False
8797319462913;2021-05-10;2021-05;2;2;2.0;1358.1;False
8797319495681;2020-05-26;2020-05;1;1;4.0;7657.74;False
8797319561217;2021-04-14;2021-04;3;3;3.0;4163.4;False
8797319888897;2020-09-19;2020-09;1;1;4.0;8546.265;False
8797319921665;2021-02-15;2021-02;1;1;1.0;4025.835;False
8797320118273;2021-11-25;2021-11;2;2;4.0;5938.2;False
8797320151041;2021-11-24;2021-11;1;1;4.0;5938.2;False
8797320216577;2021-11-29;2021-11;1;1;1.0;1842.165;False
8797320249345;2020-06-24;2020-06;1;1;4.0;6765.48;False
8797320282113;2020-06-15;2020-06;1;1;2.0;2967.12;False
8797320314881;2020-03-18;2020-03;1;1;4.0;15534.9;False
8797320347649;2021-11-24;2021-11;3;3;5.0;7422.75;False
8797320413185;2020-04-30;2020-04;1;1;2.0;4403.34;False
8797320478721;2020-11-26;2020-11;1;1;3.0;11846.925;False
8797320577025;2021-11-26;2021-11;8;8;11.0;14854.95;False
8797320871937;2021-05-06;2021-05;3;3;3.0;7466.715;False
8797320937473;2021-11-21;2021-11;3;3;4.0;6816.06;False
8797321068545;2021-11-22;2021-11;6;6;10.0;16272.0;False
8797321134081;2021-01-29;2021-01;1;1;1.0;1795.95;False
8797321199617;2021-05-31;2021-05;1;1;1.0;1722.915;False
8797321232385;2021-07-19;2021-07;1;1;1.0;1722.915;False
8797321363457;2021-11-26;2021-11;3;3;5.0;15383.07;False
8797321494529;2021-05-23;2021-05;1;1;1.0;1722.915;False
8797321592833;2020-10-26;2020-10;1;1;2.0;3924.54;False
8797321822209;2021-03-01;2021-03;2;2;2.0;4404.33;False
8797321854977;2020-05-20;2020-05;2;2;5.0;9572.175;False
8797321887745;2021-10-07;2021-10;4;4;4.0;7738.2;False
8797321986049;2020-05-04;2020-05;4;4;11.0;95500.125;False
8797322051585;2020-03-11;2020-03;1;1;1.0;1325.835;False
8797322117121;2019-12-25;2019-12;1;1;6.0;48826.8;True
8797322215425;2020-07-29;2020-07;1;1;1.0;5121.855;False
8797322248193;2022-05-23;2022-05;1;1;1.0;15851.745;False
8797322280961;2021-01-19;2021-01;1;1;1.0;5467.05;False
8797322313729;2021-05-19;2021-05;1;1;1.0;1934.55;False
8797322346497;2021-04-13;2021-04;5;5;5.0;5275.665;False
8797322379265;2020-05-16;2020-05;2;2;6.0;12060.9;False
8797322412033;2021-02-16;2021-02;1;1;1.0;1304.55;False
8797322477569;2021-04-15;2021-04;1;1;1.0;1259.55;False
8797322510337;2021-04-24;2021-04;3;3;4.0;12598.2;False
8797322575873;2020-12-11;2020-12;1;1;2.0;5564.295;False
8797322608641;2021-04-13;2021-04;5;5;5.0;14359.275;False
8797322641409;2021-06-14;2021-06;2;2;2.0;9809.1;False
8797322674177;2020-08-18;2020-08;2;2;5.0;20822.175;False
8797322706945;2020-11-29;2020-11;1;1;2.0;6413.94;False
8797322739713;2020-05-17;2020-05;1;1;4.0;22019.4;False
8797322805249;2020-07-21;2020-07;3;3;7.0;21443.31;False
8797322838017;2020-05-14;2020-05;1;1;6.0;19529.1;False
8797322870785;2020-11-01;2020-11;3;3;12.0;35707.14;False
8797323034625;2021-04-26;2021-04;1;1;1.0;5062.05;False
8797323100161;2020-11-27;2020-11;1;1;4.0;4593.78;False
8797323132929;2020-06-11;2020-06;1;1;4.0;12827.88;False
8797323165697;2020-04-27;2020-04;1;1;4.0;15317.28;False
8797323198465;2020-06-16;2020-06;1;1;3.0;10482.615;False
8797323296769;2020-06-05;2020-06;1;1;1.0;4499.55;False
8797323362305;2021-04-13;2021-04;5;5;5.0;6747.75;False
8797323427841;2020-05-06;2020-05;2;2;6.0;7177.95;False
8797323460609;2021-05-29;2021-05;2;2;8.0;40442.4;False
8797323526145;2020-04-30;2020-04;1;1;4.0;17440.2;False
8797323558913;2021-06-24;2021-06;1;1;1.0;5669.55;False
8797323591681;2021-05-03;2021-05;1;1;4.0;17638.2;False
8797323624449;2020-10-25;2020-10;1;1;4.0;9917.28;False
8797323689985;2020-11-24;2020-11;1;1;2.0;11699.1;False
8797323722753;2021-01-23;2021-01;1;1;4.0;16180.2;False
8797323853825;2020-04-26;2020-04;1;1;2.0;15291.0;False
8797323919361;2021-03-01;2021-03;1;1;4.0;35050.68;False
8797323952129;2021-04-13;2021-04;2;2;7.0;28241.325;False
8797323984897;2020-10-26;2020-10;1;1;4.0;7657.74;False
8797324017665;2021-04-14;2021-04;2;2;10.0;63175.5;False
8797324050433;2021-11-24;2021-11;8;8;14.0;16448.625;False
8797324115969;2020-01-06;2020-01;1;1;4.0;30598.2;False
8797324148737;2020-06-17;2020-06;1;1;2.0;2296.89;False
8797324279809;2020-05-18;2020-05;1;1;4.0;9282.24;False
8797324345345;2020-05-04;2020-05;3;3;7.0;8374.275;False
8797324902401;2020-11-12;2020-11;2;2;8.0;31591.8;False
8797325066241;2020-05-15;2020-05;1;1;2.0;23399.1;False
8797325164545;2020-01-22;2020-01;1;1;1.0;1664.55;False
8797325754369;2020-07-05;2020-07;2;2;7.0;21549.465;False
8797325787137;2022-05-25;2022-05;1;1;1.0;78999.48;False
8797326180353;2021-06-05;2021-06;6;6;12.0;19805.76;False
8797326278657;2021-06-21;2021-06;3;3;4.0;11338.2;False
8797326409729;2020-12-28;2020-12;1;1;4.0;11487.42;False
8797326540801;2021-03-25;2021-03;1;1;4.0;15197.94;False
8797326606337;2020-05-25;2020-05;1;1;2.0;3059.1;False
8797326671873;2022-05-18;2022-05;1;1;1.0;1849.5;False
8797326770177;2020-09-17;2020-09;1;1;1.0;10034.55;False
8797326868481;2020-04-08;2020-04;1;1;1.0;775.035;False
8797326934017;2021-02-04;2021-02;2;2;4.0;13210.92;False
8797326999553;2020-02-11;2020-02;1;1;1.0;717.615;False
8797327065089;2020-06-29;2020-06;1;1;1.0;478.26;False
8797327130625;2020-06-29;2020-06;1;1;4.0;1913.04;False
8797327163393;2020-11-26;2020-11;1;1;1.0;502.2;False
8797327196161;2020-06-29;2020-06;1;1;2.0;956.52;False
8797327261697;2020-12-14;2020-12;1;1;2.0;2153.34;False
8797327294465;2020-11-03;2020-11;2;2;4.0;6700.14;False
8797327327233;2021-01-15;2021-01;2;2;6.0;61752.51;False
8797327360001;2020-04-13;2020-04;2;2;6.0;7752.51;False
8797327392769;2020-05-08;2020-05;2;2;10.0;28239.75;False
8797327491073;2020-01-26;2020-01;2;2;10.0;12920.85;False
8797327523841;2020-01-14;2020-01;1;1;4.0;8615.16;False
8797327556609;2020-05-10;2020-05;1;1;2.0;3541.59;False
8797327622145;2021-12-20;2021-12;1;1;1.0;119999.52;False
8797327654913;2021-11-30;2021-11;1;1;2.0;164998.98;False
8797327753217;2022-01-30;2022-01;1;1;1.0;70999.515;False
8797327785985;2020-07-19;2020-07;1;1;2.0;6272.1;False
8797327818753;2021-12-06;2021-12;2;2;2.0;79999.02;False
8797327851521;2022-02-03;2022-02;1;1;1.0;20749.5;False
8797327884289;2021-10-11;2021-10;1;1;1.0;84254.85;False
8797327917057;2021-12-20;2021-12;3;3;5.0;212497.425;False
8797328015361;2020-11-11;2020-11;1;1;1.0;92871.855;False
8797328310273;2021-07-08;2021-07;2;2;5.0;47822.175;False
8797328408577;2022-05-16;2022-05;4;4;13.0;635271.165;False
8797328539649;2021-11-12;2021-11;1;1;4.0;182861.64;False
8797328572417;2021-12-31;2021-12;1;1;2.0;10993.32;False
8797328867329;2020-01-06;2020-01;1;1;4.0;7657.74;False
8797329063937;2020-04-20;2020-04;2;2;10.0;19335.69;False
8797329227777;2020-01-18;2020-01;2;2;8.0;10662.12;False
8797329293313;2020-01-22;2020-01;1;1;2.0;2584.17;False
8797329457153;2022-06-28;2022-06;1;1;1.0;155300.625;False
8797329522689;2021-07-20;2021-07;1;1;1.0;35425.035;False
8797329555457;2020-01-11;2020-01;1;1;4.0;6508.8;False
8797331685377;2020-01-22;2020-01;1;1;4.0;18189.54;False
8797331914753;2021-06-09;2021-06;1;1;1.0;3999.51;False
8797331947521;2020-09-13;2020-09;1;1;2.0;5887.35;False
8797332144129;2020-10-26;2020-10;1;1;1.0;4786.74;False
8797332176897;2020-05-04;2020-05;1;1;2.0;4977.81;False
8797332209665;2021-04-21;2021-04;1;1;4.0;10618.2;False
8797332340737;2020-03-06;2020-03;1;1;1.0;2131.11;False
8797332504577;2020-06-10;2020-06;1;1;2.0;7275.6;False
8797332701185;2021-06-21;2021-06;2;2;6.0;8523.36;False
8797332733953;2020-04-10;2020-04;1;1;4.0;14934.24;False
8797332766721;2021-03-25;2021-03;1;1;4.0;20678.94;False
8797332799489;2020-10-19;2020-10;1;1;1.0;5504.85;False
8797332930561;2022-03-16;2022-03;2;2;6.0;20997.09;False
8797332996097;2021-03-25;2021-03;1;1;1.0;890.595;False
8797333028865;2021-03-08;2021-03;1;1;1.0;787.05;False
8797333094401;2022-05-19;2022-05;1;1;4.0;119998.08;False
8797333127169;2021-07-21;2021-07;1;1;1.0;5849.55;False
8797333159937;2020-05-19;2020-05;1;1;1.0;2924.55;False
8797333192705;2020-08-13;2020-08;2;2;12.0;29552.04;False
8797333454849;2020-01-25;2020-01;1;1;2.0;7754.4;False
8797333553153;2021-07-08;2021-07;1;1;4.0;497870.46;False
8797333618689;2021-03-31;2021-03;1;1;1.0;14530.5;False
8797333651457;2020-04-29;2020-04;2;2;2.0;8233.11;False
8797333749761;2020-08-19;2020-08;1;1;4.0;13402.26;False
8797333815297;2021-01-20;2021-01;1;1;2.0;13856.04;False
8797333848065;2021-01-28;2021-01;1;1;4.0;28198.08;False
8797333913601;2021-04-22;2021-04;1;1;2.0;42040.53;False
8797333946369;2020-12-28;2020-12;1;1;4.0;22397.94;False
8797333979137;2020-06-11;2020-06;1;1;1.0;3925.035;False
8797334011905;2020-08-17;2020-08;1;1;4.0;47870.46;False
8797334044673;2021-03-16;2021-03;1;1;1.0;4769.55;False
8797334077441;2021-02-15;2021-02;2;2;8.0;47102.4;False
8797334274049;2021-04-22;2021-04;1;1;2.0;15798.96;False
8797334372353;2021-04-07;2021-04;1;1;1.0;10199.52;False
8797334405121;2021-04-13;2021-04;5;5;16.0;89115.21;False
8797334437889;2021-04-13;2021-04;7;7;26.0;172366.965;False
8797334470657;2020-12-06;2020-12;1;1;4.0;18764.1;False
8797334503425;2020-05-18;2020-05;1;1;2.0;14265.0;False
8797334634497;2021-05-05;2021-05;3;3;9.0;95644.8;False
8797334700033;2021-03-31;2021-03;1;1;1.0;5499.495;False
8797334732801;2021-02-16;2021-02;1;1;4.0;25997.94;False
8797334798337;2021-01-20;2021-01;1;1;4.0;19598.04;False
8797334831105;2021-05-20;2021-05;3;3;12.0;67353.84;False
8797334863873;2021-01-18;2021-01;1;1;2.0;21637.35;False
8797334896641;2020-05-07;2020-05;1;1;4.0;23725.26;False
8797334929409;2021-03-30;2021-03;1;1;1.0;6999.48;False
8797338435585;2021-06-22;2021-06;1;1;2.0;17099.01;False
8797575348225;2021-03-09;2021-03;1;1;1.0;15317.28;False
8797575512065;2020-11-25;2020-11;1;1;2.0;14724.0;False
8797575544833;2021-08-07;2021-08;1;1;1.0;8568.0;False
8797575675905;2020-12-10;2020-12;1;1;2.0;10325.25;False
8797575708673;2021-02-21;2021-02;1;1;1.0;10348.2;False
8797575741441;2020-12-30;2020-12;1;1;1.0;9572.58;False
8797575839745;2020-09-23;2020-09;1;1;1.0;5598.0;False
8797575872513;2020-12-28;2020-12;1;1;1.0;17232.12;False
8797576036353;2021-02-10;2021-02;1;1;1.0;8098.2;False
8797576134657;2020-12-16;2020-12;1;1;1.0;14562.0;False
8797576200193;2021-02-28;2021-02;1;1;1.0;11487.42;False
8797576298497;2021-07-29;2021-07;2;2;2.0;20499.66;False
8797576396801;2020-07-06;2020-07;1;1;1.0;6125.76;False
8797576462337;2021-05-20;2021-05;1;1;1.0;6952.5;False
8797576560641;2022-06-29;2022-06;1;1;1.0;11158.2;False
8797576626177;2021-01-10;2021-01;1;1;1.0;8442.0;False
8797576691713;2020-12-15;2020-12;1;1;1.0;13402.26;False
8797576757249;2021-05-29;2021-05;1;1;1.0;5797.98;False
8797576855553;2020-06-05;2020-06;1;1;1.0;6566.22;False
8797576888321;2021-01-29;2021-01;1;1;1.0;7918.2;False
8797576921089;2021-03-15;2021-03;1;1;1.0;8232.12;False
8797577052161;2020-04-17;2020-04;1;1;1.0;7274.7;False
8797577150465;2020-10-16;2020-10;1;1;1.0;6964.2;False
8797577183233;2020-08-25;2020-08;1;1;1.0;8998.02;False
8797577347073;2020-11-27;2020-11;1;1;1.0;6478.2;False
8797577412609;2020-11-11;2020-11;2;2;2.0;14180.4;False
8797577510913;2020-09-29;2020-09;1;1;1.0;6221.52;False
8797577543681;2020-04-24;2020-04;1;1;1.0;4840.2;False
8797577576449;2020-08-19;2020-08;1;1;2.0;10544.4;False
8797577609217;2020-11-20;2020-11;1;1;1.0;4768.2;False
8797577641985;2021-02-22;2021-02;1;1;1.0;6766.2;False
8797577707521;2021-11-18;2021-11;4;4;4.0;60991.92;False
8797577871361;2021-02-10;2021-02;1;1;2.0;11595.96;False
8797577904129;2021-06-11;2021-06;2;2;2.0;19760.4;False
8797577936897;2020-05-17;2020-05;1;1;1.0;3598.02;False
8797578002433;2021-11-09;2021-11;2;2;2.0;12795.84;False
8797578067969;2020-08-30;2020-08;1;1;1.0;5742.72;False
8797578133505;2020-09-29;2020-09;1;1;1.0;4976.82;False
8797578395649;2021-01-12;2021-01;2;2;2.0;22208.76;False
8797578592257;2021-07-27;2021-07;1;1;1.0;12368.43;False
8797578625025;2021-01-03;2021-01;1;1;2.0;22974.84;False
8797578690561;2020-09-15;2020-09;2;2;2.0;17230.32;False
8797578788865;2020-03-09;2020-03;1;1;1.0;5551.2;False
8797578821633;2020-05-11;2020-05;4;4;6.0;31776.12;False
8797578854401;2020-06-24;2020-06;2;2;2.0;11102.4;False
8797578887169;2020-05-31;2020-05;1;1;1.0;5551.2;False
8797578919937;2020-03-20;2020-03;1;1;1.0;5742.72;False
8797578952705;2020-10-30;2020-10;1;1;1.0;5934.24;False
8797578985473;2020-07-24;2020-07;1;1;1.0;5551.2;False
8797579018241;2020-04-27;2020-04;1;1;1.0;6508.8;False
8797579051009;2020-10-19;2020-10;1;1;1.0;6125.76;False
8797579083777;2020-05-30;2020-05;1;1;1.0;5934.24;False
8797579182081;2020-11-23;2020-11;2;2;3.0;18377.28;False
8797579214849;2020-12-01;2020-12;3;3;3.0;22973.22;False
8797579247617;2020-07-09;2020-07;1;1;1.0;6317.28;False
8797579280385;2020-08-09;2020-08;1;1;1.0;5742.72;False
8797579313153;2020-09-08;2020-09;1;1;1.0;6604.38;False
8797579378689;2020-06-20;2020-06;1;1;1.0;6125.76;False
8797579411457;2020-01-20;2020-01;1;1;1.0;5696.955;False
8797579444225;2020-07-29;2020-07;1;1;1.0;6125.76;False
8797579476993;2020-02-17;2020-02;1;1;1.0;11878.2;False
8797579509761;2020-12-03;2020-12;1;1;1.0;13402.26;False
8797579542529;2021-10-27;2021-10;2;2;2.0;20025.9;False
8797579575297;2021-03-12;2021-03;1;1;1.0;15102.0;False
8797579608065;2021-01-11;2021-01;1;1;1.0;14742.0;False
8797579673601;2021-01-14;2021-01;1;1;1.0;7182.0;False
8797579706369;2021-01-10;2021-01;2;2;2.0;15598.26;False
8797579739137;2020-05-04;2020-05;1;1;1.0;8615.16;False
8797579804673;2020-08-08;2020-08;2;2;2.0;14166.36;False
8797579870209;2020-11-19;2020-11;2;2;2.0;15698.16;False
8797579902977;2020-08-31;2020-08;1;1;1.0;6298.2;False
8797579968513;2020-11-26;2020-11;1;1;1.0;11502.0;False
8797580034049;2020-10-27;2020-10;1;1;2.0;24889.68;False
8797580066817;2021-02-13;2021-02;2;2;2.0;9953.64;False
8797580099585;2020-11-24;2020-11;3;3;3.0;30440.88;False
8797580132353;2021-09-03;2021-09;1;1;1.0;14398.02;False
8797580165121;2020-07-17;2020-07;1;1;1.0;13976.82;False
8797580197889;2020-04-03;2020-04;1;1;4.0;38290.32;False
8797580263425;2020-11-26;2020-11;1;1;1.0;6125.76;False
8797580296193;2021-10-13;2021-10;3;3;3.0;39619.8;False
8797580328961;2021-10-14;2021-10;1;1;1.0;9275.895;False
8797580361729;2020-07-28;2020-07;1;1;1.0;8622.0;False
8797580427265;2020-11-20;2020-11;1;1;1.0;8368.2;False
8797580460033;2021-04-26;2021-04;1;1;1.0;6197.94;False
8797580492801;2021-01-23;2021-01;1;1;1.0;6811.515;False
8797580525569;2020-08-17;2020-08;1;1;1.0;8062.2;False
8797580558337;2021-07-03;2021-07;4;4;5.0;33789.78;False
8797580591105;2021-02-11;2021-02;1;1;1.0;15987.42;False
8797580656641;2021-07-17;2021-07;1;1;1.0;8278.2;False
8797580820481;2021-10-12;2021-10;4;4;4.0;51968.115;False
8797580918785;2021-12-20;2021-12;2;2;3.0;33553.89;False
8797580984321;2020-12-06;2020-12;2;2;2.0;14972.4;False
8797581017089;2020-11-29;2020-11;1;1;1.0;18189.54;False
8797581082625;2020-08-26;2020-08;1;1;1.0;8692.2;False
8797581180929;2020-05-30;2020-05;1;1;1.0;7002.0;False
8797581312001;2021-10-11;2021-10;4;4;4.0;43696.8;False
8797581344769;2021-11-15;2021-11;18;18;19.0;143869.86;False
8797581410305;2022-07-26;2022-07;1;1;1.0;25566.12;False
8797581443073;2021-10-07;2021-10;2;2;2.0;16627.275;False
8797581508609;2021-09-03;2021-09;1;1;1.0;6735.69;False
8797581606913;2021-05-24;2021-05;1;1;1.0;13593.78;False
8797581639681;2021-01-16;2021-01;1;1;1.0;11862.0;False
8797581770753;2021-10-23;2021-10;1;1;1.0;25083.18;False
8797581803521;2021-06-10;2021-06;1;1;1.0;10672.2;False
8797581934593;2021-09-23;2021-09;1;1;1.0;16916.31;False
8797581967361;2020-11-24;2020-11;1;1;1.0;8530.2;False
8797582000129;2020-10-23;2020-10;1;1;1.0;9448.2;False
8797582032897;2020-10-20;2020-10;1;1;1.0;7738.2;False
8797582131201;2021-10-13;2021-10;2;2;3.0;62046.0;False
8797582163969;2021-05-21;2021-05;1;1;2.0;13783.32;False
8797582327809;2020-09-12;2020-09;1;1;1.0;4402.26;False
8797582360577;2021-02-16;2021-02;1;1;1.0;5938.2;False
8797582491649;2021-06-15;2021-06;1;1;1.0;6125.76;False
8797582557185;2021-10-08;2021-10;5;5;5.0;56058.3;False
8797582655489;2020-05-21;2020-05;1;1;1.0;8136.36;False
8797582721025;2021-01-25;2021-01;1;1;1.0;3421.44;False
8797582753793;2020-01-29;2020-01;1;1;2.0;11102.4;False
8797582852097;2020-11-11;2020-11;1;1;1.0;16274.7;False
8797582917633;2020-11-18;2020-11;1;1;1.0;9538.2;False
8797582950401;2021-01-02;2021-01;2;2;2.0;6118.2;False
8797582983169;2020-02-06;2020-02;1;1;1.0;10398.06;False
8797583015937;2020-07-22;2020-07;1;1;1.0;2225.16;False
8797928095745;2020-08-18;2020-08;1;1;2.0;269.1;False
8797928456193;2020-08-18;2020-08;1;1;1.0;269.55;False
8797928488961;2020-09-09;2020-09;1;1;4.0;628.2;False
8797981671425;2020-09-09;2020-09;1;1;1.0;359.55;False
8797981900801;2020-08-31;2020-08;1;1;2.0;3733.11;False
8797981933569;2020-12-09;2020-12;1;1;4.0;5742.72;False
8797981966337;2020-09-17;2020-09;1;1;2.0;3158.64;False
8797982031873;2020-06-16;2020-06;1;1;4.0;6700.14;False
8797982064641;2020-02-18;2020-02;1;1;2.0;8472.42;False
8797982097409;2020-05-01;2020-05;1;1;1.0;1818.675;False
8797982130177;2020-08-09;2020-08;2;2;10.0;22220.64;False
8797982228481;2020-06-25;2020-06;1;1;1.0;2201.67;False
8797982261249;2020-04-06;2020-04;1;1;4.0;16849.08;False
8797982294017;2020-01-06;2020-01;1;1;4.0;6700.14;False
8797982326785;2020-08-01;2020-08;1;1;1.0;3829.32;False
8797982392321;2020-10-02;2020-10;1;1;4.0;12866.22;False
8797982425089;2020-07-11;2020-07;1;1;5.0;13880.475;False
8797982490625;2020-08-23;2020-08;1;1;4.0;11008.8;False
8797982556161;2021-01-12;2021-01;1;1;4.0;27117.72;False
8797982588929;2021-01-16;2021-01;1;1;1.0;1657.44;False
8797982654465;2020-08-08;2020-08;1;1;1.0;2058.03;False
8797982687233;2020-05-17;2020-05;1;1;2.0;4212.0;False
8797982720001;2021-02-15;2021-02;1;1;1.0;1986.21;False
8797982752769;2020-09-21;2020-09;2;2;3.0;5743.26;False
8797982785537;2020-03-15;2020-03;1;1;1.0;3422.385;False
8797982818305;2020-04-14;2020-04;1;1;1.0;1483.56;False
8797982883841;2020-05-07;2020-05;3;3;4.0;5551.2;False
8797982916609;2020-02-27;2020-02;1;1;1.0;1435.68;False
8797982982145;2020-03-07;2020-03;1;1;4.0;5264.1;False
8797983014913;2020-01-25;2020-01;1;1;1.0;1339.965;False
8797983080449;2019-12-25;2019-12;1;1;4.0;4785.3;True
8797983113217;2020-07-03;2020-07;1;1;4.0;38295.9;False
8797983145985;2021-04-13;2021-04;2;2;4.0;27730.44;False
8797983211521;2020-07-26;2020-07;1;1;4.0;7083.18;False
8797983244289;2020-08-13;2020-08;1;1;4.0;7657.74;False
8797983342593;2020-10-24;2020-10;1;1;2.0;4594.77;False
8797983375361;2020-05-11;2020-05;1;1;2.0;3254.4;False
8797983408129;2020-05-19;2020-05;1;1;4.0;8615.16;False
8797983473665;2021-03-21;2021-03;1;1;1.0;1914.435;False
8797983571969;2020-06-10;2020-06;1;1;1.0;875.565;False
8797983604737;2020-07-06;2020-07;1;1;1.0;7180.38;False
8797983637505;2020-06-03;2020-06;1;1;4.0;10913.04;False
8797983670273;2021-06-08;2021-06;3;3;3.0;75986.37;False
8797983703041;2020-11-04;2020-11;1;1;1.0;3494.205;False
8797983735809;2020-03-12;2020-03;1;1;1.0;4777.2;False
8797983768577;2020-09-10;2020-09;1;1;1.0;4310.055;False
8797983801345;2021-07-08;2021-07;1;1;4.0;21097.98;False
8797983834113;2021-05-22;2021-05;1;1;5.0;30636.0;False
8797983899649;2021-03-18;2021-03;2;2;5.0;13617.36;False
8797983965185;2020-08-19;2020-08;1;1;2.0;3220.11;False
8797984063489;2020-04-29;2020-04;1;1;4.0;7466.22;False
8797984096257;2020-03-03;2020-03;1;1;4.0;7274.7;False
8797984161793;2020-03-10;2020-03;1;1;4.0;13892.535;False
8797984194561;2020-05-03;2020-05;1;1;2.0;4850.1;False
8797984227329;2021-04-13;2021-04;2;2;2.0;6371.1;False
8797984325633;2020-08-29;2020-08;1;1;4.0;11295.9;False
8797984358401;2021-01-30;2021-01;1;1;4.0;10410.615;False
8797984456705;2020-10-30;2020-10;1;1;1.0;3031.11;False
8797984555009;2021-03-04;2021-03;1;1;1.0;1325.565;False
8797984620545;2021-06-04;2021-06;7;7;18.0;196349.04;False
8797984751617;2021-04-13;2021-04;3;3;12.0;90786.6;False
8797984784385;2021-05-17;2021-05;2;2;8.0;58640.4;False
8797984817153;2021-06-23;2021-06;1;1;2.0;20105.1;False
8797984849921;2021-04-22;2021-04;1;1;6.0;58479.3;False
8797984915457;2020-12-27;2020-12;1;1;4.0;22696.2;False
8797984980993;2021-04-26;2021-04;1;1;4.0;45610.2;False
8797985013761;2020-06-05;2020-06;1;1;5.0;11227.5;False
8797985046529;2020-12-19;2020-12;1;1;2.0;12590.1;False
8797985144833;2021-04-27;2021-04;1;1;2.0;14651.1;False
8797985177601;2021-04-21;2021-04;2;2;8.0;51444.0;False
8797985243137;2021-03-10;2021-03;1;1;1.0;1076.67;False
8797985308673;2021-05-28;2021-05;1;1;1.0;1339.965;False
8797985341441;2021-03-31;2021-03;1;1;1.0;789.435;False
8797985374209;2020-10-07;2020-10;4;4;5.0;5200.425;False
8797985439745;2020-07-22;2020-07;1;1;1.0;1017.945;False
8797985472513;2020-05-19;2020-05;1;1;1.0;1028.79;False
8797985538049;2020-11-18;2020-11;2;2;2.0;1578.87;False
8797985570817;2021-05-13;2021-05;2;2;2.0;2326.185;False
8797985603585;2021-05-10;2021-05;14;15;17.0;19675.89;False
8797985636353;2020-11-21;2020-11;1;1;1.0;502.2;False
8797985701889;2021-01-24;2021-01;2;2;2.0;985.23;False
8797985767425;2020-11-19;2020-11;1;1;1.0;430.38;False
8797985800193;2021-05-04;2021-05;3;3;3.0;4150.53;False
8797985832961;2021-03-29;2021-03;1;1;1.0;416.025;False
8797985898497;2020-12-27;2020-12;1;1;1.0;573.975;False
8797985964033;2021-01-05;2021-01;1;1;4.0;2774.7;False
8797985996801;2020-09-04;2020-09;1;1;1.0;425.835;False
8797986029569;2020-12-02;2020-12;2;2;2.0;1045.08;False
8797986062337;2021-01-09;2021-01;2;2;2.0;1038.42;False
8797986160641;2020-02-02;2020-02;1;1;1.0;487.8;False
8797986193409;2020-05-21;2020-05;1;1;1.0;454.32;False
8797986226177;2020-12-21;2020-12;1;1;1.0;526.095;False
8797986258945;2020-09-06;2020-09;1;1;1.0;369.0;False
8797986291713;2020-08-09;2020-08;1;1;1.0;454.32;False
8797986324481;2020-12-11;2020-12;1;1;1.0;502.2;False
8797986422785;2020-05-04;2020-05;1;1;1.0;909.09;False
8797986455553;2020-10-07;2020-10;2;2;2.0;1495.89;False
8797986488321;2020-11-05;2020-11;1;1;1.0;468.675;False
8797986521089;2020-09-13;2020-09;1;1;1.0;645.795;False
8797986553857;2020-04-19;2020-04;1;1;1.0;487.8;False
8797986586625;2020-06-09;2020-06;1;1;1.0;693.675;False
8797986619393;2020-12-25;2020-12;1;1;1.0;617.085;False
8797986652161;2020-12-01;2020-12;2;2;2.0;1195.83;False
8797986684929;2021-03-25;2021-03;1;1;1.0;624.285;False
8797986717697;2020-06-29;2020-06;1;1;1.0;478.26;False
8797986750465;2020-03-24;2020-03;1;1;1.0;597.915;False
8797986881537;2020-05-26;2020-05;1;1;1.0;597.915;False
8797986914305;2021-04-21;2021-04;2;2;2.0;1818.18;False
8797986947073;2021-03-25;2021-03;2;2;2.0;1578.87;False
8797986979841;2021-04-13;2021-04;5;5;16.0;57535.02;False
8797987045377;2020-05-23;2020-05;1;1;1.0;781.11;False
8797987143681;2020-07-18;2020-07;1;1;1.0;803.79;False
8797987274753;2020-11-14;2020-11;1;1;4.0;27381.06;False
8797987307521;2021-04-15;2021-04;5;5;5.0;21779.55;False
8797987405825;2021-06-03;2021-06;2;2;6.0;49305.645;False
8797987438593;;;11;11;43.0;113674.5;
8797987471361;2021-08-22;2021-08;2;2;2.0;99503.865;False
8797987602433;2020-04-13;2020-04;1;1;4.0;6891.66;False
8797987635201;2020-07-21;2020-07;1;1;2.0;5114.88;False
8797987667969;2020-04-10;2020-04;1;1;2.0;3206.52;False
8797987700737;2020-09-17;2020-09;1;1;2.0;5209.56;False
8797987733505;2021-04-26;2021-04;1;1;1.0;3733.56;False
8797987766273;2020-07-19;2020-07;1;1;4.0;18189.54;False
8797987799041;2020-03-27;2020-03;1;1;2.0;4786.29;False
8797987897345;2021-04-05;2021-04;3;3;5.0;13880.655;False
8797987930113;2020-05-31;2020-05;1;1;4.0;7083.18;False
8797988028417;2021-03-13;2021-03;1;1;1.0;2536.74;False
8797988061185;2020-05-03;2020-05;1;1;1.0;1775.835;False
8797988093953;2020-11-04;2020-11;1;1;4.0;7753.32;False
8797988159489;2020-02-15;2020-02;1;1;4.0;6629.76;False
8797988192257;2020-11-05;2020-11;1;1;2.0;4882.05;False
8797988290561;2020-05-21;2020-05;1;1;1.0;1914.435;False
8797988323329;2020-05-04;2020-05;1;1;3.0;8328.285;False
8797988356097;2020-01-21;2020-01;1;1;5.0;12564.0;False
8797988421633;2020-01-29;2020-01;1;1;2.0;3788.55;False
8797988454401;2021-04-13;2021-04;2;2;6.0;17039.61;False
8797988552705;2020-08-02;2020-08;3;3;9.0;15506.235;False
8797988585473;2020-08-30;2020-08;1;1;4.0;9093.78;False
8797988618241;2020-02-15;2020-02;1;1;4.0;7657.74;False
8797988945921;2021-12-21;2021-12;1;1;1.0;1949.985;False
8797991632897;2020-03-03;2020-03;1;1;1.0;8762.67;False
8797991665665;2021-04-09;2021-04;1;1;4.0;7657.74;False
8797991698433;2021-04-14;2021-04;3;3;4.0;5735.115;False
8797991763969;2020-02-02;2020-02;2;2;4.0;9189.63;False
8797991796737;2020-03-21;2020-03;1;1;1.0;2512.8;False
8797991829505;2020-04-27;2020-04;2;2;3.0;8041.14;False
8797991862273;2021-10-21;2021-10;1;1;1.0;3324.555;False
8797991960577;2020-12-09;2020-12;1;1;1.0;2785.635;False
8797992026113;2021-04-15;2021-04;1;1;1.0;371.43;False
8798170087425;2021-04-16;2021-04;3;3;3.0;4376.52;False
8798170120193;2021-04-12;2021-04;2;2;2.0;2679.93;False
8798170185729;2021-04-14;2021-04;4;4;4.0;9189.54;False
8798170218497;2021-04-15;2021-04;4;4;4.0;8242.605;False
8798170251265;2021-07-06;2021-07;2;2;2.0;2067.12;False
8798170316801;2021-04-29;2021-04;1;1;1.0;1866.555;False
8798170382337;2021-02-17;2021-02;1;1;1.0;3640.5;False
8798170480641;2020-11-19;2020-11;1;1;1.0;1531.44;False
8798170513409;2020-02-12;2020-02;2;2;3.0;3850.65;False
8798170546177;2020-06-25;2020-06;1;1;1.0;1318.05;False
8798170578945;2021-04-15;2021-04;3;3;3.0;9434.745;False
8798170710017;2020-12-11;2020-12;1;1;1.0;1627.2;False
8798170742785;2020-03-23;2020-03;1;1;4.0;5551.2;False
8798170775553;2020-06-15;2020-06;1;1;5.0;7657.2;False
8798170808321;2021-02-05;2021-02;1;1;6.0;8614.08;False
8798170841089;2020-05-12;2020-05;1;1;2.0;3158.64;False
8798170873857;2020-09-30;2020-09;1;1;1.0;2129.85;False
8798170906625;2020-06-28;2020-06;1;1;4.0;5492.88;False
8798170939393;2020-02-24;2020-02;1;1;4.0;5551.2;False
8798170972161;2020-01-16;2020-01;1;1;1.0;1914.435;False
8798171004929;2020-08-18;2020-08;1;1;4.0;9258.705;False
8798171037697;2020-10-24;2020-10;2;2;5.0;8008.29;False
8798171070465;2020-05-20;2020-05;1;1;4.0;6317.28;False
8798171103233;2020-08-25;2020-08;1;1;4.0;8232.12;False
8798171136001;2020-04-27;2020-04;1;1;1.0;1914.435;False
8798171168769;2020-12-06;2020-12;1;1;1.0;3031.11;False
8798171201537;2020-06-13;2020-06;2;2;5.0;8375.175;False
8798171234305;2021-04-17;2021-04;4;4;4.0;19127.745;False
8798171267073;2021-04-14;2021-04;1;1;1.0;2362.05;False
8798171299841;2020-06-13;2020-06;2;2;4.0;8040.6;False
8798171398145;2020-09-08;2020-09;1;1;2.0;13311.0;False
8798171430913;2020-11-16;2020-11;1;1;1.0;5755.5;False
8798171463681;2021-04-12;2021-04;6;6;17.0;162103.5;False
8798171496449;2020-12-07;2020-12;1;1;1.0;13225.5;False
8798171529217;2021-05-07;2021-05;1;1;4.0;45702.0;False
8798171561985;2021-04-16;2021-04;2;2;8.0;83844.0;False
8798171594753;2021-04-19;2021-04;2;2;5.0;53752.5;False
8798171627521;2020-11-09;2020-11;1;1;2.0;15561.0;False
8798171660289;2020-05-19;2020-05;1;1;6.0;47763.0;False
8798171693057;2021-01-30;2021-01;1;1;1.0;5059.665;False
8798171725825;2020-11-19;2020-11;1;1;4.0;42102.0;False
8798171758593;2021-04-17;2021-04;1;1;2.0;18531.0;False
8798171791361;2021-04-01;2021-04;3;3;5.0;51052.5;False
8798171824129;2020-08-17;2020-08;1;1;1.0;16195.5;False
8798171856897;2021-02-18;2021-02;1;1;1.0;17905.5;False
8798171889665;2021-01-18;2021-01;1;1;2.0;31311.0;False
8798171955201;2021-02-05;2021-02;1;1;1.0;9355.5;False
8798171987969;2021-04-15;2021-04;4;4;11.0;217750.5;False
8798172053505;2021-03-23;2021-03;1;1;4.0;8903.34;False
8798172086273;2020-09-10;2020-09;1;1;1.0;2604.78;False
8798172119041;2020-04-15;2020-04;1;1;4.0;27381.06;False
8798172151809;2020-02-05;2020-02;1;1;4.0;6317.28;False
8798172184577;2020-04-13;2020-04;1;1;2.0;5743.71;False
8798172217345;2020-07-03;2020-07;1;1;2.0;6222.42;False
8798172250113;2020-11-23;2020-11;1;1;4.0;10132.2;False
8798172282881;2020-10-29;2020-10;1;1;2.0;6509.7;False
8798172315649;2020-08-28;2020-08;1;1;2.0;3110.76;False
8798172348417;2021-09-30;2021-09;1;1;5.0;18876.6;False
8798172446721;2020-04-13;2020-04;1;1;2.0;6535.89;False
8798172479489;2020-05-13;2020-05;1;1;4.0;16103.34;False
8798172512257;2021-09-19;2021-09;1;1;1.0;4249.485;False
8798172577793;2021-04-13;2021-04;10;10;10.0;37144.26;False
8798172708865;2020-12-11;2020-12;1;1;4.0;10051.2;False
8798172741633;2021-02-05;2021-02;2;2;2.0;4786.29;False
8798172774401;2020-10-31;2020-10;1;1;1.0;3302.73;False
8798172872705;2020-10-08;2020-10;1;1;4.0;38678.94;False
8798172905473;2021-02-04;2021-02;1;1;2.0;7945.83;False
8798172938241;2020-12-08;2020-12;1;1;3.0;11487.96;False
8798174674945;2020-11-15;2020-11;1;1;1.0;180.045;False
8798174707713;2020-12-16;2020-12;1;1;1.0;178.2;False
8798174740481;2021-05-06;2021-05;2;2;3.0;3338.01;False
8798174773249;2021-12-01;2021-12;4;4;4.0;657.675;False
8798174806017;2020-11-09;2020-11;1;1;1.0;115.02;False
8798174838785;2021-06-29;2021-06;1;1;1.0;473.22;False
8798174937089;2021-06-19;2021-06;1;1;6.0;1077.3;False
8798174969857;2021-01-25;2021-01;1;1;1.0;292.5;False
8798175625217;2021-04-16;2021-04;1;1;1.0;1376.595;False
8798175723521;2021-06-06;2021-06;1;1;1.0;405.45;False
8798176149505;2021-05-24;2021-05;1;1;1.0;156.15;False
8798176182273;2021-04-13;2021-04;2;2;2.0;280.8;False
8798176215041;2021-04-14;2021-04;2;2;2.0;257.58;False
8798176313345;2021-03-22;2021-03;1;1;1.0;368.145;False
8798176346113;2021-04-14;2021-04;3;3;6.0;959.175;False
8798176378881;2021-04-14;2021-04;1;1;1.0;152.73;False
8798176542721;2021-05-21;2021-05;1;1;1.0;58.05;False
8798176608257;2021-11-23;2021-11;1;1;1.0;58.05;False
8798176673793;2021-06-15;2021-06;1;1;1.0;55.125;False
8798176706561;2021-04-11;2021-04;2;2;2.0;305.46;False
8798176772097;2021-05-18;2021-05;3;3;3.0;371.925;False
8798176870401;2021-01-08;2021-01;1;1;5.0;643.95;False
8798177689601;2021-05-29;2021-05;1;1;1.0;271.98;False
8798178967553;2021-05-25;2021-05;1;1;1.0;1795.5;False
8798179098625;2021-07-27;2021-07;1;1;1.0;371.16;False
8798179721217;2021-04-26;2021-04;1;1;5.0;476.325;False
8798180016129;2021-04-22;2021-04;1;1;1.0;86.4;False
8798180081665;2021-06-01;2021-06;1;1;1.0;149.805;False
8798180212737;2021-02-26;2021-02;1;1;1.0;212.985;False
8798180474881;2021-06-11;2021-06;8;8;8.0;1286.28;False
8798180507649;2021-04-21;2021-04;1;1;1.0;121.365;False
8798180540417;2021-04-28;2021-04;2;2;2.0;2405.34;False
8798180605953;2021-06-11;2021-06;1;1;2.0;809.01;False
8798180638721;2021-05-31;2021-05;1;1;1.0;404.505;False
8798180671489;2021-04-24;2021-04;3;3;3.0;258.39;False
8798180704257;2021-06-25;2021-06;1;1;4.0;202.5;False
8798180737025;2021-06-01;2021-06;1;1;1.0;237.195;False
8798180769793;2021-04-25;2021-04;2;2;2.0;809.01;False
8798180802561;2021-05-10;2021-05;2;2;2.0;507.42;False
8798180868097;2021-04-20;2021-04;1;1;1.0;418.05;False
8798180900865;2021-03-15;2021-03;1;1;1.0;386.865;False
8798180933633;2020-07-25;2020-07;1;1;1.0;86.13;False
8798180966401;2021-04-21;2021-04;1;1;1.0;784.935;False
8798181031937;2021-04-28;2021-04;1;1;1.0;404.505;False
8798181097473;2021-10-25;2021-10;1;1;1.0;511.2;False
8798181130241;2021-05-17;2021-05;1;1;2.0;532.17;False
8798181163009;2021-04-21;2021-04;1;1;1.0;546.705;False
8798181195777;2021-04-16;2021-04;1;1;1.0;1417.86;False
8798181228545;2022-05-23;2022-05;1;1;1.0;197.46;False
8798181261313;2021-06-30;2021-06;1;1;1.0;458.28;False
8798181326849;2021-04-16;2021-04;4;4;8.0;1024.92;False
8798181392385;2021-05-02;2021-05;2;2;6.0;1294.92;False
8798181523457;2021-04-28;2021-04;1;1;1.0;340.56;False
8798181556225;2021-08-05;2021-08;1;1;4.0;985.95;False
8798181654529;2021-08-05;2021-08;1;1;4.0;2368.98;False
8798182113281;2021-08-11;2021-08;2;2;6.0;7287.3;False
8798182146049;2020-09-04;2020-09;1;1;1.0;147.915;False
8798182178817;2021-05-07;2021-05;3;3;3.0;386.37;False
8798182211585;2021-06-10;2021-06;2;2;6.0;801.36;False
8798182244353;2020-09-04;2020-09;1;1;1.0;128.79;False
8798182277121;2021-02-01;2021-02;1;1;2.0;180.99;False
8798182309889;2021-05-10;2021-05;1;1;3.0;429.435;False
8798182342657;2021-05-21;2021-05;2;2;2.0;219.24;False
8798182375425;2021-05-05;2021-05;2;2;4.0;342.72;False
8798182408193;2021-04-19;2021-04;3;4;13.0;1363.05;False
8798182473729;2021-06-01;2021-06;1;1;1.0;114.48;False
8798182539265;2021-06-07;2021-06;1;1;1.0;134.55;False
8798182604801;2021-05-27;2021-05;1;1;1.0;247.05;False
8798182703105;2021-03-27;2021-03;1;1;2.0;94.77;False
8798190927873;2020-11-03;2020-11;1;1;4.0;30061.98;False
8798190960641;2020-08-05;2020-08;5;5;15.0;29569.545;False
8798190993409;2021-01-04;2021-01;1;1;4.0;25398.0;False
8798191058945;2021-04-15;2021-04;3;3;7.0;19148.58;False
8798191091713;2020-08-01;2020-08;1;1;1.0;5845.5;False
8798191124481;2020-11-04;2020-11;1;1;2.0;9801.0;False
8798191157249;2021-04-09;2021-04;3;3;7.0;33214.275;False
8798191190017;2021-03-03;2021-03;1;1;2.0;47421.0;False
8798191255553;2020-10-20;2020-10;1;1;1.0;5006.97;False
8798191288321;2020-09-15;2020-09;1;1;4.0;5113.98;False
8798191321089;2021-07-10;2021-07;1;1;1.0;10722.915;False
8798191353857;2020-12-03;2020-12;1;1;4.0;21798.0;False
8798191386625;2020-12-03;2020-12;1;1;1.0;9478.26;False
8798191419393;2021-03-15;2021-03;3;3;7.0;16273.215;False
8798191452161;2021-03-09;2021-03;7;7;8.0;7272.72;False
8798191484929;2021-04-26;2021-04;1;1;1.0;4959.72;False
8798191550465;2020-01-13;2020-01;1;1;1.0;1448.55;False
8798191583233;2020-05-21;2020-05;1;1;4.0;5542.2;False
8798191616001;2020-06-02;2020-06;1;1;6.0;25848.18;False
8798419615745;2020-01-13;2020-01;2;2;6.0;10912.05;False
8798419681281;2021-04-01;2021-04;1;1;1.0;15475.5;False
8798616223745;2020-09-29;2020-09;1;1;2.0;4896.45;False
8798616289281;2020-04-16;2020-04;1;1;2.0;9599.04;False
8798616354817;2020-04-08;2020-04;1;1;2.0;21062.88;False
8798616420353;2021-04-25;2021-04;2;2;8.0;45017.46;False
8798649057281;2021-02-27;2021-02;1;1;1.0;6074.55;False
8798714494977;2021-05-05;2021-05;3;3;9.0;46527.615;False
8798714560513;2020-02-12;2020-02;2;2;5.0;9973.575;False
8798714593281;2020-11-11;2020-11;1;1;1.0;36674.55;False
8798714658817;2020-05-14;2020-05;1;1;1.0;2519.55;False
8798714691585;2021-05-04;2021-05;2;2;2.0;4307.58;False
8798714724353;2022-06-01;2022-06;1;1;1.0;1840.41;False
8798714757121;2020-11-04;2020-11;2;2;3.0;9547.65;False
8798819581953;2020-01-25;2020-01;1;1;1.0;3015.495;False
8798819614721;2021-05-03;2021-05;1;1;6.0;119365.65;False
8798819647489;2020-05-11;2020-05;1;1;2.0;4882.05;False
8798819680257;2021-11-29;2021-11;1;1;4.0;16338.06;False
8798845992961;2021-01-05;2021-01;2;2;2.0;765.0;False
8798846091265;2020-10-27;2020-10;1;1;3.0;5641.65;False
8798846124033;2020-04-18;2020-04;1;1;2.0;4020.3;False
8798846156801;2020-07-20;2020-07;1;1;1.0;1325.835;False
8798846189569;2021-04-06;2021-04;7;7;17.0;98487.315;False
8798846222337;2020-05-11;2020-05;1;1;3.0;1434.78;False
8798846255105;2020-11-22;2020-11;1;1;4.0;12444.84;False
8798846287873;2020-05-11;2020-05;1;1;3.0;1578.285;False
8798846320641;2020-08-12;2020-08;1;1;1.0;454.32;False
8798846353409;2021-01-15;2021-01;1;1;1.0;717.615;False
8798846386177;2020-06-15;2020-06;1;1;1.0;567.945;False
8798878400513;2021-03-25;2021-03;1;1;2.0;4546.44;False
8798911102977;2020-03-09;2020-03;1;1;2.0;21062.88;False
8798976671745;2021-04-13;2021-04;2;2;2.0;4020.3;False
8798976704513;2020-05-17;2020-05;1;1;2.0;3350.07;False
8798976737281;2021-06-04;2021-06;2;2;5.0;1122.75;False
8798976802817;2020-11-09;2020-11;1;1;1.0;3829.32;False
8799075663873;2021-06-14;2021-06;1;1;1.0;15558.03;False
8799075729409;2021-04-20;2021-04;1;1;1.0;16754.85;False
8799075762177;2021-05-30;2021-05;2;2;3.0;48699.09;False
8799075827713;2021-03-24;2021-03;1;1;2.0;13403.34;False
8799075860481;2020-12-08;2020-12;1;1;1.0;4020.795;False
8799075893249;2021-03-05;2021-03;1;1;1.0;15318.675;False
8799075991553;2021-04-09;2021-04;1;1;1.0;2488.905;False
8799076057089;2021-01-26;2021-01;1;1;4.0;37338.48;False
8799076122625;2021-06-24;2021-06;1;1;1.0;6893.145;False
8799076155393;2020-09-19;2020-09;1;1;1.0;4403.79;False
8799076253697;2022-01-04;2022-01;2;2;2.0;7099.02;False
8799076352001;2021-06-16;2021-06;2;2;2.0;80999.1;False
8799076515841;2021-04-26;2021-04;1;1;1.0;648.0;False
8799079628801;2021-01-31;2021-01;1;1;1.0;908.64;False
8799079661569;2021-10-15;2021-10;1;1;1.0;909.315;False
8799079694337;2021-10-15;2021-10;2;2;2.0;3574.575;False
8799079759873;2020-05-10;2020-05;1;1;1.0;3062.88;False
8799079792641;2020-06-16;2020-06;1;1;1.0;3254.4;False
8799079858177;2020-07-20;2020-07;1;1;1.0;3350.07;False
8799079890945;2020-04-28;2020-04;1;1;1.0;2679.93;False
8799079923713;2020-10-01;2020-10;1;1;1.0;2775.6;False
8799079956481;2020-11-15;2020-11;2;2;2.0;5551.2;False
8799079989249;2020-05-05;2020-05;1;1;1.0;3254.4;False
8799080054785;2020-03-06;2020-03;1;1;1.0;4259.7;False
8799080087553;2020-07-04;2020-07;1;1;2.0;5492.88;False
8799080120321;2020-12-09;2020-12;1;1;1.0;5025.6;False
8799080153089;2020-05-03;2020-05;1;1;1.0;4116.06;False
8799080349697;2020-09-29;2020-09;1;1;1.0;6125.76;False
8799080382465;2020-08-16;2020-08;1;1;1.0;6508.8;False
8799080448001;2020-10-23;2020-10;1;1;1.0;6700.14;False
8799080513537;2020-11-30;2020-11;1;1;1.0;5551.2;False
8799080546305;2020-05-21;2020-05;1;1;1.0;5551.2;False
8799080579073;2020-02-13;2020-02;1;1;1.0;6508.8;False
8799080611841;2020-10-22;2020-10;1;1;1.0;6317.28;False
8799080644609;2021-02-12;2021-02;1;1;1.0;8519.4;False
8799080677377;2020-09-10;2020-09;1;1;1.0;5492.88;False
8799080710145;2020-12-11;2020-12;1;1;1.0;10051.2;False
8799080742913;2021-07-14;2021-07;1;1;1.0;10913.04;False
8799080808449;2020-12-04;2020-12;1;1;1.0;9955.62;False
8799173312513;2021-04-20;2021-04;1;1;1.0;4825.08;False
8799173345281;2021-04-11;2021-04;5;5;5.0;22976.325;False
8799206637569;2020-07-29;2020-07;1;1;1.0;3972.915;False
8799206670337;2020-12-15;2020-12;1;1;1.0;4384.62;False
8799206834177;2020-10-22;2020-10;1;1;1.0;17185.5;False
8799206932481;2020-07-20;2020-07;1;1;1.0;1136.385;False
8799207030785;2020-03-07;2020-03;1;1;1.0;1089.0;False
8799207129089;2020-07-20;2020-07;2;2;2.0;1732.77;False
8799238815745;2020-05-16;2020-05;2;2;3.0;4785.84;False
8799238914049;2020-09-19;2020-09;1;1;2.0;3254.4;False
8799239012353;2021-05-01;2021-05;2;2;8.0;94644.0;False
8799239110657;2021-05-28;2021-05;1;1;4.0;47322.0;False
8799239208961;2020-07-09;2020-07;1;1;1.0;2789.55;False
8799271583745;2021-02-21;2021-02;1;1;1.0;5665.5;False
8799371919361;2021-03-07;2021-03;1;1;4.0;39798.0;False
8799372017665;2020-08-28;2020-08;1;1;4.0;43198.02;False
8799372115969;2021-01-20;2021-01;1;1;4.0;10602.0;False
8799372214273;2020-08-01;2020-08;1;1;1.0;5125.5;False
8799372312577;2020-03-24;2020-03;1;2;8.0;15424.74;False
8799372410881;2021-04-23;2021-04;1;1;1.0;3589.965;False
8799372509185;2021-02-08;2021-02;1;1;1.0;3350.565;False
8799372607489;2021-01-21;2021-01;1;1;6.0;25848.18;False
8799372705793;2021-08-02;2021-08;3;3;3.0;2979.945;False
8799372804097;2020-11-07;2020-11;2;2;5.0;17751.78;False
8799372902401;2021-03-29;2021-03;1;1;1.0;4679.55;False
8799373000705;2021-05-02;2021-05;3;3;3.0;13498.65;False
8799373066241;2020-11-04;2020-11;1;1;1.0;3149.55;False
8799373197313;2021-07-06;2021-07;6;6;6.0;20247.3;False
8799373295617;2020-12-09;2020-12;1;1;1.0;2924.55;False
8799373393921;2021-05-02;2021-05;2;2;2.0;6704.1;False
8799373492225;2021-01-26;2021-01;1;1;1.0;6031.44;False
8799373590529;2021-05-19;2021-05;1;1;1.0;4499.505;False
8799373688833;2021-06-07;2021-06;3;3;3.0;14073.075;False
8799373787137;2021-06-20;2021-06;2;2;2.0;5647.95;False
8799373885441;2021-05-24;2021-05;2;2;2.0;6605.46;False
8799373983745;2021-06-05;2021-06;4;4;4.0;13228.245;False
8799374082049;2020-07-28;2020-07;1;1;1.0;1304.55;False
8799374180353;2021-04-13;2021-04;9;9;9.0;9896.04;False
8799374278657;2021-01-13;2021-01;1;1;1.0;4904.55;False
8799374376961;2021-06-08;2021-06;2;2;2.0;5219.1;False
8799374475265;2020-12-14;2020-12;1;1;1.0;3599.55;False
8799374573569;2021-04-13;2021-04;3;3;4.0;15568.2;False
8799374671873;2020-03-03;2020-03;1;1;1.0;4949.55;False
8799374868481;2021-04-14;2021-04;6;6;8.0;6296.4;False
8799374966785;2021-04-23;2021-04;1;1;1.0;15475.5;False
8799375065089;2021-03-30;2021-03;1;1;1.0;11560.5;False
8799375163393;2020-09-05;2020-09;2;3;6.0;24027.3;False
8799375261697;2021-03-30;2021-03;1;1;4.0;24462.0;False
8799375360001;2021-04-05;2021-04;5;5;7.0;45328.5;False
8799375556609;2020-12-02;2020-12;1;1;4.0;23398.2;False
8799375654913;2020-09-25;2020-09;2;2;8.0;13017.6;False
8799375753217;2020-08-28;2020-08;1;1;4.0;6125.76;False
8799375851521;2020-01-26;2020-01;1;1;6.0;9188.64;False
8799375949825;2020-07-28;2020-07;1;1;1.0;2155.5;False
8799376048129;2021-05-27;2021-05;3;3;6.0;24651.315;False
8799376146433;2020-06-25;2020-06;1;1;2.0;16945.83;False
8799376244737;2021-01-23;2021-01;1;1;4.0;30636.36;False
8799376343041;2021-06-03;2021-06;3;3;6.0;35853.57;False
8799376441345;2021-02-04;2021-02;1;1;1.0;9573.975;False
8799376539649;2021-04-13;2021-04;3;3;6.0;56965.23;False
8799376605185;2021-04-15;2021-04;6;6;15.0;141694.83;False
8799376670721;2021-08-13;2021-08;1;1;2.0;24892.65;False
8799376736257;2021-07-07;2021-07;1;1;4.0;42236.64;False
8799376834561;2021-03-27;2021-03;1;1;4.0;20868.39;False
8799376932865;2021-02-09;2021-02;1;1;4.0;27093.78;False
8799377031169;2021-04-01;2021-04;6;6;11.0;113965.515;False
8799377227777;2021-04-22;2021-04;1;1;2.0;16467.12;False
8799377326081;2020-10-26;2020-10;1;1;1.0;9573.975;False
8799377424385;2021-05-21;2021-05;1;1;1.0;11010.15;False
8799377522689;2021-07-21;2021-07;1;1;1.0;13068.675;False
8799377620993;2021-04-19;2021-04;3;3;6.0;87709.5;False
8799377719297;2020-05-07;2020-05;1;1;2.0;28626.66;False
8799377817601;2020-10-22;2020-10;1;1;2.0;31556.43;False
8799377915905;2020-07-06;2020-07;1;1;4.0;13597.92;False
8799380176897;2021-06-04;2021-06;1;1;1.0;2213.1;False
8799380242433;2021-11-22;2021-11;1;1;1.0;2150.1;False
8799402622977;2020-03-23;2020-03;1;1;1.0;10052.73;False
8799402721281;2021-03-03;2021-03;2;2;8.0;69889.86;False
8799402819585;2020-03-23;2020-03;1;1;6.0;21826.8;False
8799402917889;2021-01-10;2021-01;1;1;2.0;4077.81;False
8799403016193;2020-08-05;2020-08;1;1;1.0;3733.56;False
8799403114497;2020-12-25;2020-12;1;1;4.0;13402.26;False
8799403212801;2020-05-25;2020-05;1;1;1.0;2393.145;False
8799403311105;2020-08-06;2020-08;2;2;5.0;13641.3;False
8799403409409;2020-08-02;2020-08;1;1;2.0;6892.65;False
8799403507713;2020-11-20;2020-11;1;1;2.0;8699.04;False
8799403606017;2021-02-02;2021-02;1;1;4.0;14359.86;False
8799403704321;2020-08-13;2020-08;1;1;4.0;10913.04;False
8799403835393;2020-08-27;2020-08;1;1;4.0;7657.74;False
8799436668929;2020-05-28;2020-05;1;1;4.0;33998.04;False
8799436701697;2022-06-03;2022-06;3;3;5.0;21219.075;False
8799436898305;2020-08-27;2020-08;1;1;4.0;9381.06;False
8799436963841;2020-07-18;2020-07;1;1;6.0;21539.79;False
8799455051777;2021-04-19;2021-04;4;4;14.0;5593.14;False
8799455150081;2021-03-22;2021-03;1;1;4.0;1798.02;False
8799455248385;2021-04-19;2021-04;3;3;9.0;4945.455;False
8799455346689;2020-11-28;2020-11;1;1;2.0;8903.34;False
8799455444993;2021-05-30;2021-05;2;2;6.0;41879.97;False
8799455543297;2021-03-24;2021-03;1;1;2.0;10243.71;False
8799455641601;2021-03-18;2021-03;1;1;2.0;13403.34;False
8799455707137;2021-04-14;2021-04;4;4;4.0;36381.06;False
8799455805441;2022-02-04;2022-02;3;3;5.0;44315.73;False
8799455903745;2020-12-07;2020-12;1;1;2.0;27765.0;False
8799456002049;2021-04-29;2021-04;1;1;5.0;47869.875;False
8799456100353;2021-06-01;2021-06;1;1;1.0;11201.67;False
8799501385729;2022-05-06;2022-05;1;1;2.0;4856.94;False
8799503122433;2021-04-12;2021-04;3;3;9.0;45724.5;False
8799503384577;2020-12-29;2020-12;2;2;6.0;25848.27;False
8799504039937;2021-04-19;2021-04;4;4;4.0;31593.78;False
8799504498689;2021-02-25;2021-02;1;1;4.0;26615.16;False
8799533891585;2021-05-08;2021-05;3;3;3.0;5398.65;False
8799533924353;2020-08-12;2020-08;1;1;1.0;3838.05;False
8799533957121;2020-06-23;2020-06;1;1;1.0;2034.09;False
8799533989889;2020-11-12;2020-11;1;1;4.0;4402.26;False
8799534022657;2020-04-29;2020-04;1;1;1.0;1674.495;False
8799534055425;2021-04-16;2021-04;1;1;1.0;1979.55;False
8799567085569;2021-06-11;2021-06;3;3;3.0;12794.895;False
8799567118337;2021-04-06;2021-04;2;2;2.0;6318.18;False
8799567151105;2021-03-18;2021-03;1;1;1.0;3239.55;False
8799567183873;2020-06-10;2020-06;1;1;1.0;1770.795;False
8799567216641;2021-04-16;2021-04;1;1;1.0;4999.5;False
8799567249409;2020-07-10;2020-07;1;1;1.0;1497.915;False
8799567282177;2021-05-22;2021-05;1;1;2.0;2871.36;False
8799567314945;2021-01-24;2021-01;1;1;1.0;2871.855;False
8799567347713;2021-04-13;2021-04;3;3;3.0;7896.15;False
8799567380481;2020-03-03;2020-03;1;1;4.0;9688.32;False
8799567413249;2021-04-14;2021-04;1;1;1.0;2834.55;False
8799567446017;2020-09-24;2020-09;1;1;1.0;1531.44;False
8799567478785;2021-04-20;2021-04;2;2;8.0;38198.34;False
8799567511553;2021-06-30;2021-06;2;2;4.0;24891.66;False
8799567544321;2021-10-18;2021-10;1;1;3.0;37651.5;False
8799567577089;2020-10-03;2020-10;1;1;1.0;3542.085;False
8799567609857;2021-06-24;2021-06;1;1;1.0;3757.05;False
8799567675393;2020-05-04;2020-05;1;1;4.0;15998.04;False
8799568297985;2020-01-25;2020-01;1;1;2.0;9570.6;False
8799568330753;2020-07-09;2020-07;1;1;1.0;2392.65;False
8799568363521;2020-08-21;2020-08;1;1;1.0;2488.41;False
8799568396289;2020-05-30;2020-05;1;1;1.0;2392.65;False
8799568429057;2020-05-12;2020-05;2;2;6.0;17228.16;False
8799568461825;2020-10-15;2020-10;1;1;1.0;3062.88;False
8799568494593;2020-11-29;2020-11;1;1;1.0;2871.36;False
8799568527361;2021-01-16;2021-01;1;1;1.0;3062.88;False
8799568560129;2020-09-13;2020-09;1;1;1.0;4785.3;False
8799568592897;2020-08-14;2020-08;1;1;2.0;9953.64;False
8799568625665;2021-01-07;2021-01;1;1;1.0;5742.72;False
8799568658433;2020-08-17;2020-08;1;1;1.0;5742.72;False
8799568691201;2021-01-12;2021-01;1;1;1.0;5742.72;False
8799568723969;2020-11-27;2020-11;1;1;1.0;6125.76;False
8799697534977;2021-04-05;2021-04;6;6;6.0;17805.69;False
8799697633281;2021-04-19;2021-04;3;3;3.0;6461.37;False
8799697731585;2020-12-03;2020-12;2;2;2.0;5456.52;False
8799697829889;2021-04-28;2021-04;5;5;5.0;19572.75;False
8799697928193;2020-02-17;2020-02;1;1;4.0;8040.6;False
8799698092033;2020-08-13;2020-08;1;1;2.0;3311.1;False
8799698190337;2021-06-21;2021-06;1;1;3.0;9651.15;False
8799698288641;2021-03-12;2021-03;1;1;4.0;17206.2;False
8799698386945;2020-12-04;2020-12;2;2;5.0;20819.25;False
8799698485249;2021-04-17;2021-04;2;2;5.0;28865.25;False
8799698583553;2020-11-03;2020-11;1;1;4.0;16621.155;False
8799698681857;2021-04-14;2021-04;2;2;7.0;40411.35;False
8799698780161;2021-01-25;2021-01;1;1;1.0;4027.05;False
8799698878465;2021-04-11;2021-04;3;3;12.0;50034.6;False
8799698976769;2020-11-10;2020-11;1;1;1.0;2443.05;False
8799699107841;2020-05-10;2020-05;2;2;5.0;15797.25;False
8799735447553;2020-05-04;2020-05;2;2;4.0;38295.9;False
8799735578625;2020-04-29;2020-04;1;1;2.0;6498.99;False
8799735644161;2021-10-28;2021-10;1;1;2.0;36382.05;False
8799735676929;2019-12-27;2019-12;1;1;1.0;9573.975;True
8799735709697;2021-04-27;2021-04;1;1;1.0;9238.905;False
8799751995393;2021-04-17;2021-04;4;4;4.0;8423.64;False
8799752192001;2021-02-15;2021-02;1;1;4.0;35998.02;False
8799752290305;2021-05-20;2021-05;1;1;1.0;5261.175;False
8799763529729;2020-09-25;2020-09;1;1;4.0;7083.18;False
8799763628033;2020-10-30;2020-10;1;1;4.0;10530.0;False
8799763660801;2020-11-04;2020-11;2;2;8.0;59357.88;False
8799763693569;2021-01-28;2021-01;1;1;1.0;5399.55;False
8799763824641;2020-02-23;2020-02;1;1;4.0;10721.52;False
8799763857409;2020-10-21;2020-10;1;1;2.0;11488.41;False
8799763890177;2020-07-20;2020-07;1;1;4.0;28419.12;False
8799763922945;2020-02-04;2020-02;2;2;8.0;21825.9;False
8799763955713;2020-11-11;2020-11;2;2;3.0;25648.65;False
8799763988481;2020-09-16;2020-09;1;1;1.0;2584.62;False
8799764021249;2021-04-05;2021-04;6;6;22.0;36611.46;False
8799862489089;2020-10-15;2020-10;1;1;4.0;31640.22;False
8799862685697;2021-02-15;2021-02;2;2;2.0;2775.6;False
8799862784001;2020-12-13;2020-12;1;1;5.0;19864.575;False
8799862980609;2021-03-31;2021-03;1;1;1.0;4786.74;False
8799863078913;2021-05-28;2021-05;1;1;1.0;6462.27;False
8799863177217;2020-03-10;2020-03;1;2;8.0;42123.96;False
8799863275521;2020-11-05;2020-11;2;2;8.0;29562.345;False
8799863373825;2021-03-24;2021-03;1;1;6.0;15507.72;False
8799863472129;2020-08-06;2020-08;1;1;3.0;28003.86;False
8799863570433;2020-04-08;2020-04;1;1;4.0;37913.04;False
8799863668737;2020-12-09;2020-12;1;1;4.0;33156.0;False
8799863767041;2020-09-21;2020-09;1;1;1.0;6941.025;False
8799863865345;2021-03-03;2021-03;3;3;12.0;89036.82;False
8799863963649;2020-10-04;2020-10;2;2;5.0;30396.51;False
8799864061953;2020-12-09;2020-12;1;1;4.0;29678.94;False
8799864160257;2021-05-01;2021-05;1;1;1.0;7419.735;False
8799864258561;2020-12-03;2020-12;1;1;1.0;6099.48;False
8799864356865;2021-03-05;2021-03;1;1;1.0;4451.67;False
8799864455169;2021-02-26;2021-02;1;1;2.0;10530.99;False
8799864553473;2021-01-29;2021-01;1;1;1.0;5026.095;False
8799864651777;2020-08-15;2020-08;1;1;1.0;3206.97;False
8799864750081;2021-01-20;2021-01;1;1;2.0;9573.48;False
8799864848385;2020-05-18;2020-05;1;1;2.0;17503.56;False
8799864946689;2021-03-31;2021-03;1;1;4.0;47546.955;False
8799865044993;2021-01-20;2021-01;1;1;2.0;24931.035;False
8799865110529;2021-02-26;2021-02;1;1;4.0;21827.88;False
8799865208833;2021-09-27;2021-09;1;1;2.0;24318.18;False
8799865307137;2020-11-22;2020-11;1;1;4.0;39253.32;False
8799894142977;2020-04-18;2020-04;1;1;4.0;40210.92;False
8799894175745;2021-08-15;2021-08;2;2;8.0;72953.64;False
8799894208513;2020-10-14;2020-10;1;1;2.0;5399.01;False
8799960268801;2020-11-20;2020-11;2;2;6.0;12348.18;False
8799960367105;2020-05-21;2020-05;1;1;4.0;6987.42;False
8799960465409;2020-07-11;2020-07;1;1;4.0;8040.6;False
8799960563713;2020-01-14;2020-01;1;1;4.0;8232.12;False
8799960662017;2020-04-20;2020-04;1;1;2.0;5265.0;False
8799960760321;2020-05-08;2020-05;2;2;8.0;22974.84;False
8799960858625;2020-06-19;2020-06;1;1;4.0;10721.52;False
8799961055233;2020-10-30;2020-10;1;1;2.0;13403.34;False
8799961153537;2021-02-21;2021-02;1;1;4.0;27471.78;False
8799961251841;2021-04-15;2021-04;6;6;19.0;111868.2;False
8799961350145;2021-02-08;2021-02;2;2;2.0;4229.1;False
8799961546753;2020-07-01;2020-07;1;1;1.0;8233.56;False
8799961645057;2020-07-11;2020-07;1;1;2.0;3445.83;False
8799961743361;2020-05-01;2020-05;1;1;2.0;7199.1;False
8799961841665;2021-11-14;2021-11;7;7;7.0;9801.9;False
8799961939969;2022-04-04;2022-04;2;2;2.0;12205.8;False
8799962038273;2021-05-10;2021-05;2;2;2.0;10052.19;False
8799962136577;2020-12-29;2020-12;1;1;1.0;6175.035;False
8799962234881;2021-04-24;2021-04;1;1;1.0;8329.32;False
8799962365953;2021-04-25;2021-04;1;1;2.0;9351.0;False
8799962398721;2021-05-15;2021-05;3;4;11.0;59395.05;False
8799962431489;2021-01-01;2021-01;2;2;3.0;7107.615;False
8799992479745;2021-06-09;2021-06;3;3;3.0;13485.6;False
8799992512513;2020-09-22;2020-09;1;1;6.0;10996.47;False
8799992545281;2021-10-27;2021-10;1;1;2.0;36382.05;False
8799992578049;2020-12-09;2020-12;1;1;1.0;1052.73;False
8799992610817;2021-12-09;2021-12;1;1;1.0;8799.48;False
8799992643585;2021-03-03;2021-03;1;1;1.0;7815.33;False
8799992676353;2020-11-13;2020-11;1;2;4.0;28721.52;False
8800059260929;2020-02-12;2020-02;1;1;2.0;5935.23;False
8800059326465;2021-04-29;2021-04;1;1;1.0;13882.5;False
8800059359233;2021-08-11;2021-08;1;1;1.0;2345.265;False
8800059392001;2021-04-28;2021-04;1;1;1.0;1722.915;False
8800059686913;2021-04-12;2021-04;1;1;1.0;3791.025;False
8800059785217;2020-11-06;2020-11;1;1;1.0;4691.025;False
8800059883521;2021-04-27;2021-04;1;1;1.0;6031.44;False
8800059981825;2022-01-19;2022-01;1;1;2.0;44398.98;False
8800060145665;2020-12-01;2020-12;2;2;2.0;1435.23;False
8800060243969;2022-05-12;2022-05;3;3;3.0;3349.98;False
8800060342273;2021-05-10;2021-05;7;7;7.0;41848.785;False
8800060440577;2021-04-13;2021-04;2;2;2.0;10913.985;False
8800060604417;2020-08-01;2020-08;1;1;1.0;837.27;False
8800060637185;2020-10-22;2020-10;1;1;2.0;3350.07;False
8800060735489;2020-12-15;2020-12;1;1;1.0;2038.905;False
8800060833793;2020-05-19;2020-05;1;1;2.0;3062.88;False
8800060932097;2020-05-19;2020-05;1;1;1.0;1249.515;False
8800061030401;2021-07-07;2021-07;1;1;1.0;1770.795;False
8800061128705;2021-04-08;2021-04;8;8;8.0;37371.555;False
8800061227009;2020-11-30;2020-11;1;1;1.0;4911.21;False
8800061325313;2020-08-18;2020-08;1;1;1.0;3829.32;False
8800061489153;2021-04-12;2021-04;5;5;5.0;21147.66;False
8800061587457;2021-04-21;2021-04;2;2;2.0;7371.36;False
8800061685761;2021-04-13;2021-04;1;1;1.0;5136.21;False
8800061784065;2021-04-19;2021-04;1;1;1.0;3972.915;False
8800061882369;2021-05-18;2021-05;1;1;1.0;6414.435;False
8800061980673;2021-03-31;2021-03;1;1;1.0;6701.67;False
8800062078977;2021-03-08;2021-03;2;2;3.0;20909.34;False
8800062177281;2021-06-19;2021-06;1;1;1.0;8431.245;False
8800062275585;2021-06-04;2021-06;1;1;1.0;3872.925;False
8800062373889;2021-05-09;2021-05;1;1;1.0;7180.38;False
8800062439425;2021-04-17;2021-04;16;16;17.0;18384.48;False
8800062537729;2020-11-19;2020-11;1;1;1.0;1052.73;False
8800062668801;2020-07-11;2020-07;1;1;4.0;37338.48;False
8800159236097;2021-05-14;2021-05;2;2;11.0;47388.33;False
8800159334401;2020-10-30;2020-10;1;1;3.0;16227.27;False
8800159432705;2020-11-10;2020-11;1;1;1.0;1938.33;False
8800159531009;2020-03-03;2020-03;1;1;1.0;4691.025;False
8800159629313;2021-02-05;2021-02;1;1;1.0;4403.79;False
8800159727617;2021-04-17;2021-04;9;9;9.0;12145.545;False
8800159825921;2021-04-14;2021-04;5;5;5.0;8442.27;False
8800159858689;2020-07-06;2020-07;1;1;1.0;1065.33;False
8800159956993;2021-01-12;2021-01;5;5;5.0;4219.92;False
8800160055297;2020-08-30;2020-08;1;1;2.0;17520.3;False
8800160088065;2020-04-23;2020-04;2;2;2.0;2679.93;False
8800160120833;2020-01-17;2020-01;2;2;8.0;10623.96;False
8800160153601;2020-02-13;2020-02;1;1;4.0;4593.78;False
8800160186369;2020-01-05;2020-01;1;1;4.0;5551.2;False
8800160251905;2020-05-17;2020-05;2;2;6.0;8614.08;False
8800160284673;2020-01-09;2020-01;1;1;2.0;2488.41;False
8800160317441;2020-08-14;2020-08;1;1;1.0;7460.055;False
8800160350209;2021-08-06;2021-08;1;1;4.0;35197.92;False
8800160382977;2021-12-12;2021-12;1;1;1.0;9845.01;False
8800160481281;2021-03-25;2021-03;1;1;1.0;8999.505;False
8800160514049;2021-12-26;2021-12;1;1;2.0;18398.97;False
8800160546817;2020-05-08;2020-05;1;1;1.0;1435.68;False
8800160579585;2020-09-01;2020-09;2;2;6.0;8231.13;False
8800160612353;2020-06-25;2020-06;1;1;4.0;9572.58;False
8800160645121;2020-05-06;2020-05;1;1;4.0;5742.72;False
8800160677889;2020-12-17;2020-12;1;1;1.0;2967.615;False
8800160710657;2021-04-16;2021-04;2;2;2.0;12869.1;False
8800160743425;2020-06-02;2020-06;2;2;5.0;16513.65;False
8800160776193;2021-03-09;2021-03;3;3;3.0;2583.63;False
8800160808961;2022-04-10;2022-04;2;2;2.0;6044.085;False
8800160841729;2022-04-19;2022-04;1;1;1.0;3374.55;False
8800160874497;2020-07-10;2020-07;1;1;4.0;6700.14;False
8800160907265;2021-02-25;2021-02;1;1;1.0;717.615;False
8800160940033;2020-11-24;2020-11;1;1;1.0;1363.905;False
8800161005569;2020-09-14;2020-09;1;1;1.0;741.555;False
8800161038337;2021-12-29;2021-12;1;1;1.0;11776.095;False
8800161103873;2021-10-28;2021-10;1;1;2.0;45472.77;False
8800161169409;2021-05-12;2021-05;1;1;4.0;10721.52;False
8800161202177;2021-04-13;2021-04;2;2;4.0;27189.54;False
8800189546497;2020-04-29;2020-04;1;1;1.0;3059.55;False
8800189579265;2020-07-22;2020-07;1;2;8.0;13530.96;False
8800189612033;2020-08-11;2020-08;1;1;4.0;30636.36;False
8800189710337;2021-02-23;2021-02;1;1;4.0;9162.0;False
8800189775873;2022-01-03;2022-01;2;2;5.0;90955.125;False
8800189808641;2021-12-13;2021-12;1;1;1.0;27499.5;False
8800189874177;2021-04-23;2021-04;4;4;5.0;38902.5;False
8800189906945;2021-05-19;2021-05;1;1;1.0;3324.285;False
8800189939713;2020-08-20;2020-08;1;1;1.0;861.21;False
8800189972481;2021-05-18;2021-05;1;1;1.0;3712.05;False
8800255475713;2020-07-08;2020-07;1;1;1.0;2991.555;False
8800255574017;2020-04-03;2020-04;2;2;8.0;22974.84;False
8800255672321;2020-05-18;2020-05;1;1;4.0;11678.94;False
8800255770625;2020-04-08;2020-04;1;1;4.0;11487.42;False
8800255868929;2020-12-16;2020-12;1;1;1.0;12550.5;False
8800255967233;2021-01-17;2021-01;1;1;2.0;11249.01;False
8800256065537;2021-04-07;2021-04;1;1;1.0;10849.5;False
8800256163841;2021-04-22;2021-04;1;1;1.0;4355.91;False
8800256262145;2021-05-08;2021-05;2;2;2.0;7371.36;False
8800256393217;2021-04-16;2021-04;2;2;4.0;12444.84;False
8800257474561;2020-11-12;2020-11;1;1;2.0;9669.24;False
8800257540097;2020-08-10;2020-08;1;1;4.0;36381.06;False
8800257605633;2021-04-22;2021-04;2;2;4.0;20678.94;False
8800257671169;2020-05-01;2020-05;1;1;2.0;6030.99;False
8800257703937;2020-11-27;2020-11;1;1;1.0;3350.565;False
8800257769473;2021-01-26;2021-01;1;1;1.0;3589.965;False
8800257802241;2021-03-24;2021-03;1;1;1.0;5983.56;False
8800257835009;2021-02-23;2021-02;1;1;1.0;3829.32;False
8800257867777;2021-04-20;2021-04;5;5;15.0;69647.175;False
8800257900545;2021-06-29;2021-06;1;1;1.0;17190.495;False
8800260292609;2020-11-16;2020-11;2;2;8.0;19796.04;False
8800260390913;2020-05-26;2020-05;1;1;4.0;6510.195;False
8800260489217;2020-06-10;2020-06;2;2;6.0;10068.3;False
8800260587521;2020-05-11;2020-05;1;1;4.0;13516.2;False
8800260685825;2021-05-07;2021-05;7;7;7.0;40065.75;False
8800260784129;2021-04-28;2021-04;1;1;1.0;6414.435;False
8800260882433;2021-12-09;2021-12;1;1;1.0;2327.04;False
8800261177345;2021-04-14;2021-04;1;1;1.0;2441.025;False
8800261373953;2021-09-12;2021-09;1;1;1.0;2536.74;False
8800261472257;2021-05-03;2021-05;2;2;3.0;7323.075;False
8800261603329;2021-04-29;2021-04;1;1;1.0;2373.975;False
8800261668865;2021-07-01;2021-07;1;1;2.0;4890.42;False
8800261865473;2021-04-29;2021-04;1;1;1.0;2613.33;False
8800261963777;2021-04-29;2021-04;1;1;2.0;4556.52;False
8800262062081;2021-09-13;2021-09;1;1;1.0;1810.395;False
8800262160385;2021-04-15;2021-04;2;2;2.0;3953.34;False
8800262258689;2022-01-17;2022-01;1;1;1.0;2099.52;False
8800287358977;2021-06-12;2021-06;1;1;1.0;23935.68;False
8800287391745;2021-11-04;2021-11;1;1;2.0;23935.23;False
8800385859585;2021-05-26;2021-05;1;1;1.0;4025.835;False
8800385990657;2020-07-01;2020-07;1;1;1.0;3829.32;False
8800386056193;2021-04-09;2021-04;4;4;4.0;16918.2;False
8800386154497;2020-03-03;2020-03;1;1;1.0;5887.8;False
8800386252801;2021-03-31;2021-03;1;1;1.0;1004.85;False
8800386351105;2021-01-08;2021-01;2;2;4.0;5770.62;False
8800386482177;2020-12-09;2020-12;1;1;1.0;669.735;False
8800386613249;2021-06-07;2021-06;24;24;76.0;317439.945;False
8800386711553;2021-04-13;2021-04;4;4;13.0;49081.5;False
8800451198977;2020-05-22;2020-05;1;1;2.0;848.97;False
8800451362817;2022-05-25;2022-05;1;1;1.0;84999.51;False
8800487112705;2020-03-03;2020-03;2;2;8.0;12192.345;False
8800487211009;2020-03-09;2020-03;1;1;1.0;1231.11;False
8800487276545;2020-03-11;2020-03;1;1;1.0;1112.67;False
8800487309313;2021-01-12;2021-01;1;1;1.0;2983.725;False
8800487342081;2021-05-17;2021-05;2;2;8.0;31400.28;False
8800487374849;2020-11-02;2020-11;1;1;4.0;31785.3;False
8800487407617;2020-10-29;2020-10;1;1;2.0;10530.99;False
8800487440385;2020-10-26;2020-10;4;4;16.0;23320.8;False
8800487505921;2020-07-11;2020-07;1;1;1.0;1089.0;False
8800487538689;2020-09-17;2020-09;1;1;2.0;8520.3;False
8800487571457;2020-11-09;2020-11;2;2;6.0;32550.39;False
8800487604225;2021-05-10;2021-05;2;2;3.0;12206.025;False
8800487636993;2021-03-17;2021-03;1;1;2.0;9286.29;False
8800487669761;2020-10-08;2020-10;1;1;2.0;7658.64;False
8800487702529;2020-01-18;2020-01;2;2;2.0;2272.77;False
8800487735297;2020-05-20;2020-05;1;1;1.0;1196.325;False
8800487768065;2020-10-31;2020-10;1;1;1.0;1244.205;False
8800487833601;2020-10-23;2020-10;1;1;1.0;1148.445;False
8800487866369;2020-08-17;2020-08;1;1;1.0;1183.725;False
8800487899137;2020-05-10;2020-05;1;1;1.0;1231.11;False
8800487964673;2020-03-11;2020-03;1;1;1.0;1244.205;False
8800488030209;2020-08-22;2020-08;1;1;4.0;5113.98;False
8800488062977;2020-10-15;2020-10;2;2;2.0;2414.88;False
8800488095745;2020-11-24;2020-11;2;2;3.0;4163.4;False
8800488128513;2020-05-12;2020-05;1;1;1.0;1339.965;False
8800488161281;2020-11-17;2020-11;2;2;2.0;2556.99;False
8800488194049;2020-05-28;2020-05;1;1;1.0;1325.835;False
8800488259585;2020-10-15;2020-10;1;1;2.0;2462.22;False
8800488292353;2021-02-13;2021-02;1;1;2.0;3062.88;False
8800488325121;2020-05-04;2020-05;1;1;1.0;1340.055;False
8800488357889;2020-07-05;2020-07;1;1;4.0;5742.72;False
8800488423425;2020-07-26;2020-07;1;1;1.0;1231.11;False
8800488456193;2020-03-11;2020-03;2;2;2.0;2556.99;False
8800488488961;2020-09-23;2020-09;1;1;6.0;9234.0;False
8800488521729;2020-11-19;2020-11;2;2;2.0;2680.11;False
8800488554497;2020-09-21;2020-09;1;1;4.0;6317.28;False
8800488587265;2020-01-26;2020-01;1;1;1.0;1633.725;False
8800488652801;2020-05-13;2020-05;1;1;4.0;6534.9;False
8800488685569;2020-07-31;2020-07;1;1;4.0;6317.28;False
8800488718337;2020-08-13;2020-08;1;1;1.0;2131.11;False
8800488751105;2020-10-30;2020-10;1;1;1.0;1914.435;False
8800488783873;2020-11-25;2020-11;2;2;11.0;20107.395;False
8800488816641;2020-05-14;2020-05;1;1;1.0;2083.725;False
8800488849409;2020-09-06;2020-09;1;1;1.0;2632.5;False
8800488882177;2020-08-23;2020-08;1;1;4.0;11840.22;False
8800488914945;2021-01-11;2021-01;1;1;1.0;43084.62;False
8800488947713;2020-11-11;2020-11;1;1;1.0;28722.915;False
8800488980481;2021-06-15;2021-06;2;2;2.0;172893.78;False
8800489013249;2021-07-08;2021-07;4;4;10.0;805258.35;False
8800489046017;2022-05-25;2022-05;3;3;5.0;761594.13;False
8800489078785;2020-11-11;2020-11;1;1;1.0;56841.615;False
8800489111553;2021-11-29;2021-11;1;1;1.0;130624.515;False
8800489144321;2021-07-21;2021-07;1;1;2.0;306382.05;False
8800489177089;2021-03-08;2021-03;1;1;2.0;26807.58;False
8800489209857;2021-06-16;2021-06;1;1;1.0;30398.445;False
8800489340929;2020-09-13;2020-09;1;1;1.0;1420.56;False
8800489406465;2020-10-23;2020-10;1;1;2.0;3172.77;False
8800489439233;2020-07-31;2020-07;1;1;2.0;3456.99;False
8800489472001;2020-11-18;2020-11;2;2;5.0;8614.575;False
8800489504769;2021-01-16;2021-01;2;2;10.0;19890.0;False
8800489537537;2020-11-16;2020-11;1;1;1.0;2225.835;False
8800489570305;2020-06-03;2020-06;1;1;1.0;2225.835;False
8800489603073;2020-10-26;2020-10;1;1;1.0;2225.835;False
8800489635841;2020-09-15;2020-09;1;1;4.0;11487.42;False
8800489668609;2020-09-19;2020-09;2;2;4.0;9572.58;False
8800489701377;2020-10-10;2020-10;1;1;1.0;2604.78;False
8800521912321;2020-06-07;2020-06;1;1;2.0;3445.83;False
8800521945089;2020-07-06;2020-07;1;1;1.0;2830.5;False
8800521977857;2020-11-05;2020-11;1;1;4.0;6125.76;False
8800522010625;2020-10-10;2020-10;1;1;4.0;18412.335;False
8800522043393;2020-03-23;2020-03;1;1;2.0;3062.88;False
8800522076161;2020-05-13;2020-05;1;1;6.0;9188.64;False
8800522174465;2020-04-27;2020-04;1;1;1.0;1627.2;False
8800522240001;2020-09-16;2020-09;1;1;2.0;2803.23;False
8800522305537;2020-10-23;2020-10;1;1;4.0;17059.86;False
8800522338305;2020-03-11;2020-03;1;1;1.0;1100.565;False
8800522403841;2020-05-04;2020-05;1;1;4.0;5934.24;False
8800522436609;2020-08-04;2020-08;1;1;2.0;2937.555;False
8800522469377;2020-05-02;2020-05;1;1;1.0;1627.2;False
8800522502145;2020-08-13;2020-08;1;1;1.0;1866.555;False
8800522534913;2021-04-01;2021-04;7;7;9.0;13144.32;False
8800522567681;2021-01-28;2021-01;1;1;1.0;1818.675;False
8800522600449;2021-02-03;2021-02;1;1;4.0;6891.66;False
8800522633217;2020-11-10;2020-11;2;2;8.0;28336.68;False
8800522698753;2020-07-29;2020-07;1;1;2.0;4248.99;False
8800522731521;2021-03-23;2021-03;1;1;4.0;9285.3;False
8800522764289;2020-11-30;2020-11;1;1;2.0;5456.52;False
8800522797057;2020-07-06;2020-07;2;2;8.0;10152.0;False
8800522829825;2020-02-26;2020-02;1;1;4.0;11008.8;False
8800522862593;2020-09-17;2020-09;1;1;4.0;6440.22;False
8800522895361;2020-06-13;2020-06;1;1;2.0;4403.34;False
8800522928129;2021-03-17;2021-03;3;3;9.0;29580.885;False
8800522960897;2020-04-14;2020-04;1;1;2.0;2871.36;False
8800522993665;2020-05-19;2020-05;1;1;4.0;5113.98;False
8800523026433;2020-07-22;2020-07;1;1;2.0;4690.53;False
8800523059201;2020-03-03;2020-03;1;1;1.0;2668.05;False
8800523091969;2020-02-14;2020-02;1;1;4.0;8633.88;False
8800523124737;2020-07-03;2020-07;1;1;1.0;1952.55;False
8800523157505;2021-01-08;2021-01;3;3;8.0;28706.4;False
8800523190273;2021-02-03;2021-02;1;1;1.0;1957.05;False
8800523255809;2020-11-18;2020-11;1;1;1.0;5169.735;False
8800523288577;2020-09-03;2020-09;1;1;4.0;8040.6;False
8800523321345;2021-03-30;2021-03;1;1;2.0;5598.99;False
8800523354113;2020-12-23;2020-12;1;1;1.0;2464.965;False
8800523386881;2021-01-28;2021-01;1;1;2.0;3637.35;False
8800523452417;2021-04-13;2021-04;2;2;4.0;3827.88;False
8800523485185;2021-04-13;2021-04;11;11;11.0;4734.18;False
8800523517953;2020-08-23;2020-08;1;1;1.0;422.505;False
8800523550721;2021-01-02;2021-01;2;2;2.0;2201.13;False
8800523583489;2021-01-07;2021-01;1;1;1.0;478.26;False
8800523616257;2020-03-10;2020-03;1;1;1.0;550.035;False
8800523649025;2021-04-29;2021-04;1;1;4.0;4019.4;False
8800523878401;2020-09-10;2020-09;1;1;2.0;7850.07;False
8800615956481;2020-12-30;2020-12;1;1;1.0;837.27;False
8800615989249;2021-03-21;2021-03;1;1;2.0;4958.64;False
8800616185857;2020-09-04;2020-09;1;1;2.0;6222.42;False
8800616316929;2020-09-02;2020-09;1;1;1.0;1467.945;False
8800616415233;2020-11-25;2020-11;1;1;1.0;1196.325;False
8800616480769;2020-05-06;2020-05;1;1;2.0;3062.88;False
8800616579073;2021-01-12;2021-01;1;1;1.0;4379.85;False
8800616644609;2021-02-01;2021-02;1;1;1.0;4068.675;False
8800616677377;2020-04-15;2020-04;1;1;2.0;9573.48;False
8800616775681;2020-04-09;2020-04;1;1;2.0;14552.19;False
8800616808449;2020-08-10;2020-08;1;1;6.0;39635.46;False
8800616873985;2021-04-13;2021-04;5;5;14.0;48918.87;False
8800616972289;2020-12-30;2020-12;1;1;2.0;3828.87;False
8800617037825;2021-04-14;2021-04;3;3;10.0;55048.5;False
8800617168897;2020-11-09;2020-11;1;1;4.0;6508.8;False
8800617234433;2020-10-25;2020-10;1;1;2.0;6030.99;False
8800617299969;2021-05-28;2021-05;1;1;2.0;37499.04;False
8800617365505;2020-11-23;2020-11;1;1;1.0;717.615;False
8800617431041;2021-04-23;2021-04;1;1;2.0;26711.865;False
8800617496577;2021-04-19;2021-04;1;1;1.0;15653.79;False
8800617660417;2021-06-05;2021-06;3;3;6.0;65271.06;False
8800617857025;2021-03-15;2021-03;2;2;2.0;1529.1;False
8800619593729;2020-04-16;2020-04;1;1;1.0;4308.03;False
8800647806977;2020-02-23;2020-02;1;1;2.0;6318.18;False
8800647839745;2020-11-29;2020-11;1;1;4.0;14359.86;False
8800647872513;2020-07-09;2020-07;1;1;4.0;12061.98;False
8800647905281;2020-11-27;2020-11;1;1;2.0;5265.0;False
8800647938049;2020-06-05;2020-06;1;1;2.0;8616.06;False
8800647970817;2020-10-08;2020-10;2;2;8.0;22572.765;False
8800648396801;2021-12-29;2021-12;2;2;2.0;29020.05;False
8800648462337;2020-12-03;2020-12;1;1;1.0;2632.5;False
8800648560641;2021-06-06;2021-06;1;1;1.0;837.27;False
8800680968193;2020-09-27;2020-09;1;1;2.0;4307.58;False
8800681066497;2020-08-07;2020-08;1;1;1.0;3159.09;False
8800681164801;2020-05-20;2020-05;2;2;2.0;2201.13;False
8800681263105;2020-01-06;2020-01;2;2;10.0;11005.65;False
8800681361409;2021-08-21;2021-08;1;1;2.0;30231.0;False
8800681492481;2021-01-19;2021-01;1;1;1.0;6079.32;False
8800681623553;2020-06-15;2020-06;1;1;1.0;38351.745;False
8800681689089;2020-07-16;2020-07;1;1;2.0;6796.89;False
8800681754625;2021-07-07;2021-07;4;4;4.0;65104.38;False
8800681787393;2022-07-26;2022-07;1;1;1.0;75681.315;False
8800713703425;2020-11-14;2020-11;1;1;4.0;8998.02;False
8800746110977;2020-05-06;2020-05;1;1;5.0;7657.2;False
8800746209281;2020-11-13;2020-11;1;1;2.0;5265.0;False
8800746373121;2021-04-10;2021-04;6;6;21.0;41381.82;False
8800778878977;2020-11-24;2020-11;1;1;1.0;674.55;False
8800778911745;2020-10-27;2020-10;1;1;1.0;854.55;False
8800778944513;2021-01-08;2021-01;6;6;6.0;5217.3;False
8800778977281;2020-11-07;2020-11;3;3;4.0;4318.2;False
8800779010049;2020-08-08;2020-08;1;1;1.0;854.55;False
8800779042817;2021-04-19;2021-04;8;8;8.0;7556.4;False
8800779075585;2020-11-05;2020-11;1;1;1.0;944.55;False
8800779108353;2020-11-26;2020-11;1;1;3.0;3643.65;False
8800779141121;2020-12-27;2020-12;1;1;1.0;764.55;False
8800779173889;2021-01-24;2021-01;1;1;1.0;944.55;False
8800779206657;2020-12-13;2020-12;1;1;1.0;944.55;False
8800779239425;2021-01-08;2021-01;3;3;3.0;3643.65;False
8800779272193;2021-03-09;2021-03;3;3;3.0;2293.65;False
8800779304961;2021-04-06;2021-04;3;3;3.0;2833.65;False
8800779337729;2021-04-22;2021-04;2;2;2.0;1889.1;False
8800779370497;2021-04-22;2021-04;4;4;4.0;4858.2;False
8800779403265;2021-04-28;2021-04;1;1;1.0;764.55;False
8800779436033;2021-01-29;2021-01;1;1;1.0;944.55;False
8800779468801;2021-05-17;2021-05;2;2;2.0;2069.1;False
8800779501569;2021-05-12;2021-05;1;1;1.0;1169.55;False
8800779534337;2021-06-10;2021-06;1;1;1.0;854.55;False
8800780779521;2020-10-24;2020-10;1;1;4.0;7121.7;False
8800780877825;2020-04-08;2020-04;2;2;2.0;6605.415;False
8800780976129;2020-11-11;2020-11;1;1;1.0;9249.48;False
8800812236801;2020-06-13;2020-06;1;1;1.0;2728.26;False
8800812269569;2021-07-23;2021-07;1;1;2.0;38660.76;False
8800812367873;2020-06-19;2020-06;1;1;1.0;3111.21;False
8800812433409;2020-03-06;2020-03;1;1;1.0;3254.85;False
8800844742657;2021-04-23;2021-04;2;2;2.0;8044.38;False
8800877477889;2020-11-19;2020-11;1;1;1.0;5026.095;False
8800877510657;2020-10-04;2020-10;1;1;1.0;4930.38;False
8800975650817;2020-06-22;2020-06;1;1;2.0;5073.48;False
8800975716353;2021-03-10;2021-03;3;3;6.0;28053.0;False
8800975749121;2020-10-20;2020-10;1;1;1.0;2110.5;False
8800975781889;2021-04-13;2021-04;3;3;3.0;14073.075;False
8800975814657;2021-01-13;2021-01;1;1;1.0;3865.5;False
8801075232769;2021-04-15;2021-04;5;5;5.0;7197.75;False
8801075331073;2021-04-22;2021-04;1;1;1.0;3169.575;False
8801075396609;2021-05-20;2021-05;1;1;1.0;5455.62;False
8801075429377;2021-05-15;2021-05;2;2;2.0;11377.8;False
8801075625985;2021-06-03;2021-06;1;1;1.0;2883.96;False
8801075789825;2021-04-27;2021-04;1;1;1.0;9330.345;False
8801075920897;2021-04-13;2021-04;1;1;1.0;4142.475;False
8801075953665;2021-04-30;2021-04;1;1;1.0;4932.675;False
8801141096449;2020-10-26;2020-10;1;1;1.0;1459.62;False
8801141194753;2020-09-14;2020-09;1;1;4.0;6125.76;False
8801141293057;2020-09-08;2020-09;1;1;4.0;7178.94;False
8801141391361;2020-11-27;2020-11;1;1;2.0;5982.525;False
8801141489665;2021-01-06;2021-01;1;1;2.0;3998.97;False
8801141587969;2020-09-04;2020-09;2;2;6.0;23096.88;False
8801141686273;2020-04-01;2020-04;1;1;4.0;8497.98;False
8801141784577;2021-04-13;2021-04;5;5;9.0;129982.86;False
8801142243329;2021-03-31;2021-03;1;1;2.0;4898.97;False
8801172127745;2021-04-13;2021-04;4;4;4.0;5303.565;False
8801172160513;2020-12-11;2020-12;1;1;2.0;5935.23;False
8801172258817;2021-06-09;2021-06;2;2;4.0;5359.86;False
8801172357121;2021-06-11;2021-06;3;3;3.0;4019.895;False
8801172455425;2020-08-26;2020-08;1;1;4.0;5742.72;False
8801172684801;2020-07-16;2020-07;1;1;4.0;35423.64;False
8801172750337;2022-06-06;2022-06;8;8;8.0;11950.965;False
8801172848641;2021-08-09;2021-08;3;3;3.0;3780.54;False
8801172914177;2021-07-13;2021-07;1;1;1.0;1531.44;False
8801173012481;2020-05-19;2020-05;1;1;3.0;3588.975;False
8801173045249;2020-11-28;2020-11;1;1;4.0;4976.82;False
8801173078017;2020-12-12;2020-12;3;3;3.0;1578.285;False
8801173110785;2020-08-04;2020-08;1;1;4.0;6982.02;False
8801173176321;2020-12-07;2020-12;2;2;8.0;16847.28;False
8801173241857;2020-05-28;2020-05;1;1;1.0;2752.2;False
8801206796289;2020-10-22;2020-10;1;1;1.0;16645.5;False
8801237630977;2021-01-22;2021-01;1;1;1.0;12733.56;False
8801237663745;2020-04-30;2020-04;1;1;2.0;2679.93;False
8801237696513;2020-07-24;2020-07;1;1;2.0;8424.54;False
8801237794817;2022-05-20;2022-05;1;1;2.0;67998.96;False
8801237827585;2021-06-22;2021-06;1;1;2.0;4307.58;False
8801237860353;2021-06-07;2021-06;21;21;23.0;65880.36;False
8801237893121;2021-06-23;2021-06;6;6;6.0;22114.08;False
8801237925889;2021-06-16;2021-06;11;11;11.0;71611.65;False
8801237958657;2021-09-21;2021-09;1;1;2.0;10530.99;False
8801237991425;2021-12-14;2021-12;1;1;1.0;14999.49;False
8801238089729;2021-07-22;2021-07;2;2;6.0;18379.98;False
8801238614017;2020-11-27;2020-11;1;1;4.0;17232.12;False
8801238646785;2021-03-30;2021-03;1;1;1.0;9813.33;False
8801270530049;2020-06-27;2020-06;1;1;4.0;9764.1;False
8801270693889;2021-01-02;2021-01;3;3;6.0;9789.3;False
8801270759425;2020-07-21;2020-07;1;1;4.0;8423.64;False
8801270857729;2021-04-13;2021-04;8;8;23.0;127708.65;False
8801370341377;2021-07-26;2021-07;3;3;6.0;5747.76;False
8801370374145;2020-05-25;2020-05;1;1;4.0;6508.8;False
8801370406913;2020-06-24;2020-06;1;1;1.0;1339.965;False
8801370472449;2020-09-30;2020-09;1;2;8.0;12596.04;False
8801370505217;2021-07-04;2021-07;6;6;14.0;157971.825;False
8801370537985;2020-04-10;2020-04;2;2;6.0;8039.79;False
8801370570753;2020-10-09;2020-10;1;1;1.0;1483.56;False
8801370603521;2020-10-13;2020-10;1;1;1.0;1339.965;False
8801370636289;2020-10-21;2020-10;1;2;6.0;8326.8;False
8801370669057;2020-05-10;2020-05;1;1;4.0;5359.32;False
8801370701825;2021-02-03;2021-02;2;2;6.0;8324.1;False
8801370734593;2020-12-15;2020-12;1;1;1.0;13643.145;False
8801370767361;2020-12-10;2020-12;2;2;3.0;4881.51;False
8801370800129;2021-01-26;2021-01;2;2;2.0;25850.07;False
8801370898433;2021-04-20;2021-04;3;3;12.0;143611.38;False
8801370931201;2020-12-08;2020-12;1;1;4.0;43083.18;False
8801370963969;2021-03-26;2021-03;1;1;1.0;11010.15;False
8801370996737;2020-10-28;2020-10;1;1;2.0;3158.64;False
8801371029505;2020-06-13;2020-06;1;1;4.0;5997.96;False
8801371062273;2020-11-04;2020-11;1;1;2.0;2967.12;False
8801371095041;2021-07-12;2021-07;2;2;3.0;5388.615;False
8801371127809;2021-01-04;2021-01;1;2;8.0;12462.3;False
8801371160577;2020-11-30;2020-11;1;1;2.0;3015.0;False
8801371193345;2021-04-20;2021-04;1;1;4.0;5455.62;False
8801371226113;2020-05-07;2020-05;4;4;12.0;15600.78;False
8801371258881;2021-09-09;2021-09;1;1;4.0;7097.94;False
8801371324417;2020-11-24;2020-11;1;1;2.0;2136.105;False
8801371389953;2020-11-21;2020-11;1;1;6.0;10797.03;False
8801371422721;2020-12-03;2020-12;1;1;1.0;1962.27;False
8801371455489;2021-03-14;2021-03;1;1;4.0;7178.94;False
8801371521025;2020-10-25;2020-10;1;1;2.0;3637.35;False
8801371553793;2021-04-19;2021-04;1;1;1.0;4068.675;False
8801371586561;2021-04-13;2021-04;7;7;22.0;86696.28;False
8801371619329;2021-07-13;2021-07;2;2;5.0;20065.815;False
8801371652097;2020-02-15;2020-02;1;1;4.0;7466.22;False
8801371684865;2020-09-10;2020-09;1;1;4.0;8040.6;False
8801371717633;2020-02-13;2020-02;1;1;2.0;4068.18;False
8801371750401;2020-03-09;2020-03;1;1;2.0;3350.07;False
8801371783169;2020-11-02;2020-11;3;3;9.0;21538.305;False
8801371815937;2020-11-16;2020-11;1;1;2.0;5169.24;False
8801371848705;2020-09-07;2020-09;1;1;4.0;6891.66;False
8801371881473;2021-03-03;2021-03;2;2;6.0;11199.33;False
8801371914241;2020-05-07;2020-05;1;1;4.0;6397.92;False
8801371947009;2020-10-29;2020-10;1;1;4.0;7657.74;False
8801371979777;2020-07-17;2020-07;1;1;1.0;1675.035;False
8801372012545;2020-05-21;2020-05;1;1;1.0;1627.2;False
8801372045313;2020-01-16;2020-01;1;1;1.0;2728.26;False
8801372078081;2021-11-15;2021-11;1;1;1.0;2424.915;False
8801372110849;2020-01-25;2020-01;1;1;6.0;7465.23;False
8801372176385;2020-02-06;2020-02;1;1;4.0;4976.82;False
8801372241921;2021-08-12;2021-08;1;1;1.0;8999.505;False
8801372307457;2021-04-20;2021-04;1;1;1.0;1770.795;False
8801372340225;2021-03-25;2021-03;1;1;2.0;5456.52;False
8801372372993;2020-11-04;2020-11;1;1;6.0;10912.05;False
8801372405761;2020-10-27;2020-10;1;1;4.0;6891.66;False
8801372438529;2020-12-15;2020-12;1;1;2.0;7084.17;False
8801372471297;2021-04-04;2021-04;9;9;24.0;66626.46;False
8801372504065;2021-04-13;2021-04;6;6;17.0;24722.775;False
8801372536833;2021-10-21;2021-10;1;1;2.0;5839.47;False
8801372569601;2020-10-16;2020-10;1;1;1.0;10531.44;False
8801372602369;2020-08-26;2020-08;1;1;1.0;1244.205;False
8801372635137;2021-05-27;2021-05;2;2;5.0;16154.55;False
8801372667905;2021-04-16;2021-04;1;1;4.0;17040.6;False
8801372733441;2021-05-04;2021-05;6;6;20.0;74671.2;False
8801372766209;2021-02-17;2021-02;1;1;4.0;10530.0;False
8801372798977;2021-03-28;2021-03;1;1;4.0;13402.26;False
8801372831745;2021-03-17;2021-03;1;1;2.0;6126.66;False
8801372864513;2020-12-02;2020-12;1;1;1.0;1316.025;False
8801372897281;2021-01-12;2021-01;1;1;4.0;47980.08;False
8801372930049;2021-01-19;2021-01;2;2;2.0;18190.53;False
8801372995585;2020-05-26;2020-05;1;1;2.0;2288.34;False
8801373028353;2021-01-06;2021-01;1;1;4.0;11487.42;False
8801373061121;2021-02-25;2021-02;1;1;2.0;8616.06;False
8801373093889;2021-04-23;2021-04;1;1;2.0;8137.35;False
8801373126657;2020-11-22;2020-11;1;1;4.0;15623.64;False
8801373159425;2021-04-23;2021-04;2;2;4.0;13402.26;False
8801373192193;2020-07-16;2020-07;1;1;4.0;20104.38;False
8801373224961;2021-05-23;2021-05;2;2;4.0;23742.72;False
8801373257729;2021-02-04;2021-02;1;1;4.0;19146.96;False
8801373290497;2020-10-16;2020-10;1;1;1.0;3302.73;False
8801373323265;2020-02-23;2020-02;1;1;2.0;6318.18;False
8801373356033;2020-09-14;2020-09;1;1;4.0;19146.96;False
8801373421569;2021-04-29;2021-04;1;1;2.0;8616.06;False
8801373454337;2021-02-09;2021-02;1;1;4.0;22258.845;False
8801373552641;2021-12-06;2021-12;2;2;12.0;620994.06;False
8801373585409;2021-05-29;2021-05;1;1;1.0;2871.855;False
8801373618177;2021-07-29;2021-07;1;1;3.0;163721.925;False
8801373650945;2021-04-13;2021-04;1;1;6.0;21826.8;False
8801373683713;2020-04-03;2020-04;1;1;1.0;2105.91;False
8801373749249;2020-01-21;2020-01;1;1;4.0;8615.16;False
8801499807745;2021-04-11;2021-04;1;1;2.0;24413.94;False
8801499873281;2020-04-23;2020-04;1;1;1.0;2728.26;False
8801499938817;2022-01-03;2022-01;2;2;3.0;91401.705;False
8801499971585;2021-09-08;2021-09;1;1;1.0;43084.62;False
8801500004353;2021-01-19;2021-01;1;1;1.0;5265.495;False
8801500037121;2020-12-07;2020-12;2;2;6.0;41071.59;False
8801500069889;2020-05-29;2020-05;1;1;4.0;13402.26;False
8801500102657;2020-01-21;2020-01;1;1;4.0;22019.4;False
8801500135425;2021-08-16;2021-08;1;1;1.0;5759.55;False
8801500233729;2021-11-29;2021-11;1;1;1.0;9899.505;False
8801500266497;2021-04-18;2021-04;4;4;11.0;65819.16;False
8801500397569;2020-01-13;2020-01;1;2;2.0;19403.28;False
8801500430337;2021-04-17;2021-04;2;2;7.0;21108.465;False
8801500463105;2020-01-21;2020-01;1;3;10.0;90952.65;False
8801532575745;2020-09-21;2020-09;1;1;1.0;4691.025;False
8801533689857;2020-08-16;2020-08;1;1;1.0;1678.05;False
8801533755393;2020-09-14;2020-09;1;1;1.0;3699.495;False
8801565376513;2020-07-20;2020-07;1;1;1.0;2809.62;False
8801565409281;2020-12-21;2020-12;1;1;4.0;5997.96;False
8801565474817;2020-11-10;2020-11;3;3;12.0;16845.12;False
8801565507585;2020-04-29;2020-04;1;1;1.0;5499.495;False
8801565540353;2021-01-19;2021-01;1;1;4.0;10338.48;False
8801565573121;2020-04-03;2020-04;1;1;2.0;6605.46;False
8801565605889;2020-10-26;2020-10;1;1;4.0;5934.24;False
8801565638657;2020-11-26;2020-11;1;1;2.0;2679.93;False
8801565704193;2021-04-12;2021-04;18;18;48.0;88891.065;False
8801565736961;2020-09-18;2020-09;1;1;5.0;18189.0;False
8801565835265;2021-04-05;2021-04;1;1;2.0;5073.48;False
8801633959937;2020-09-21;2020-09;1;1;1.0;14530.5;False
8801634025473;2020-12-31;2020-12;1;1;4.0;16715.16;False
8801634091009;2020-01-18;2020-01;2;2;12.0;15505.02;False
8801634156545;2020-05-11;2020-05;1;1;1.0;1914.435;False
8801634287617;2021-04-17;2021-04;5;5;17.0;64948.5;False
8801634353153;2020-10-23;2020-10;1;1;2.0;5301.0;False
8801634418689;2021-04-26;2021-04;2;2;6.0;54571.59;False
8801634484225;2021-05-09;2021-05;7;7;17.0;148515.57;False
8801634877441;2020-07-19;2020-07;1;1;4.0;16274.7;False
8801634942977;2020-12-23;2020-12;1;1;2.0;5360.76;False
8801635008513;2020-10-31;2020-10;1;1;2.0;2871.36;False
8801635074049;2020-04-28;2020-04;1;1;4.0;6317.28;False
8801635139585;2020-07-20;2020-07;1;1;2.0;6509.7;False
8801664499713;2020-10-29;2020-10;1;1;4.0;8998.02;False
8801665449985;2021-04-04;2021-04;5;5;13.0;61093.305;False
8801665515521;2020-12-15;2020-12;1;1;4.0;10683.315;False
8801665581057;2021-04-14;2021-04;2;2;5.0;15747.525;False
8801665646593;2021-04-05;2021-04;3;3;12.0;50393.88;False
8801665712129;2020-10-15;2020-10;2;2;8.0;33230.7;False
8801665777665;2021-10-10;2021-10;2;2;2.0;9198.99;False
8801665843201;2021-01-30;2021-01;1;1;4.0;20197.98;False
8801665908737;2021-02-09;2021-02;7;7;28.0;143291.88;False
8801665974273;2021-02-08;2021-02;2;2;8.0;55281.24;False
8801666039809;2021-02-20;2021-02;1;1;4.0;25597.98;False
8801666105345;2021-04-13;2021-04;2;2;7.0;46546.605;False
8801666170881;2021-07-05;2021-07;4;4;13.0;104643.63;False
8801696677889;2021-01-28;2021-01;1;1;4.0;5359.86;False
8801697955841;2020-11-19;2020-11;1;1;2.0;7515.0;False
8801697988609;2020-09-10;2020-09;1;1;1.0;1579.32;False
8801698021377;2021-05-18;2021-05;2;2;8.0;36896.4;False
8801698054145;2021-05-11;2021-05;11;11;33.0;48641.985;False
8801698086913;2021-04-16;2021-04;1;1;4.0;14740.2;False
8801698119681;2021-06-02;2021-06;3;3;7.0;13279.86;False
8801698152449;2021-01-28;2021-01;1;1;2.0;2645.1;False
8801698217985;2021-04-08;2021-04;8;8;24.0;191477.7;False
8801698250753;2021-07-15;2021-07;2;2;2.0;14867.1;False
8801698283521;2020-02-12;2020-02;1;1;1.0;9733.05;False
8801698316289;2021-06-01;2021-06;9;10;22.0;98287.29;False
8801698349057;2020-11-12;2020-11;1;1;4.0;13397.94;False
8801698381825;2020-12-22;2020-12;1;1;1.0;3685.68;False
8801698414593;2021-03-06;2021-03;1;1;4.0;17998.02;False
8801698447361;2021-05-07;2021-05;6;6;18.0;138529.62;False
8801698480129;2021-03-05;2021-03;1;1;6.0;26697.06;False
8801698512897;2021-04-15;2021-04;7;7;24.0;139188.24;False
8801698545665;2020-07-11;2020-07;1;1;2.0;8999.01;False
8801698578433;2021-02-01;2021-02;1;1;4.0;22088.88;False
8801698611201;2021-02-24;2021-02;1;1;4.0;17398.08;False
8801698643969;2021-04-08;2021-04;6;6;12.0;106698.51;False
8801698676737;2020-04-07;2020-04;1;1;4.0;23198.04;False
8801698709505;2021-04-13;2021-04;5;5;15.0;89992.35;False
8801698742273;2021-03-27;2021-03;1;1;4.0;27797.94;False
8801698775041;2020-09-02;2020-09;1;1;1.0;14880.15;False
8801698807809;2021-02-16;2021-02;1;1;2.0;15222.42;False
8801698840577;2021-03-25;2021-03;1;1;1.0;6999.48;False
8801698971649;2022-02-20;2022-02;1;1;1.0;12783.6;False
8801699004417;2022-06-04;2022-06;4;4;7.0;257791.86;False
8801699037185;2021-12-17;2021-12;1;1;2.0;26999.01;False
8801699069953;2021-06-24;2021-06;1;1;2.0;29679.93;False
8801699102721;2021-05-19;2021-05;1;1;2.0;41169.24;False
8801699135489;2021-11-16;2021-11;1;1;2.0;44999.01;False
8801699168257;2021-12-02;2021-12;1;1;1.0;4999.5;False
8801699201025;2022-07-13;2022-07;2;2;5.0;31957.65;False
8801699233793;2021-02-08;2021-02;2;2;2.0;23399.1;False
8801699266561;2021-12-11;2021-12;1;1;1.0;7899.48;False
8801699299329;2021-10-27;2021-10;1;1;2.0;19499.04;False
8801699364865;2020-08-26;2020-08;1;1;2.0;3448.98;False
8801699397633;2020-07-01;2020-07;2;2;6.0;7465.23;False
8801699430401;2020-01-30;2020-01;1;1;1.0;11560.5;False
8801699495937;2021-08-03;2021-08;11;11;11.0;73718.37;False
8801699528705;2020-06-15;2020-06;1;1;4.0;28721.52;False
8801699561473;2020-08-09;2020-08;1;1;2.0;7649.1;False
8801699627009;2020-11-05;2020-11;4;4;11.0;14972.985;False
8801699659777;2021-04-13;2021-04;4;4;16.0;25652.16;False
8801699692545;2020-11-12;2020-11;2;2;8.0;15044.4;False
8801699725313;2021-04-14;2021-04;2;2;4.0;13397.94;False
8801795014657;2020-10-30;2020-10;1;1;1.0;3589.965;False
8801828241409;2021-04-27;2021-04;1;1;1.0;13403.79;False
8801828274177;2021-04-18;2021-04;6;6;6.0;7692.3;False
8801828339713;2021-04-28;2021-04;1;1;4.0;15795.9;False
8801828372481;2020-08-26;2020-08;1;1;4.0;17998.02;False
8801828405249;2020-08-29;2020-08;1;1;2.0;4786.29;False
8801828438017;2021-05-07;2021-05;3;3;7.0;28624.32;False
8801828470785;2020-10-24;2020-10;1;1;4.0;11487.42;False
8801828503553;2020-09-23;2020-09;1;1;2.0;5935.23;False
8801828601857;2021-01-17;2021-01;1;1;1.0;1076.67;False
8801828634625;2020-08-11;2020-08;2;3;10.0;20763.27;False
8801828667393;2020-07-29;2020-07;1;1;4.0;16274.7;False
8801828700161;2020-10-29;2020-10;1;1;1.0;1435.68;False
8801828732929;2021-03-22;2021-03;2;2;5.0;10290.15;False
8801828765697;2021-04-13;2021-04;5;5;19.0;118235.385;False
8801828798465;2021-04-17;2021-04;1;1;1.0;1292.085;False
8801828831233;2021-03-02;2021-03;1;1;4.0;15317.28;False
8801828864001;2021-02-03;2021-02;1;1;1.0;6677.775;False
8801828896769;2021-05-16;2021-05;2;2;8.0;15315.48;False
8801828929537;2021-10-29;2021-10;1;1;1.0;1774.485;False
8801828962305;2021-07-06;2021-07;1;1;2.0;95743.71;False
8801828995073;2021-12-03;2021-12;10;10;15.0;277492.5;False
8801894629377;2021-04-20;2021-04;5;5;17.0;47193.615;False
8801894662145;2021-02-08;2021-02;2;2;6.0;18044.91;False
8801894694913;2021-04-15;2021-04;2;2;8.0;17803.44;False
8801894727681;2020-08-17;2020-08;1;1;1.0;3284.55;False
8801894760449;2020-07-01;2020-07;1;1;4.0;6179.94;False
8801894793217;2020-04-03;2020-04;2;2;5.0;6699.825;False
8801894825985;2020-05-05;2020-05;1;1;4.0;6317.28;False
8801894858753;2020-08-17;2020-08;1;1;4.0;15125.76;False
8801894891521;2020-10-26;2020-10;1;1;2.0;6605.46;False
8801894924289;2021-05-18;2021-05;2;2;5.0;10648.395;False
8801894957057;2020-05-18;2020-05;1;1;4.0;12253.32;False
8801894989825;2020-12-14;2020-12;1;2;6.0;9815.715;False
8801895022593;2020-10-28;2020-10;1;1;2.0;2871.36;False
8801895055361;2020-11-23;2020-11;1;2;4.0;4976.82;False
8801895088129;2020-12-22;2020-12;2;2;8.0;24411.06;False
8801895120897;2021-01-08;2021-01;2;2;6.0;32221.98;False
8801895219201;2020-09-14;2020-09;1;1;4.0;5929.74;False
8801895251969;2021-10-18;2021-10;1;1;4.0;14168.34;False
8801895317505;2020-08-03;2020-08;1;1;4.0;15317.28;False
8801895350273;2021-11-24;2021-11;1;1;4.0;8928.18;False
8801895383041;2020-07-05;2020-07;1;1;1.0;1579.32;False
8801895415809;2021-04-29;2021-04;2;2;2.0;2249.01;False
8801895448577;2021-09-23;2021-09;1;1;4.0;19398.06;False
8801895579649;2021-12-07;2021-12;6;6;10.0;320006.34;False
8801895645185;2021-01-11;2021-01;1;1;2.0;16275.6;False
8801895677953;2020-10-28;2020-10;1;1;4.0;8423.64;False
8801991294977;2021-05-03;2021-05;2;2;4.0;24574.905;False
8801991360513;2021-10-26;2021-10;2;2;2.0;2105.46;False
8801991491585;2020-11-29;2020-11;1;1;4.0;12253.32;False
8801991589889;2021-02-17;2021-02;2;2;6.0;11539.935;False
8801991655425;2021-07-11;2021-07;1;1;1.0;16276.095;False
8801991720961;2020-01-21;2020-01;1;1;2.0;22977.81;False
8801991786497;2020-05-19;2020-05;1;1;6.0;80422.74;False
8801991852033;2021-04-21;2021-04;1;1;4.0;18955.62;False
8802024095745;2021-06-24;2021-06;1;1;2.0;17233.11;False
8802024128513;2020-10-06;2020-10;1;1;4.0;31115.16;False
8802024161281;2021-05-26;2021-05;1;1;1.0;2967.615;False
8802024194049;2021-07-13;2021-07;2;2;2.0;9190.53;False
8802024226817;2021-06-22;2021-06;2;2;3.0;22259.205;False
8802024259585;2021-08-24;2021-08;1;1;2.0;8137.35;False
8802286436353;2020-08-04;2020-08;1;1;2.0;2403.27;False
8802453651457;2022-02-03;2022-02;1;1;1.0;9999.495;False
8802453716993;2020-12-09;2020-12;1;1;4.0;48598.2;False
8802453749761;2021-05-29;2021-05;2;2;3.0;40698.54;False
8802453782529;2021-11-07;2021-11;1;1;4.0;49998.06;False
8802453815297;2021-03-05;2021-03;1;1;1.0;13364.55;False
8802453848065;2021-12-28;2021-12;1;1;4.0;55998.0;False
8802453946369;2022-02-03;2022-02;1;1;1.0;499.5;False
8802453979137;2021-07-18;2021-07;1;1;2.0;15318.18;False
8802459123713;2021-05-06;2021-05;3;3;10.0;194355.0;False
8802459156481;2021-06-02;2021-06;6;6;10.0;134118.99;False
8802459189249;2021-05-29;2021-05;1;1;4.0;70902.0;False
8802459222017;2021-05-17;2021-05;3;3;5.0;85133.79;False
8802459254785;2021-04-24;2021-04;1;1;4.0;55530.0;False
8802459287553;2021-02-21;2021-02;1;1;4.0;54572.58;False
8802459320321;2021-04-01;2021-04;12;12;45.0;566548.425;False
8802459353089;2021-03-03;2021-03;1;1;2.0;22977.81;False
8802459385857;2021-04-18;2021-04;2;2;8.0;164676.96;False
8802679881729;2020-11-30;2020-11;1;1;1.0;2374.515;False
8802679947265;2021-07-21;2021-07;2;2;5.0;54247.545;False
8802680012801;2020-11-18;2020-11;1;1;1.0;9999.495;False
8802680078337;2021-06-07;2021-06;1;1;2.0;26999.01;False
8802680143873;2021-04-13;2021-04;2;2;5.0;63247.5;False
8802712420353;2022-05-10;2022-05;1;1;4.0;8384.4;False
8802712453121;2020-03-24;2020-03;1;1;4.0;14934.24;False
8802712485889;2021-11-25;2021-11;1;1;4.0;7361.64;False
8802712518657;2021-11-13;2021-11;4;4;14.0;27720.36;False
8802712551425;2022-02-08;2022-02;1;1;4.0;9611.64;False
8802712584193;2021-05-17;2021-05;4;4;12.0;38770.92;False
8802712616961;2022-02-05;2022-02;2;2;5.0;13446.36;False
8802712649729;2022-06-17;2022-06;1;1;1.0;2351.745;False
8802712682497;2021-11-13;2021-11;1;1;4.0;7566.12;False
8802712715265;2021-10-20;2021-10;3;3;10.0;71770.5;False
8802712780801;2021-10-04;2021-10;2;2;6.0;22428.72;False
8802712846337;2022-05-29;2022-05;1;1;4.0;7566.12;False
8802712911873;2021-11-26;2021-11;1;1;1.0;19149.48;False
8802713010177;2020-05-05;2020-05;1;1;4.0;8327.88;False
8802713042945;2021-11-22;2021-11;1;1;1.0;18999.495;False
8802713075713;2021-04-22;2021-04;1;1;1.0;19349.505;False
8802713108481;2021-07-03;2021-07;2;2;5.0;13162.5;False
8802713370625;2022-07-11;2022-07;1;1;4.0;54816.12;False
8802713436161;2022-01-21;2022-01;2;2;5.0;68377.5;False
8802713468929;2021-10-13;2021-10;3;3;7.0;101848.5;False
8802713501697;2021-07-13;2021-07;2;2;2.0;35721.0;False
8802713534465;2021-06-08;2021-06;2;2;8.0;90684.0;False
8802713567233;2021-02-08;2021-02;1;1;4.0;28721.52;False
8802713632769;2021-02-21;2021-02;1;1;4.0;48762.0;False
8802713665537;2021-07-20;2021-07;4;4;6.0;83673.0;False
8802713731073;2021-07-14;2021-07;1;1;4.0;45572.58;False
8802713763841;2022-06-02;2022-06;1;1;4.0;65502.0;False
8802713796609;2021-10-13;2021-10;9;9;36.0;396365.4;False
8802713829377;2021-05-21;2021-05;1;1;1.0;20605.5;False
8802713862145;2021-06-29;2021-06;2;2;8.0;31783.32;False
8802713894913;2021-05-10;2021-05;2;2;3.0;42916.5;False
8802713927681;2021-11-03;2021-11;6;6;16.0;94791.96;False
8802713960449;2021-05-06;2021-05;10;10;37.0;386371.35;False
8802713993217;2021-05-24;2021-05;1;1;2.0;24299.01;False
8802714025985;2021-07-19;2021-07;1;1;1.0;8799.48;False
8802714058753;2021-11-08;2021-11;1;1;2.0;24253.02;False
8802714091521;2021-06-04;2021-06;4;4;8.0;71391.69;False
8802714124289;2021-06-05;2021-06;1;1;2.0;18879.48;False
8802714157057;2021-06-07;2021-06;1;1;1.0;5673.42;False
8802714189825;2021-06-05;2021-06;4;4;11.0;68629.14;False
8802843426817;2020-04-03;2020-04;3;5;20.0;63600.48;False
8802843492353;2021-04-26;2021-04;1;1;2.0;19722.42;False
8802909585409;2020-10-12;2020-10;1;1;4.0;5168.34;False
8802909650945;2020-01-14;2020-01;1;1;4.0;5168.34;False
8802909716481;2020-05-07;2020-05;1;1;1.0;1339.965;False
8802909782017;2020-12-16;2020-12;2;2;6.0;8030.25;False
8802909847553;2020-03-24;2020-03;1;1;4.0;6400.26;False
8802909913089;2020-11-25;2020-11;1;1;5.0;8375.175;False
8802909978625;2020-07-26;2020-07;1;1;1.0;1483.56;False
8802910044161;2020-08-19;2020-08;1;1;4.0;5696.955;False
8802910109697;2020-03-12;2020-03;1;1;2.0;4362.21;False
8802910175233;2020-09-29;2020-09;1;1;4.0;5359.86;False
8802941566977;2020-09-09;2020-09;1;1;1.0;1999.08;False
8802941599745;2020-10-09;2020-10;1;1;4.0;6317.28;False
8802941632513;2020-06-17;2020-06;1;1;4.0;6409.26;False
8802941665281;2020-07-01;2020-07;1;1;4.0;8548.2;False
8802941698049;2020-07-01;2020-07;1;1;6.0;8397.0;False
8802941730817;2021-03-11;2021-03;1;1;4.0;6317.28;False
8802941763585;2020-08-18;2020-08;1;1;4.0;9093.78;False
8802941796353;2020-08-22;2020-08;1;1;4.0;8902.26;False
8802941829121;2020-07-22;2020-07;1;1;4.0;9955.62;False
8803007791105;2021-10-22;2021-10;3;3;10.0;137794.86;False
8803007987713;2021-11-24;2021-11;1;1;1.0;14149.485;False
8803008053249;2021-06-13;2021-06;2;2;8.0;67995.9;False
8803008118785;2021-05-27;2021-05;1;1;4.0;16398.0;False
8803008184321;2021-04-14;2021-04;1;1;4.0;18397.98;False
8803008249857;2021-06-17;2021-06;1;1;4.0;19398.06;False
8803008446465;2021-06-17;2021-06;1;1;2.0;6899.04;False
8803008512001;2021-06-21;2021-06;8;8;17.0;58641.84;False
8803008577537;2021-03-29;2021-03;1;1;4.0;10414.125;False
8803008643073;2021-06-28;2021-06;1;1;2.0;9799.02;False
8803008839681;2021-10-12;2021-10;5;5;12.0;55605.285;False
8803008905217;2021-04-28;2021-04;1;1;1.0;3749.49;False
8803008970753;2021-05-13;2021-05;1;1;4.0;14997.96;False
8803009036289;2020-06-11;2020-06;1;1;4.0;18597.96;False
8803009167361;2021-06-06;2021-06;3;3;9.0;58354.065;False
8803009232897;2021-06-21;2021-06;1;1;4.0;28798.02;False
8803009298433;2021-05-08;2021-05;3;3;12.0;90325.98;False
8803009363969;2021-06-03;2021-06;5;5;14.0;72555.66;False
8803009429505;2021-05-07;2021-05;4;4;10.0;54016.47;False
8803009495041;2021-06-18;2021-06;3;3;12.0;68994.18;False
8803009560577;2021-05-02;2021-05;3;3;9.0;58591.35;False
8803009626113;2021-04-23;2021-04;1;1;4.0;18381.06;False
8803009757185;2021-02-28;2021-02;1;1;4.0;23062.185;False
8803009822721;2021-05-20;2021-05;1;1;1.0;5149.485;False
8803009888257;2021-06-06;2021-06;6;6;12.0;69269.175;False
8803009953793;2021-06-16;2021-06;1;1;4.0;22998.06;False
8803010019329;2021-05-20;2021-05;3;3;12.0;68189.76;False
8803010150401;2021-06-28;2021-06;1;1;2.0;14299.02;False
8803010215937;2021-03-09;2021-03;1;1;1.0;10249.515;False
8803010281473;2021-11-20;2021-11;1;1;2.0;19284.03;False
8803010347009;2021-04-09;2021-04;1;1;2.0;21541.59;False
8803010412545;2021-07-19;2021-07;3;3;5.0;28497.6;False
8803010478081;2021-06-28;2021-06;1;1;1.0;7549.515;False
8803010543617;2021-06-26;2021-06;1;1;4.0;31593.78;False
8803010609153;2021-06-11;2021-06;1;1;1.0;7349.49;False
8803010740225;2021-08-14;2021-08;3;3;4.0;38791.035;False
8803010805761;2021-06-22;2021-06;5;5;5.0;47647.53;False
8803010871297;2021-06-08;2021-06;3;3;9.0;85045.545;False
8803010936833;2021-08-09;2021-08;5;5;5.0;71247.6;False
8803011002369;2021-10-19;2021-10;2;2;6.0;51130.26;False
8803011067905;2021-06-10;2021-06;6;6;6.0;57814.65;False
8803011133441;2021-07-27;2021-07;1;1;1.0;7949.52;False
8803011198977;2021-06-09;2021-06;1;1;1.0;7949.52;False
8803011264513;2021-07-15;2021-07;2;2;5.0;44747.55;False
8803011362817;2022-05-04;2022-05;4;4;9.0;98483.85;False
8803011395585;2021-05-04;2021-05;10;10;26.0;144490.545;False
8803011461121;2021-06-15;2021-06;1;1;1.0;5799.51;False
8803011657729;2020-10-08;2020-10;1;1;2.0;18198.99;False
8803011723265;2021-09-12;2021-09;1;1;3.0;29248.56;False
8803011788801;2021-06-17;2021-06;2;2;2.0;18198.99;False
8803011854337;2021-10-14;2021-10;2;2;5.0;56747.475;False
8803011919873;2021-05-23;2021-05;2;2;9.0;67045.32;False
8803011985409;2021-06-11;2021-06;7;7;26.0;322859.79;False
8803012050945;2021-06-09;2021-06;1;1;4.0;37598.04;False
8803012116481;2021-06-10;2021-06;2;2;4.0;47397.96;False
8803012182017;2021-05-18;2021-05;2;2;4.0;39676.32;False
8803012247553;2021-05-31;2021-05;1;1;2.0;15701.13;False
8803012313089;2021-06-09;2021-06;1;1;2.0;23839.47;False
8803012378625;2021-06-24;2021-06;1;1;4.0;34797.96;False
8803012509697;2021-06-15;2021-06;2;2;2.0;16991.595;False
8803012706305;2021-10-04;2021-10;5;5;18.0;164690.82;False
8803012771841;2021-06-17;2021-06;1;1;1.0;11299.5;False
8803012837377;2021-06-24;2021-06;3;3;10.0;124495.2;False
8803012902913;2021-05-29;2021-05;1;1;1.0;6849.495;False
8803012968449;2021-08-24;2021-08;1;1;4.0;58397.94;False
8803039903745;2021-06-12;2021-06;1;1;2.0;10249.02;False
8803039969281;2021-02-09;2021-02;2;3;4.0;6372.855;False
8803040034817;2020-08-04;2020-08;1;1;4.0;7121.7;False
8803040100353;2020-05-10;2020-05;1;1;2.0;3910.32;False
8803040165889;2021-05-27;2021-05;2;2;5.0;21300.75;False
8803040231425;2021-05-06;2021-05;6;6;19.0;50017.5;False
8803040296961;2021-05-20;2021-05;4;4;11.0;68452.065;False
8803040362497;2021-04-14;2021-04;1;1;2.0;7850.07;False
8803040428033;2021-05-12;2021-05;2;2;4.0;9764.1;False
8803040493569;2020-09-23;2020-09;1;1;2.0;12206.52;False
8803040559105;2021-03-09;2021-03;1;1;2.0;5743.71;False
8803040624641;2020-07-22;2020-07;1;1;2.0;2670.345;False
8803105406977;2021-06-10;2021-06;17;17;63.0;402019.56;False
8803139354625;2020-08-26;2020-08;1;1;1.0;1675.035;False
8803170942977;2021-02-02;2021-02;1;1;2.0;3350.07;False
8803171008513;2021-01-10;2021-01;1;1;6.0;9475.92;False
8803171074049;2020-12-02;2020-12;1;1;4.0;6125.76;False
8803171139585;2021-02-11;2021-02;2;2;14.0;22981.5;False
8803236511745;2021-06-18;2021-06;1;1;1.0;14580.0;False
8803236577281;2021-03-15;2021-03;1;1;1.0;1746.855;False
8803236642817;2021-05-31;2021-05;1;1;1.0;3284.55;False
8803236708353;2021-03-15;2021-03;1;1;1.0;2034.09;False
8803236773889;2021-05-31;2021-05;2;2;2.0;2069.1;False
8803236839425;2021-05-24;2021-05;1;1;1.0;2393.145;False
8803236904961;2021-06-07;2021-06;3;3;3.0;11918.745;False
8803237036033;2021-07-13;2021-07;2;2;5.0;18397.8;False
8803302047745;2021-06-30;2021-06;1;1;1.0;1675.035;False
8803303129089;2020-04-27;2020-04;1;1;4.0;8232.12;False
8803303161857;2021-04-14;2021-04;1;1;4.0;9572.58;False
8803303194625;2020-06-13;2020-06;1;1;6.0;10473.3;False
8803303227393;2020-08-04;2020-08;1;1;4.0;8497.98;False
8803303292929;2020-05-04;2020-05;1;1;2.0;3998.97;False
8803303325697;2020-04-08;2020-04;1;1;4.0;6125.76;False
8803303358465;2020-11-04;2020-11;1;1;6.0;11486.61;False
8803303391233;2020-10-18;2020-10;1;1;2.0;4006.035;False
8803303424001;2020-01-17;2020-01;1;1;1.0;1770.795;False
8803303456769;2021-06-16;2021-06;6;6;13.0;32044.545;False
8803303489537;2020-12-02;2020-12;1;1;2.0;8598.96;False
8803303555073;2021-05-06;2021-05;1;1;4.0;10913.04;False
8803303587841;2021-07-25;2021-07;1;1;1.0;4212.27;False
8803303620609;2021-10-15;2021-10;2;2;5.0;18189.0;False
8803303718913;2021-06-09;2021-06;1;1;4.0;29758.185;False
8803303849985;2021-10-12;2021-10;1;1;1.0;33988.905;False
8803303882753;2022-06-08;2022-06;4;4;13.0;382713.525;False
8803303915521;2021-10-19;2021-10;1;1;1.0;32552.73;False
8803303948289;2021-06-08;2021-06;1;1;4.0;22980.06;False
8803304079361;2021-09-09;2021-09;1;1;4.0;7178.94;False
8803304144897;2021-08-09;2021-08;5;5;21.0;487569.915;False
8803304210433;2021-07-25;2021-07;1;1;1.0;4904.55;False
8803304243201;2021-06-11;2021-06;1;1;1.0;3350.565;False
8803304275969;2021-08-21;2021-08;1;1;1.0;3777.12;False
8803304308737;2021-11-15;2021-11;5;5;5.0;208072.035;False
8803304341505;2021-10-04;2021-10;13;13;27.0;40061.34;False
8803304374273;2021-08-16;2021-08;2;2;8.0;49400.28;False
8803304407041;2021-08-02;2021-08;12;13;46.0;239993.505;False
8803304439809;2021-07-12;2021-07;1;1;2.0;25945.83;False
8803304472577;2021-08-03;2021-08;2;2;3.0;7179.435;False
8803304603649;2020-12-21;2020-12;1;1;1.0;2871.855;False
8803304636417;2021-05-25;2021-05;1;1;1.0;3230.91;False
8803304669185;2020-11-01;2020-11;1;2;6.0;21300.3;False
8803304701953;2021-07-17;2021-07;5;5;18.0;68592.555;False
8803304734721;2021-07-18;2021-07;4;4;17.0;70172.91;False
8803304767489;2020-11-18;2020-11;1;1;4.0;13402.26;False
8803304800257;2021-06-15;2021-06;1;1;1.0;4667.085;False
8803304833025;2021-06-08;2021-06;2;2;8.0;44996.22;False
8803304865793;2021-05-14;2021-05;1;1;1.0;4199.49;False
8803304931329;2021-07-27;2021-07;1;1;6.0;22975.92;False
8803304964097;2021-06-14;2021-06;1;1;4.0;27702.0;False
8803304996865;2020-11-30;2020-11;1;1;2.0;11331.0;False
8803305029633;2021-03-28;2021-03;1;1;2.0;19147.95;False
8803305062401;2021-02-04;2021-02;2;2;8.0;13974.84;False
8803305095169;2021-01-01;2021-01;1;2;8.0;15489.855;False
8803305127937;2020-04-14;2020-04;1;1;2.0;18669.24;False
8803305160705;2021-06-08;2021-06;1;1;1.0;1799.505;False
8803305193473;2021-06-28;2021-06;1;1;4.0;18381.06;False
8803305226241;2021-06-07;2021-06;2;2;6.0;15507.72;False
8803305291777;2022-01-21;2022-01;1;1;1.0;10999.485;False
8803305324545;2021-01-12;2021-01;1;1;4.0;38797.92;False
8803305357313;2021-08-23;2021-08;1;1;2.0;6701.13;False
8803305422849;2021-06-08;2021-06;3;3;13.0;45113.445;False
8803305455617;2020-09-15;2020-09;1;1;4.0;6891.66;False
8803305521153;2020-12-22;2020-12;1;1;4.0;9572.58;False
8803305553921;2021-04-24;2021-04;2;2;3.0;11998.53;False
8803305586689;2021-03-31;2021-03;1;1;2.0;22703.49;False
8803305619457;2021-04-23;2021-04;1;1;4.0;6317.28;False
8803305652225;2022-01-11;2022-01;1;1;4.0;17179.74;False
8803305684993;;;1;1;1.0;4192.65;
8803305783297;2021-05-18;2021-05;1;1;2.0;5828.49;False
8803305914369;2022-05-31;2022-05;1;1;1.0;4786.74;False
8803306045441;2021-06-03;2021-06;18;18;33.0;113056.38;False
8803306110977;2020-11-26;2020-11;1;1;2.0;5751.0;False
8803306143745;2021-05-10;2021-05;2;2;3.0;6394.32;False
8803306176513;2021-06-01;2021-06;1;1;4.0;45997.92;False
8803306209281;2021-07-23;2021-07;1;1;1.0;1885.5;False
8803306242049;2020-11-16;2020-11;1;1;2.0;5669.1;False
8803306274817;2022-03-25;2022-03;1;1;4.0;18520.2;False
8803306307585;2021-06-17;2021-06;5;5;18.0;38070.9;False
8803306340353;2021-04-27;2021-04;1;1;4.0;10042.2;False
8803306373121;2021-05-20;2021-05;1;1;2.0;7514.1;False
8803306405889;2021-06-24;2021-06;1;1;4.0;19146.96;False
8803306438657;2021-11-09;2021-11;2;2;8.0;39996.0;False
8803306471425;2021-09-06;2021-09;4;4;16.0;75356.1;False
8803306504193;2021-01-12;2021-01;1;1;1.0;2967.615;False
8803306536961;2021-06-13;2021-06;1;1;3.0;25498.53;False
8803306569729;2021-10-20;2021-10;4;4;7.0;41539.95;False
8803306602497;2021-08-05;2021-08;1;1;2.0;9573.48;False
8803306635265;2021-07-15;2021-07;4;4;4.0;12061.98;False
8803498622977;2020-09-28;2020-09;1;1;4.0;14359.86;False
8803498688513;2021-05-11;2021-05;1;1;4.0;14187.51;False
8803498786817;2021-06-05;2021-06;1;1;1.0;3749.49;False
8803499114497;2021-08-04;2021-08;1;1;1.0;39972.915;False
8803510288385;2021-11-26;2021-11;1;1;4.0;29197.98;False
8803511402497;2021-08-10;2021-08;1;1;1.0;9249.48;False
8803511435265;2021-06-22;2021-06;1;1;4.0;41398.02;False
8803511468033;2021-08-17;2021-08;5;5;6.0;25848.18;False
8803511566337;2022-03-09;2022-03;1;1;1.0;9649.485;False
8803511599105;2021-07-06;2021-07;7;7;12.0;106270.92;False
8803511631873;2021-05-20;2021-05;1;1;2.0;4546.89;False
8803511664641;2021-12-21;2021-12;1;1;1.0;7499.52;False
8803511697409;2021-08-18;2021-08;1;1;1.0;20823.975;False
8803511730177;2021-12-08;2021-12;6;6;10.0;337495.05;False
8803511762945;2021-05-29;2021-05;1;1;1.0;19627.2;False
8803511795713;2022-04-22;2022-04;1;1;1.0;43158.6;False
8803511828481;2021-05-18;2021-05;1;1;1.0;7659.09;False
8803511861249;2021-09-17;2021-09;1;1;4.0;78508.8;False
8803511992321;2021-11-09;2021-11;2;2;3.0;251328.285;False
8803512025089;2021-08-10;2021-08;3;3;4.0;63189.54;False
8803512057857;2022-02-20;2022-02;1;1;1.0;18664.245;False
8803512090625;2022-06-10;2022-06;2;2;3.0;100941.66;False
8803512123393;2022-06-27;2022-06;2;2;2.0;43567.2;False
8803512221697;2022-04-26;2022-04;1;1;1.0;16949.52;False
8803512254465;2021-07-22;2021-07;2;2;4.0;71423.64;False
8803512320001;2021-10-27;2021-10;1;1;1.0;9749.52;False
8803512352769;2021-10-29;2021-10;1;1;2.0;26899.02;False
8803512418305;2022-01-31;2022-01;1;1;1.0;37999.485;False
8803512483841;2021-10-15;2021-10;5;5;5.0;172338.075;False
8803512549377;2021-06-10;2021-06;1;1;1.0;12925.035;False
8803512582145;2022-04-10;2022-04;1;1;2.0;167999.04;False
8803512614913;2021-05-19;2021-05;2;2;4.0;10338.48;False
8803512647681;2021-08-04;2021-08;13;13;24.0;281478.24;False
8803512680449;2021-08-03;2021-08;19;19;37.0;74956.23;False
8803512713217;2021-08-04;2021-08;2;2;3.0;9189.99;False
8803512811521;2021-04-19;2021-04;1;1;1.0;2201.67;False
8803512844289;2021-08-12;2021-08;1;1;2.0;141701.13;False
8803512877057;2021-09-22;2021-09;1;1;1.0;3948.975;False
8803512909825;2021-07-12;2021-07;6;6;13.0;68978.025;False
8803512942593;2021-11-20;2021-11;1;1;2.0;6199.02;False
8803512975361;2022-06-27;2022-06;1;1;3.0;24530.175;False
8803513008129;2022-03-30;2022-03;1;1;1.0;3099.51;False
8803513204737;2022-05-31;2022-05;1;1;1.0;38099.52;False
8803513368577;2021-07-27;2021-07;1;1;2.0;43669.44;False
8803513401345;2021-05-26;2021-05;3;3;7.0;11055.24;False
8803513434113;2021-05-10;2021-05;1;1;1.0;5744.205;False
8803513466881;2021-08-03;2021-08;15;15;18.0;168119.01;False
8803513499649;2022-02-05;2022-02;1;1;1.0;16499.52;False
8803513532417;2021-05-15;2021-05;2;2;2.0;1149.03;False
8803513565185;2021-05-18;2021-05;1;1;1.0;430.38;False
8803513630721;2021-07-27;2021-07;3;3;5.0;44997.525;False
8803513663489;2021-07-27;2021-07;1;1;4.0;27997.92;False
8803513696257;2021-06-11;2021-06;1;1;2.0;21198.96;False
8803513729025;2021-11-23;2021-11;2;2;5.0;34654.275;False
8803513761793;2021-11-11;2021-11;3;3;9.0;62722.71;False
8803513794561;2021-11-23;2021-11;1;1;2.0;22499.01;False
8803513827329;2021-06-05;2021-06;1;1;1.0;10052.73;False
8803513860097;2021-07-12;2021-07;6;6;22.0;215850.96;False
8803513892865;2020-02-27;2020-02;1;1;1.0;11099.52;False
8803513925633;2021-07-14;2021-07;6;6;17.0;152141.67;False
8803513958401;2020-08-30;2020-08;1;1;4.0;35040.6;False
8803513991169;2021-06-27;2021-06;1;1;4.0;38797.92;False
8803514023937;2021-07-11;2021-07;1;1;4.0;33998.04;False
8803514056705;2021-05-14;2021-05;1;1;2.0;18181.89;False
8803514089473;2021-01-19;2021-01;1;1;2.0;7371.36;False
8803514122241;2021-05-24;2021-05;1;1;2.0;20198.97;False
8803514155009;2021-08-10;2021-08;1;1;4.0;29998.08;False
8803514187777;2021-05-26;2021-05;1;1;1.0;10435.68;False
8803514220545;2021-07-26;2021-07;1;1;1.0;9049.5;False
8803514253313;2021-04-13;2021-04;1;1;4.0;43083.18;False
8803514286081;2021-07-13;2021-07;4;4;12.0;69794.19;False
8803514318849;2021-07-26;2021-07;1;1;1.0;14299.515;False
8803514351617;2021-07-15;2021-07;2;2;8.0;89596.08;False
8803514384385;2021-06-10;2021-06;1;1;4.0;51998.04;False
8803514417153;2021-07-06;2021-07;3;3;12.0;159138.72;False
8803514449921;2021-07-30;2021-07;1;1;4.0;36797.94;False
8803514482689;2021-05-31;2021-05;1;1;4.0;32398.02;False
8803514515457;2021-07-14;2021-07;1;1;4.0;50797.98;False
8803514548225;2021-07-14;2021-07;1;1;4.0;48598.02;False
8803514580993;2021-07-21;2021-07;1;1;1.0;9499.5;False
8803514613761;2021-08-07;2021-08;1;1;4.0;55998.0;False
8803514646529;2021-07-12;2021-07;5;5;20.0;199105.02;False
8803514679297;2021-08-09;2021-08;1;1;2.0;12740.04;False
8803514712065;2021-07-17;2021-07;1;1;4.0;36997.92;False
8803514744833;2021-08-01;2021-08;1;1;4.0;55598.04;False
8803514777601;2021-04-23;2021-04;1;1;4.0;65797.92;False
8803514810369;2021-06-06;2021-06;1;1;2.0;16598.97;False
8803514843137;2021-06-17;2021-06;2;2;6.0;67527.72;False
8803514875905;2021-07-27;2021-07;1;1;4.0;54397.98;False
8803514908673;2021-12-02;2021-12;4;4;12.0;154175.67;False
8803514941441;2021-12-01;2021-12;2;2;6.0;77378.76;False
8803514974209;2021-12-07;2021-12;1;1;2.0;32999.04;False
8803515039745;2021-05-31;2021-05;1;1;2.0;16084.17;False
8803515072513;2021-11-08;2021-11;3;3;7.0;77696.64;False
8803515105281;2021-08-05;2021-08;1;1;2.0;17199.0;False
8803515138049;2021-07-22;2021-07;1;1;4.0;45597.96;False
8803515170817;2021-04-17;2021-04;1;1;4.0;43597.98;False
8803515203585;2021-08-04;2021-08;1;1;1.0;10099.485;False
8803515236353;2021-10-23;2021-10;1;1;4.0;64198.08;False
8803515269121;2021-12-08;2021-12;1;1;4.0;55998.0;False
8803515301889;2021-08-15;2021-08;1;1;2.0;25999.02;False
8803515334657;2021-07-20;2021-07;1;1;2.0;14786.1;False
8803515367425;2021-07-21;2021-07;2;2;3.0;43206.615;False
8803515400193;2021-06-25;2021-06;1;1;4.0;68598.0;False
8803515432961;2021-08-02;2021-08;2;2;8.0;103596.12;False
8803515465729;2022-01-17;2022-01;1;1;2.0;27099.0;False
8803515498497;2021-07-12;2021-07;2;2;4.0;56998.08;False
8803515531265;2022-01-06;2022-01;1;1;4.0;62798.04;False
8803515564033;2021-11-27;2021-11;1;1;4.0;49906.98;False
8803515596801;2021-07-14;2021-07;11;11;39.0;536931.0;False
8803630284801;2021-05-18;2021-05;1;1;1.0;3230.91;False
8803630317569;2021-05-27;2021-05;1;1;1.0;674.55;False
8803630350337;2021-02-12;2021-02;1;1;1.0;899.55;False
8803630383105;2020-12-11;2020-12;1;1;1.0;809.55;False
8803630415873;2021-04-21;2021-04;1;1;1.0;1079.55;False
8803630448641;2021-06-08;2021-06;2;2;2.0;1619.1;False
8803630481409;2021-05-20;2021-05;1;1;1.0;1079.55;False
8803630514177;2021-07-25;2021-07;2;3;5.0;4047.75;False
8803630612481;2021-07-21;2021-07;2;2;2.0;2699.1;False
8803630710785;2021-11-09;2021-11;1;1;1.0;11549.52;False
8803630743553;2021-03-09;2021-03;1;1;2.0;3026.61;False
8803630776321;2021-03-06;2021-03;3;3;12.0;17802.72;False
8803630809089;2020-12-03;2020-12;1;1;2.0;43299.0;False
8803630841857;2021-08-06;2021-08;4;4;12.0;156393.9;False
8803630874625;2021-08-23;2021-08;1;1;1.0;12324.555;False
8803630940161;2021-12-11;2021-12;1;1;2.0;28499.04;False
8803631005697;2021-06-13;2021-06;1;1;4.0;64798.02;False
8803662692353;2021-07-05;2021-07;8;8;14.0;189791.055;False
8803695230977;2021-10-17;2021-10;1;1;1.0;4691.025;False
8803695296513;2021-06-08;2021-06;2;2;7.0;25801.2;False
8803695362049;2020-05-19;2020-05;1;1;2.0;9573.48;False
8803728097281;2021-05-03;2021-05;2;2;7.0;2007.18;False
8803728228353;2021-05-07;2021-05;3;3;3.0;2023.65;False
8803728261121;2021-05-11;2021-05;3;3;3.0;3238.65;False
8803728621569;2021-07-26;2021-07;2;3;3.0;4048.65;False
8803728654337;2021-04-19;2021-04;1;1;1.0;899.55;False
8803728687105;2020-12-28;2020-12;1;1;1.0;809.55;False
8803728719873;2021-03-29;2021-03;1;1;1.0;1079.55;False
8803728752641;2021-06-25;2021-06;2;2;2.0;1619.1;False
8803728785409;2021-06-21;2021-06;1;1;1.0;809.55;False
8803728818177;2021-05-31;2021-05;1;1;1.0;1079.55;False
8803728850945;2021-07-29;2021-07;1;1;1.0;1034.55;False
8803728883713;2021-07-24;2021-07;9;11;34.0;139417.2;False
8803728949249;2021-06-28;2021-06;1;1;1.0;741.555;False
8803729047553;2021-05-25;2021-05;1;1;1.0;454.32;False
8803793534977;2021-04-30;2021-04;1;1;4.0;6700.14;False
8803793567745;2020-11-29;2020-11;1;1;4.0;6413.04;False
8803793600513;2020-10-30;2020-10;1;1;1.0;1840.41;False
8803793633281;2021-05-02;2021-05;3;3;10.0;18137.61;False
8803793666049;2021-03-09;2021-03;1;1;4.0;7849.08;False
8803793698817;2021-04-10;2021-04;1;1;1.0;1579.32;False
8803793731585;2021-08-18;2021-08;1;1;1.0;1699.515;False
8803793764353;2021-05-14;2021-05;1;1;1.0;2199.51;False
8803793797121;2021-10-15;2021-10;2;2;5.0;11965.725;False
8803793829889;2021-06-13;2021-06;2;2;8.0;14996.16;False
8803793862657;2021-01-02;2021-01;1;1;2.0;3799.08;False
8803793895425;2021-06-01;2021-06;4;4;7.0;13551.885;False
8803793928193;2021-11-12;2021-11;2;2;8.0;32549.4;False
8803793960961;2022-01-31;2022-01;1;1;4.0;15397.92;False
8803793993729;2021-02-20;2021-02;1;1;2.0;2998.98;False
8803794026497;2021-11-05;2021-11;1;1;1.0;1799.505;False
8803794059265;2021-08-24;2021-08;1;1;4.0;18955.62;False
8803794092033;2021-08-08;2021-08;1;1;1.0;2728.26;False
8803794124801;2020-12-25;2020-12;1;1;4.0;5384.655;False
8803794190337;2021-02-21;2021-02;1;1;4.0;5398.02;False
8803794223105;2021-05-24;2021-05;1;1;2.0;3098.97;False
8803794255873;2020-11-25;2020-11;1;1;6.0;9968.4;False
8803794288641;2021-05-08;2021-05;2;2;3.0;4131.135;False
8803794321409;2021-04-19;2021-04;1;1;2.0;3206.52;False
8803794354177;2020-12-09;2020-12;1;1;4.0;5358.06;False
8803794386945;2021-06-05;2021-06;3;3;8.0;13836.51;False
8803794419713;2022-05-17;2022-05;1;1;1.0;8945.01;False
8803794485249;2021-12-29;2021-12;1;1;1.0;8299.485;False
8803794518017;2022-05-17;2022-05;3;3;9.0;75636.0;False
8803794550785;2021-09-16;2021-09;2;2;3.0;25136.82;False
8803794583553;2021-10-20;2021-10;1;1;4.0;37338.48;False
8803794649089;2021-05-22;2021-05;1;1;1.0;5573.34;False
8803794681857;2021-08-11;2021-08;6;6;14.0;99663.66;False
8803794714625;2021-08-07;2021-08;11;11;25.0;130440.375;False
8803794747393;2021-08-14;2021-08;4;4;10.0;65993.85;False
8803794812929;2021-10-08;2021-10;7;7;17.0;58242.915;False
8803794845697;2021-08-08;2021-08;3;3;6.0;54571.59;False
8803794878465;2021-09-23;2021-09;1;1;4.0;20870.46;False
8803794944001;2021-08-13;2021-08;4;4;7.0;72044.595;False
8803794976769;2021-08-11;2021-08;3;3;5.0;29439.0;False
8803795009537;2021-10-28;2021-10;1;1;1.0;11050.875;False
8803795042305;2021-11-10;2021-11;8;8;22.0;134901.54;False
8803795075073;2022-06-22;2022-06;2;2;6.0;91260.63;False
8803795107841;2021-11-08;2021-11;4;4;7.0;44046.54;False
8803795140609;2021-08-11;2021-08;2;2;5.0;69173.1;False
8803795206145;2021-10-14;2021-10;6;6;22.0;136904.13;False
8803795238913;2021-08-26;2021-08;1;1;1.0;7802.73;False
8803795271681;2021-11-01;2021-11;3;3;4.0;57083.13;False
8803795304449;2021-08-14;2021-08;1;1;2.0;15413.94;False
8803795337217;2021-11-16;2021-11;1;1;4.0;53998.02;False
8803795369985;2021-11-04;2021-11;4;4;16.0;114886.08;False
8803795402753;2022-01-28;2022-01;1;1;4.0;33998.04;False
8803795468289;2021-10-09;2021-10;11;11;40.0;157299.21;False
8803795501057;2021-10-19;2021-10;1;1;1.0;13403.79;False
8803795599361;2021-08-18;2021-08;1;1;1.0;14249.52;False
8803795632129;2021-08-25;2021-08;1;1;2.0;43227.81;False
8803795664897;2021-12-12;2021-12;1;1;1.0;14999.49;False
8803795697665;2021-07-31;2021-07;1;1;4.0;16083.18;False
8803795730433;2021-07-21;2021-07;2;2;6.0;15758.82;False
8803795763201;2021-09-21;2021-09;1;1;4.0;9997.92;False
8803795795969;2021-10-08;2021-10;2;2;3.0;17807.04;False
8803795828737;2021-07-26;2021-07;1;1;4.0;24134.4;False
8803795894273;2021-08-09;2021-08;6;6;6.0;65034.81;False
8803795927041;2021-11-07;2021-11;8;8;20.0;93728.97;False
8803795959809;2021-10-22;2021-10;1;1;4.0;29487.42;False
8803795992577;2021-08-09;2021-08;3;3;8.0;73145.16;False
8803796025345;2021-08-20;2021-08;1;1;1.0;8519.94;False
8803796058113;2021-08-10;2021-08;2;2;5.0;38295.45;False
8803796090881;2021-07-03;2021-07;1;1;4.0;36381.06;False
8803796123649;2021-04-09;2021-04;1;1;1.0;5347.845;False
8803796156417;2021-07-14;2021-07;1;1;2.0;5211.0;False
8803796189185;2021-10-29;2021-10;1;1;1.0;7180.38;False
8803796221953;2021-05-28;2021-05;1;1;2.0;12733.11;False
8803796254721;2021-08-18;2021-08;2;2;5.0;38295.45;False
8803796287489;2021-10-20;2021-10;1;1;1.0;12039.435;False
8803796320257;2021-08-16;2021-08;2;2;6.0;44073.225;False
8803796353025;2021-08-09;2021-08;3;3;6.0;69220.44;False
8803796385793;2021-05-26;2021-05;1;1;2.0;5360.76;False
8803796418561;2021-10-11;2021-10;1;1;1.0;14600.565;False
8803796516865;2021-12-24;2021-12;2;2;2.0;16562.88;False
8803796615169;2020-08-17;2020-08;1;1;1.0;10770.795;False
8803796647937;2021-08-13;2021-08;1;1;1.0;13164.435;False
8803796680705;2021-08-08;2021-08;5;5;7.0;75060.405;False
8803796713473;2021-10-11;2021-10;2;2;5.0;66956.175;False
8803796746241;2021-10-20;2021-10;2;2;4.0;44806.68;False
8803796779009;2021-06-29;2021-06;1;1;4.0;32587.92;False
8803796811777;2021-08-10;2021-08;6;6;24.0;160840.08;False
8803796844545;2021-08-02;2021-08;2;2;3.0;53955.585;False
8803796877313;2021-08-09;2021-08;7;8;21.0;97627.68;False
8803796910081;2021-10-06;2021-10;7;7;15.0;76827.825;False
8803796975617;2021-09-02;2021-09;1;1;2.0;40116.06;False
8803797041153;2021-10-11;2021-10;5;5;16.0;83481.84;False
8803797073921;2021-07-28;2021-07;1;1;6.0;17952.57;False
8803797106689;2020-11-06;2020-11;1;1;4.0;6125.76;False
8803797139457;2021-05-16;2021-05;2;2;6.0;27180.09;False
8803797172225;2021-07-14;2021-07;4;4;14.0;63501.3;False
8803797204993;2021-05-15;2021-05;1;1;4.0;17232.12;False
8803797237761;2021-10-23;2021-10;1;1;2.0;7043.13;False
8803797303297;2021-08-16;2021-08;2;2;2.0;9269.1;False
8803797336065;2020-10-26;2020-10;1;1;4.0;13798.08;False
8803797368833;2022-06-11;2022-06;2;2;6.0;54564.3;False
8803797401601;2021-11-24;2021-11;1;1;6.0;25496.91;False
8803797434369;2020-09-22;2020-09;1;1;2.0;8137.35;False
8803797467137;2020-06-13;2020-06;1;1;6.0;8996.94;False
8803797499905;2021-08-19;2021-08;2;2;3.0;2813.58;False
8803797532673;2021-10-10;2021-10;6;6;14.0;82364.535;False
8803797565441;2021-10-24;2021-10;1;1;4.0;24891.66;False
8803797598209;2021-11-29;2021-11;1;1;2.0;22690.53;False
8803797630977;2022-05-10;2022-05;3;3;10.0;65449.8;False
8803797696513;2021-06-06;2021-06;2;3;3.0;6104.88;False
8803797729281;2021-10-28;2021-10;1;1;4.0;22976.82;False
8803797762049;2021-10-19;2021-10;1;1;1.0;7499.52;False
8803802873857;2021-11-02;2021-11;6;6;10.0;124254.0;False
8803803037697;2020-11-25;2020-11;1;1;4.0;4806.54;False
8803826368513;2022-05-31;2022-05;2;2;2.0;18389.97;False
8803826401281;2021-09-12;2021-09;1;1;4.0;13785.3;False
8803826466817;2021-07-07;2021-07;1;1;4.0;8398.08;False
8803826499585;2020-07-01;2020-07;1;1;4.0;9997.92;False
8803827646465;2021-12-14;2021-12;4;4;6.0;517535.64;False
8803827712001;2021-06-15;2021-06;1;1;1.0;861.21;False
8803827777537;2021-08-19;2021-08;1;1;2.0;1530.99;False
8803827843073;2021-08-12;2021-08;7;7;7.0;5023.305;False
8803827908609;2021-08-13;2021-08;4;4;4.0;3540.6;False
8803827974145;2021-07-26;2021-07;1;1;1.0;909.09;False
8803828039681;2021-08-16;2021-08;1;1;1.0;956.97;False
8803828105217;2021-08-29;2021-08;1;1;1.0;741.555;False
8803828170753;2021-07-28;2021-07;1;1;1.0;669.735;False
8803828236289;2021-06-30;2021-06;1;1;1.0;774.495;False
8803828301825;2021-06-09;2021-06;1;1;1.0;717.615;False
8803828367361;2021-07-01;2021-07;1;1;2.0;1674.54;False
8803828432897;2021-08-13;2021-08;4;4;4.0;5599.17;False
8803828498433;2021-08-13;2021-08;3;3;3.0;4881.6;False
8803828563969;2021-08-11;2021-08;7;7;8.0;15880.185;False
8803828629505;2021-08-20;2021-08;1;1;1.0;573.975;False
8803828695041;2021-06-08;2021-06;1;1;1.0;550.035;False
8803828760577;2021-07-01;2021-07;1;1;1.0;1292.085;False
8803828826113;2021-06-10;2021-06;1;1;1.0;1411.74;False
8803828891649;2021-08-08;2021-08;1;1;1.0;602.775;False
8803828957185;2021-06-24;2021-06;1;1;1.0;1277.91;False
8803829055489;2021-08-11;2021-08;7;7;7.0;4855.725;False
8803829088257;2021-06-22;2021-06;1;1;1.0;669.735;False
8803829153793;2021-06-21;2021-06;1;1;1.0;885.15;False
8803829219329;2021-08-11;2021-08;12;12;13.0;9768.645;False
8803829284865;2021-08-02;2021-08;8;8;8.0;14372.37;False
8803829350401;2021-08-12;2021-08;1;1;1.0;813.33;False
8803829415937;2021-05-08;2021-05;1;1;1.0;933.03;False
8803829481473;2021-08-10;2021-08;2;2;2.0;2057.58;False
8803829547009;2021-07-07;2021-07;1;1;6.0;7752.51;False
8803829612545;2021-08-18;2021-08;3;3;6.0;19529.1;False
8803829678081;2021-08-18;2021-08;3;3;6.0;15220.44;False
8803859070977;2021-08-15;2021-08;2;2;2.0;3254.4;False
8803859136513;2021-08-27;2021-08;1;1;1.0;127.8;False
8803859202049;2021-10-26;2021-10;2;2;2.0;238.41;False
8803859267585;2021-10-18;2021-10;1;1;1.0;143.145;False
8803859398657;2022-01-07;2022-01;1;1;1.0;138.33;False
8803859464193;2022-05-18;2022-05;1;1;1.0;214.965;False
8803859529729;2022-01-12;2022-01;1;1;1.0;167.085;False
8803859660801;2021-11-26;2021-11;1;1;1.0;10249.515;False
8803859726337;2021-05-17;2021-05;2;2;3.0;5521.23;False
8803859791873;2020-12-22;2020-12;1;1;4.0;4785.3;False
8803859857409;2021-11-01;2021-11;9;9;29.0;91613.61;False
8803859922945;2021-08-13;2021-08;3;3;10.0;25846.2;False
8803896295425;2021-05-03;2021-05;3;3;3.0;4383.675;False
8803896524801;2021-03-30;2021-03;1;1;4.0;10798.02;False
8803896590337;2021-09-20;2021-09;3;3;5.0;28721.025;False
8803896655873;2021-08-09;2021-08;2;2;5.0;23933.7;False
8803896721409;2021-09-23;2021-09;1;1;1.0;6031.44;False
8803896852481;2021-09-06;2021-09;4;4;8.0;33606.315;False
8803896918017;2020-12-07;2020-12;1;1;2.0;10164.15;False
8803896983553;2021-08-05;2021-08;1;1;4.0;17798.04;False
8803897049089;2021-10-25;2021-10;1;1;4.0;40197.96;False
8803897114625;2022-05-28;2022-05;1;1;2.0;16874.01;False
8803897180161;2021-09-16;2021-09;1;1;4.0;21598.02;False
8803897245697;2021-09-16;2021-09;3;3;7.0;76646.43;False
8803897311233;2022-06-17;2022-06;1;1;1.0;2198.34;False
8803897376769;2021-09-29;2021-09;1;1;1.0;2417.085;False
8803897442305;2020-12-02;2020-12;1;1;2.0;6749.01;False
8803897507841;2020-09-09;2020-09;1;1;4.0;4450.5;False
8803897606145;2021-09-13;2021-09;3;3;6.0;15651.36;False
8803897671681;2021-07-30;2021-07;1;1;1.0;2699.505;False
8803897737217;2021-06-14;2021-06;1;1;2.0;6605.46;False
8803897802753;2021-02-22;2021-02;1;1;4.0;8998.02;False
8803897868289;2021-11-08;2021-11;3;3;11.0;56044.395;False
8803897901057;2021-06-03;2021-06;2;2;4.0;15012.0;False
8803924606977;2021-09-17;2021-09;1;1;4.0;21061.98;False
8803925098497;2020-10-26;2020-10;1;1;4.0;15125.76;False
8803925229569;2021-05-31;2021-05;1;1;4.0;17598.06;False
8803925295105;2021-09-30;2021-09;1;1;1.0;5504.85;False
8803957374977;2021-05-22;2021-05;3;3;12.0;69951.6;False
8803990142977;2021-04-18;2021-04;2;2;2.0;7430.94;False
8803990175745;2021-05-30;2021-05;1;1;4.0;9522.0;False
8803990208513;2021-10-22;2021-10;2;2;2.0;2320.74;False
8803990274049;2021-07-03;2021-07;1;1;2.0;19530.99;False
8803990306817;2022-05-24;2022-05;1;1;4.0;56554.74;False
8803990339585;2021-10-12;2021-10;8;8;25.0;172897.38;False
8803990372353;2021-11-18;2021-11;1;1;2.0;17692.2;False
8803990437889;2022-01-07;2022-01;1;1;2.0;4359.69;False
8803990470657;2021-10-14;2021-10;6;6;21.0;137177.55;False
8803990503425;2021-06-15;2021-06;1;1;1.0;8369.55;False
8803990536193;2021-12-27;2021-12;1;1;4.0;22390.2;False
8803990601729;2021-11-03;2021-11;2;2;2.0;24848.1;False
8803990634497;2021-10-04;2021-10;12;12;37.0;144654.03;False
8803990667265;2021-06-06;2021-06;1;1;4.0;15370.2;False
8803990700033;2022-05-18;2022-05;2;2;6.0;23406.3;False
8803990765569;2021-11-13;2021-11;1;1;2.0;9440.1;False
8803990798337;2021-10-21;2021-10;1;1;4.0;10618.2;False
8803990863873;2021-12-05;2021-12;1;1;4.0;18808.2;False
8803990929409;2021-12-10;2021-12;2;2;8.0;37724.4;False
8803990962177;2021-12-21;2021-12;4;4;8.0;29516.4;False
8803990994945;2021-04-30;2021-04;1;1;4.0;10258.2;False
8803991027713;2021-10-20;2021-10;2;2;3.0;10083.15;False
8803991060481;2021-06-10;2021-06;1;1;4.0;16648.2;False
8803991093249;2021-06-20;2021-06;1;1;2.0;6479.1;False
8803991126017;2021-06-09;2021-06;3;3;8.0;18140.4;False
8803991158785;2021-10-13;2021-10;3;3;7.0;60791.85;False
8803991191553;2022-04-30;2022-04;1;1;4.0;42838.2;False
8803991322625;2022-06-04;2022-06;2;2;8.0;89712.18;False
8803991355393;2021-12-19;2021-12;2;2;8.0;89456.4;False
8803991420929;2021-11-01;2021-11;4;4;13.0;148525.65;False
8803991453697;2021-06-08;2021-06;2;2;8.0;45595.8;False
8803991486465;2021-10-18;2021-10;1;1;1.0;1399.5;False
8803991519233;2021-10-18;2021-10;1;1;1.0;1449.495;False
8803991552001;2021-11-13;2021-11;5;5;5.0;36793.755;False
8803991584769;2021-11-04;2021-11;2;2;3.0;7285.815;False
8803991617537;2022-03-15;2022-03;1;1;1.0;2556.315;False
8803991650305;2021-10-22;2021-10;2;2;2.0;2105.46;False
8803991683073;2021-08-28;2021-08;1;1;1.0;1052.73;False
8803991715841;2021-10-25;2021-10;4;4;4.0;6891.66;False
8803991748609;2021-06-21;2021-06;1;1;1.0;1374.525;False
8803991781377;2021-11-24;2021-11;1;1;4.0;100150.2;False
8803991846913;2020-08-02;2020-08;1;1;4.0;8179.74;False
8803991879681;2021-09-25;2021-09;1;1;4.0;13798.08;False
8803991912449;2021-08-30;2021-08;1;1;1.0;3999.51;False
8803991977985;2021-02-04;2021-02;1;1;6.0;28496.88;False
8803992010753;2020-08-24;2020-08;1;1;4.0;15700.14;False
8803992043521;2021-06-30;2021-06;1;1;2.0;9999.0;False
8803992076289;2021-05-05;2021-05;1;1;3.0;11548.44;False
8803992109057;2020-08-10;2020-08;1;1;6.0;43082.28;False
8803992141825;2021-09-21;2021-09;1;1;5.0;5383.35;False
8803992174593;2021-10-22;2021-10;1;1;1.0;1028.79;False
8803992207361;2021-06-18;2021-06;1;1;1.0;749.52;False
8803992240129;2021-07-29;2021-07;1;1;1.0;1159.29;False
8803992272897;2021-10-24;2021-10;4;4;4.0;6630.975;False
8803992305665;2021-09-24;2021-09;1;1;1.0;1866.555;False
8803992338433;2021-09-30;2021-09;1;1;5.0;1433.7;False
8803992371201;2021-05-26;2021-05;1;1;1.0;406.44;False
8803992403969;2021-06-10;2021-06;2;2;2.0;926.55;False
8803992436737;2021-10-22;2021-10;2;2;2.0;1587.825;False
8803992469505;2021-06-12;2021-06;2;2;2.0;1052.19;False
8803992502273;2021-07-11;2021-07;1;1;2.0;8616.06;False
8803992535041;2021-04-27;2021-04;1;1;4.0;38678.94;False
8803992567809;2021-09-12;2021-09;2;2;2.0;8616.06;False
8803992600577;2021-10-27;2021-10;1;1;2.0;13499.01;False
8803992633345;2021-10-12;2021-10;2;2;5.0;34774.92;False
8803992666113;2021-06-12;2021-06;3;3;12.0;48070.62;False
8803992731649;2022-05-06;2022-05;1;1;1.0;181.485;False
8804057284609;2020-02-20;2020-02;1;1;1.0;6317.28;False
8804057317377;2021-02-03;2021-02;1;1;1.0;5455.62;False
8804057350145;2021-02-04;2021-02;1;1;1.0;5997.96;False
8804057382913;2021-04-17;2021-04;1;1;1.0;6700.14;False
8804057415681;2021-03-04;2021-03;1;1;1.0;9275.895;False
8804057513985;2021-08-13;2021-08;1;1;4.0;21402.0;False
8804057579521;2021-08-26;2021-08;1;1;1.0;4090.5;False
8804057645057;2021-09-30;2021-09;1;1;1.0;3235.5;False
8804057710593;2021-09-19;2021-09;1;1;1.0;4360.5;False
8804057776129;2021-08-27;2021-08;1;1;1.0;4225.5;False
8804057841665;2021-04-10;2021-04;1;1;4.0;26998.2;False
8804057907201;2021-08-21;2021-08;1;1;2.0;8811.0;False
8804057972737;2021-07-21;2021-07;1;1;4.0;10020.6;False
8804058071041;2021-10-12;2021-10;9;9;19.0;101659.5;False
8804058136577;2021-10-03;2021-10;22;22;68.0;293129.46;False
8804058202113;2021-06-22;2021-06;1;1;1.0;4900.5;False
8804058267649;2021-10-02;2021-10;9;9;29.0;150889.5;False
8804058333185;2020-07-01;2020-07;1;1;1.0;5170.5;False
8804058398721;2020-12-08;2020-12;1;1;5.0;17997.525;False
8804058464257;2021-05-11;2021-05;1;1;4.0;43894.26;False
8804058562561;2021-04-21;2021-04;1;1;1.0;3733.56;False
8804058628097;2020-09-30;2020-09;1;1;4.0;5359.86;False
8804059709441;2021-10-11;2021-10;3;3;10.0;127887.75;False
8804059840513;2020-06-13;2020-06;1;1;5.0;10747.575;False
8804059906049;2021-10-18;2021-10;2;2;5.0;18189.0;False
8804059971585;2021-06-17;2021-06;1;1;1.0;8499.51;False
8804060037121;2021-02-05;2021-02;1;1;1.0;7198.02;False
8804121640961;2021-06-03;2021-06;3;3;7.0;28337.445;False
8804121673729;2022-02-06;2022-02;1;1;1.0;17649.495;False
8804121903105;2021-11-17;2021-11;7;7;32.0;124935.3;False
8804122001409;2021-07-12;2021-07;2;2;6.0;17547.03;False
8804122099713;2021-06-11;2021-06;1;1;4.0;17384.4;False
8804122132481;2021-04-21;2021-04;1;1;4.0;15125.76;False
8804122165249;2021-06-04;2021-06;3;3;10.0;44995.05;False
8804122198017;2021-09-25;2021-09;1;1;4.0;19998.0;False
8804122230785;2020-12-21;2020-12;1;1;1.0;5983.56;False
8804122263553;2021-04-10;2021-04;1;1;4.0;8998.02;False
8804122296321;2021-09-17;2021-09;1;1;4.0;6173.1;False
8804122361857;2021-04-24;2021-04;1;1;6.0;7974.18;False
8804122394625;2021-05-20;2021-05;1;1;2.0;2658.06;False
8804122460161;2021-05-09;2021-05;4;4;16.0;29592.54;False
8804122492929;2022-06-03;2022-06;1;1;2.0;4089.87;False
8804122525697;2021-06-17;2021-06;1;1;4.0;29998.08;False
8804122853377;2022-02-10;2022-02;1;1;1.0;2906.595;False
8804188389377;2021-06-12;2021-06;1;1;1.0;924.48;False
8804188454913;2021-05-25;2021-05;1;1;1.0;1435.68;False
8804188487681;2020-08-30;2020-08;1;1;1.0;524.52;False
8804188520449;2021-07-12;2021-07;1;1;1.0;1255.05;False
8804188553217;2021-05-29;2021-05;1;1;1.0;1076.67;False
8804188585985;2021-07-28;2021-07;1;1;1.0;1099.485;False
8804188618753;2021-10-04;2021-10;5;5;16.0;66592.08;False
8804188651521;2021-02-05;2021-02;1;1;1.0;1124.505;False
8804188684289;2021-10-29;2021-10;1;1;1.0;3199.5;False
8804188717057;2021-09-12;2021-09;1;1;1.0;474.48;False
8804188749825;2021-05-21;2021-05;1;1;2.0;1243.71;False
8804188782593;2021-06-23;2021-06;1;1;1.0;526.095;False
8804188815361;2021-06-21;2021-06;1;1;1.0;499.5;False
8804188848129;2021-10-04;2021-10;6;6;12.0;134462.16;False
8804188880897;2021-06-10;2021-06;1;1;1.0;474.48;False
8804188913665;2021-07-25;2021-07;1;1;1.0;494.55;False
8804188946433;2021-07-17;2021-07;1;1;1.0;526.095;False
8804188979201;2021-06-08;2021-06;2;2;2.0;1025.595;False
8804189011969;2021-08-27;2021-08;2;2;2.0;1319.22;False
8804189044737;2021-07-04;2021-07;2;2;2.0;1173.645;False
8804189077505;2022-07-13;2022-07;4;4;6.0;24297.03;False
8804189110273;2021-02-24;2021-02;1;1;4.0;5646.96;False
8804189143041;2021-08-24;2021-08;1;1;1.0;699.48;False
8804189175809;2021-06-13;2021-06;2;2;6.0;14679.45;False
8804189208577;2020-08-30;2020-08;1;1;1.0;599.49;False
8804189241345;2021-05-28;2021-05;1;1;4.0;6729.12;False
8804189274113;2021-04-24;2021-04;1;1;1.0;861.21;False
8804189306881;2021-06-21;2021-06;1;1;1.0;699.48;False
8804189339649;2020-05-01;2020-05;1;1;4.0;5168.34;False
8804189372417;2020-08-30;2020-08;1;1;4.0;5398.02;False
8804189405185;2020-12-25;2020-12;1;1;4.0;7849.08;False
8804189437953;2021-06-16;2021-06;1;1;1.0;1387.8;False
8804189470721;2021-07-21;2021-07;1;1;4.0;18816.12;False
8804189503489;2021-05-22;2021-05;1;1;1.0;868.815;False
8804189536257;2021-02-09;2021-02;2;2;3.0;5814.99;False
8804189569025;2021-08-22;2021-08;1;1;1.0;2536.74;False
8804189601793;2021-05-14;2021-05;2;2;7.0;25896.465;False
8804189634561;2021-07-21;2021-07;1;1;1.0;2081.97;False
8804189667329;2022-06-17;2022-06;2;2;8.0;170586.72;False
8804189700097;2021-06-09;2021-06;3;3;8.0;61524.27;False
8804189732865;2021-07-20;2021-07;1;1;1.0;799.515;False
8804189765633;2021-10-19;2021-10;1;1;1.0;954.63;False
8804189798401;2021-10-19;2021-10;2;2;2.0;25467.21;False
8804192452609;2021-09-23;2021-09;1;1;4.0;14382.0;False
8804192518145;2021-10-11;2021-10;4;4;13.0;73066.5;False
8804192583681;2021-06-14;2021-06;1;1;2.0;9171.0;False
8804192649217;2021-10-11;2021-10;13;13;42.0;271701.0;False
8804192714753;2021-05-12;2021-05;3;3;7.0;16971.48;False
8804192780289;2020-11-29;2020-11;1;1;6.0;7667.46;False
8804192845825;2021-04-27;2021-04;1;1;4.0;6594.12;False
8804192911361;2021-04-08;2021-04;1;1;1.0;1499.49;False
8804192976897;2021-04-28;2021-04;1;1;2.0;4998.96;False
8804219518977;2021-06-25;2021-06;1;1;2.0;3998.16;False
8804219584513;2021-12-30;2021-12;1;1;1.0;1712.565;False
8804219617281;2020-11-25;2020-11;1;1;3.0;6126.165;False
8804219650049;2021-07-24;2021-07;1;1;2.0;9711.0;False
8804219682817;2021-11-24;2021-11;1;1;1.0;3545.01;False
8804386209793;2021-10-21;2021-10;1;1;1.0;1183.725;False
8804387454977;2022-06-03;2022-06;1;1;4.0;11533.68;False
8804387520513;2022-05-16;2022-05;1;1;4.0;13528.44;False
8804389257217;2021-12-29;2021-12;1;1;8.0;12756.195;False
8804389289985;2022-01-04;2022-01;1;1;2.0;3846.42;False
8804397744129;2022-01-29;2022-01;1;1;1.0;1572.66;False
8804397809665;2021-12-29;2021-12;1;1;7.0;10678.455;False
8804397842433;2022-01-05;2022-01;3;3;104.0;181420.245;False
8804397907969;2021-12-21;2021-12;3;3;9.0;13158.0;False
8804397940737;2022-02-03;2022-02;1;1;4.0;7102.08;False
8804402561025;2022-02-14;2022-02;1;1;4.0;10556.82;False
8804403347457;2021-11-16;2021-11;1;1;3.0;5384.205;False
8804403478529;2022-01-05;2022-01;5;5;64.0;103260.06;False
8804403511297;2022-03-08;2022-03;1;1;2.0;2715.21;False
8804403544065;2021-12-28;2021-12;1;1;4.0;7015.86;False
8804411277313;2022-01-03;2022-01;1;1;4.0;8262.0;False
8804411473921;2022-07-05;2022-07;1;1;2.0;5951.115;False
8804411867137;2022-07-22;2022-07;2;2;16.0;38224.8;False
8804420812801;2022-01-31;2022-01;1;1;2.0;27930.69;False
8804432281601;2021-10-21;2021-10;1;1;1.0;47168.415;False
8804435001345;2021-12-28;2021-12;1;1;10.0;17872.92;False
8804435034113;2021-10-21;2021-10;1;1;1.0;1304.55;False
8804435492865;2022-06-22;2022-06;1;1;1.0;2690.46;False
8804435656705;2022-07-15;2022-07;1;1;1.0;1978.2;False
8804442341377;2022-01-04;2022-01;1;2;6.0;11717.55;False
8804443062273;2022-05-24;2022-05;1;1;1.0;11743.92;False
8804444405761;2022-01-28;2022-01;1;1;4.0;37351.44;False
8804444536833;2022-06-03;2022-06;2;2;9.0;111591.27;False
8804447518721;2022-02-21;2022-02;1;1;2.0;6924.69;False
8804456628225;2022-03-02;2022-03;1;1;4.0;11878.38;False
8804457545729;2022-05-02;2022-05;1;1;2.0;6801.93;False
8804457611265;2022-03-30;2022-03;1;1;1.0;1970.1;False
8804457742337;2022-03-02;2022-03;1;1;2.0;4497.21;False
8804457775105;2021-12-17;2021-12;1;1;3.0;5647.365;False
8804457840641;2022-02-16;2022-02;2;2;6.0;24317.415;False
8804459577345;2022-01-20;2022-01;1;1;4.0;7474.005;False
8804459610113;2022-06-29;2022-06;1;1;4.0;7119.99;False
8804459642881;2021-12-24;2021-12;1;1;6.0;14881.77;False
8804459708417;2022-03-07;2022-03;1;1;2.0;3689.91;False
8804459741185;2022-02-15;2022-02;2;4;12.0;20097.45;False
8804459773953;2022-06-29;2022-06;1;1;1.0;2023.29;False
8804459905025;2022-01-12;2022-01;1;1;4.0;12186.0;False
8804460036097;2022-02-01;2022-02;1;1;2.0;6308.865;False
8804460134401;2022-02-15;2022-02;2;2;21.0;45030.465;False
8804460986369;2022-01-14;2022-01;1;1;1.0;2450.52;False
8804461117441;2022-02-16;2022-02;1;1;1.0;3097.215;False
8804461477889;2022-03-30;2022-03;1;1;36.0;471847.68;False
8804461936641;2021-12-30;2021-12;1;1;2.0;3627.0;False
8804462624769;2022-01-07;2022-01;1;1;4.0;14264.1;False
8804462657537;2021-12-09;2021-12;2;2;2.0;3541.59;False
8804462755841;2022-02-23;2022-02;1;1;2.0;22647.465;False
8804462854145;2022-03-26;2022-03;1;1;2.0;4616.91;False
8804462952449;2022-06-13;2022-06;1;1;1.0;1843.065;False
8804462985217;2021-12-28;2021-12;1;1;2.0;16929.0;False
8804463017985;2022-06-09;2022-06;1;1;4.0;8476.65;False
8804463116289;2022-01-10;2022-01;1;1;4.0;9604.125;False
8804463247361;2022-06-01;2022-06;1;1;10.0;66041.82;False
8804463607809;2022-01-10;2022-01;1;1;1.0;1759.635;False
8804464852993;2022-06-14;2022-06;1;1;5.0;28664.55;False
8804464984065;2022-06-07;2022-06;1;1;10.0;83790.0;False
8804465049601;2022-02-23;2022-02;1;1;1.0;3312.0;False
8804465115137;2022-01-04;2022-01;1;1;4.0;26064.0;False
8804468359169;2021-10-21;2021-10;1;1;1.0;2488.905;False
8804468490241;2022-02-11;2022-02;1;1;2.0;8349.75;False
8804469506049;2022-06-30;2022-06;1;1;4.0;9137.61;False
8804469899265;2022-01-31;2022-01;1;1;4.0;8179.92;False
8804470259713;2021-12-20;2021-12;1;1;31.0;296793.225;False
8804470292481;2022-03-07;2022-03;1;1;1.0;4355.865;False
8804470358017;2022-07-26;2022-07;1;1;1.0;1670.31;False
8804470718465;2022-05-18;2022-05;1;1;1.0;2646.27;False
8804470751233;2022-04-09;2022-04;1;1;1.0;2560.995;False
8804470882305;2021-10-21;2021-10;1;1;1.0;6270.795;False
8804470915073;2021-10-21;2021-10;1;1;1.0;7036.74;False
8804470947841;2021-12-21;2021-12;1;1;4.0;6103.08;False
8804471341057;2021-12-10;2021-12;3;3;106.0;1062893.475;False
8804471439361;2022-05-06;2022-05;2;2;10.0;26313.03;False
8804471701505;2022-01-14;2022-01;3;3;7.0;12675.825;False
8804471767041;2022-06-29;2022-06;1;1;4.0;10243.98;False
8804471865345;2022-06-15;2022-06;1;1;3.0;9917.145;False
8804473765889;2022-05-02;2022-05;1;1;2.0;6536.88;False
8804473864193;2021-10-21;2021-10;1;1;1.0;6079.32;False
8804473896961;2022-01-10;2022-01;1;1;1.0;18186.705;False
8804474355713;2021-12-31;2021-12;1;1;2.0;2625.48;False
8804474421249;2022-04-19;2022-04;1;1;1.0;2557.935;False
8804474552321;2022-03-16;2022-03;1;1;2.0;5625.27;False
8804474585089;2022-06-29;2022-06;1;1;22.0;50460.705;False
8804475043841;2022-01-06;2022-01;1;1;4.0;17653.68;False
8804475109377;2022-06-01;2022-06;1;1;2.0;9419.985;False
8804475142145;2022-03-11;2022-03;1;1;1.0;2591.55;False
8804475174913;2021-12-31;2021-12;1;1;4.0;12411.36;False
8804475273217;2022-01-03;2022-01;1;1;1.0;3829.32;False
8804475568129;2022-07-07;2022-07;1;1;2.0;5580.45;False
8804475633665;2021-12-03;2021-12;1;1;1.0;13310.415;False
8804475699201;2022-02-03;2022-02;1;1;4.0;45795.96;False
8804475797505;2022-01-28;2022-01;1;1;4.0;46113.93;False
8804475863041;2021-10-21;2021-10;2;2;2.0;5456.52;False
8804475928577;2022-03-30;2022-03;1;1;4.0;17869.86;False
8804476649473;2022-04-01;2022-04;1;1;2.0;20732.94;False
8804476977153;2022-01-07;2022-01;2;2;2.0;2592.0;False
8804477206529;2022-01-04;2022-01;2;2;3.0;4821.12;False
8804477370369;2022-02-01;2022-02;1;1;4.0;6281.82;False
8804478025729;2022-04-12;2022-04;1;1;4.0;14724.54;False
8804478320641;2021-10-21;2021-10;1;1;1.0;8137.8;False
8804478517249;2022-02-23;2022-02;1;1;2.0;22109.805;False
8804478812161;2022-05-18;2022-05;1;1;4.0;122551.2;False
8804478877697;2021-12-03;2021-12;1;1;1.0;20460.6;False
8804479008769;2022-07-07;2022-07;1;1;2.0;22561.02;False
8804479074305;2021-11-16;2021-11;1;1;1.0;33327.0;False
8804479533057;2021-12-21;2021-12;1;1;2.0;5867.28;False
8804479598593;2021-12-21;2021-12;1;1;2.0;4353.57;False
8804479664129;2022-01-26;2022-01;1;1;1.0;2409.3;False
8804480057345;2022-02-15;2022-02;1;1;4.0;11645.82;False
8804483006465;2022-05-30;2022-05;1;1;4.0;6751.44;False
8804483104769;2022-06-03;2022-06;1;1;4.0;11645.46;False
8804483170305;2022-06-20;2022-06;1;1;2.0;3145.365;False
8804483235841;2022-05-24;2022-05;1;1;1.0;2513.745;False
8804485365761;2022-07-04;2022-07;1;1;2.0;5244.21;False
8804485955585;2021-12-09;2021-12;1;1;1.0;4786.74;False
8804489166849;2022-05-02;2022-05;1;1;1.0;1800.765;False
8804490412033;2022-02-09;2022-02;1;1;4.0;15284.88;False
8804491755521;2022-04-28;2022-04;1;1;4.0;10733.76;False
8804491919361;2021-12-29;2021-12;1;1;3.0;5796.855;False
8804492214273;2021-12-28;2021-12;2;2;8.0;32607.36;False
8804492247041;2022-01-27;2022-01;1;1;2.0;8032.95;False
8804492312577;2021-11-16;2021-11;1;1;1.0;10233.0;False
8804492738561;2022-05-17;2022-05;1;1;1.0;11946.195;False
8804492804097;2022-02-16;2022-02;1;1;2.0;17636.85;False
8804492935169;2021-12-16;2021-12;2;2;36.0;397234.845;False
8804493885441;2021-12-03;2021-12;2;2;2.0;6084.36;False
8804493950977;2022-03-07;2022-03;1;1;4.0;14578.2;False
8804494016513;2022-06-22;2022-06;1;1;2.0;7983.99;False
8804494868481;2022-03-30;2022-03;1;1;5.0;303162.075;False
8804495654913;2022-01-17;2022-01;1;1;2.0;19434.06;False
8804495687681;2021-12-15;2021-12;1;1;1.0;3591.0;False
8804495851521;2022-07-15;2022-07;1;1;1.0;3221.955;False
8804496179201;2022-01-27;2022-01;1;1;1.0;2097.0;False
8804496310273;2022-02-23;2022-02;1;1;2.0;12159.585;False
8804496605185;2021-12-17;2021-12;1;1;2.0;6867.0;False
8804496637953;2022-01-24;2022-01;1;1;4.0;25156.98;False
8804496932865;2022-01-03;2022-01;2;2;5.0;7042.5;False
8804497457153;2022-03-11;2022-03;1;1;2.0;19890.0;False
8804501782529;2022-02-10;2022-02;1;1;2.0;3525.48;False
8804504109057;2022-03-10;2022-03;1;1;1.0;1430.955;False
8804504338433;2021-12-22;2021-12;1;1;2.0;18378.0;False
8804504371201;2022-02-07;2022-02;2;2;14.0;126241.02;False
8804504436737;2022-01-05;2022-01;1;1;1.0;3087.0;False
8804509483009;2022-01-18;2022-01;1;1;4.0;103235.94;False
8804509777921;2022-01-15;2022-01;1;1;4.0;6365.79;False
8804509908993;2021-11-16;2021-11;1;1;1.0;1350.0;False
8804509941761;2021-12-21;2021-12;3;3;14.0;23735.61;False
8804511744001;2022-03-08;2022-03;2;2;8.0;18178.56;False
8804511973377;2022-01-14;2022-01;2;2;8.0;37796.4;False
8804512727041;2022-02-03;2022-02;1;1;2.0;7908.93;False
8804512792577;2022-02-09;2022-02;1;1;5.0;23587.65;False
8804522196993;2022-01-10;2022-01;1;1;1.0;1278.0;False
8804522229761;2021-12-21;2021-12;3;3;4.0;5462.73;False
8804522262529;2021-12-20;2021-12;1;1;1.0;1378.71;False
8804522295297;2022-01-27;2022-01;1;1;1.0;4768.875;False
8804522328065;2022-01-05;2022-01;1;1;2.0;2857.905;False
8804522557441;2022-02-17;2022-02;1;1;1.0;2616.705;False
8804522655745;2021-12-10;2021-12;1;1;2.0;5454.0;False
8804522754049;2022-01-05;2022-01;1;1;2.0;3096.765;False
8804522786817;2021-12-21;2021-12;2;2;8.0;13181.76;False
8804522885121;2022-04-05;2022-04;1;1;4.0;13814.82;False
8804522917889;2021-12-24;2021-12;1;1;2.0;3181.14;False
8804522950657;2022-02-23;2022-02;1;1;4.0;6430.5;False
8804522983425;2021-12-21;2021-12;1;1;4.0;5839.56;False
8804523016193;2021-12-21;2021-12;2;2;6.0;9419.22;False
8804523048961;2021-12-24;2021-12;1;1;3.0;4142.7;False
8804523081729;2021-12-21;2021-12;1;1;4.0;5288.94;False
8804523245569;2022-05-26;2022-05;2;2;6.0;12405.42;False
8804523835393;2022-05-02;2022-05;1;1;1.0;2766.06;False
8804523900929;2021-12-17;2021-12;1;1;1.0;1762.56;False
8804523933697;2022-03-15;2022-03;1;1;1.0;1559.205;False
8804525998081;2022-06-14;2022-06;1;1;1.0;4387.185;False
8804526718977;2022-01-12;2022-01;1;1;4.0;6768.0;False
8804526784513;2022-06-30;2022-06;1;1;4.0;7214.535;False
8804526882817;2022-02-23;2022-02;1;1;1.0;2070.675;False
8804526981121;2022-01-26;2022-01;1;1;4.0;8665.92;False
8804527046657;2021-12-09;2021-12;1;1;1.0;2114.595;False
8804527079425;2022-01-27;2022-01;1;1;4.0;9799.2;False
8804530323457;2022-05-06;2022-05;2;2;43.0;157693.14;False
8804530388993;2022-01-04;2022-01;1;1;6.0;23991.48;False
8804530421761;2022-03-30;2022-03;1;1;2.0;7433.46;False
8804543430657;2022-01-06;2022-01;1;1;4.0;1260.0;False
8804544249857;2022-01-25;2022-01;1;1;4.0;12448.08;False
8804554637313;2022-05-03;2022-05;1;1;2.0;3337.92;False
8804557553665;2021-12-09;2021-12;1;1;2.0;908.64;False
8804557783041;2021-11-16;2021-11;1;1;1.0;481.5;False
8804557848577;2021-11-16;2021-11;1;1;3.0;1565.865;False
8804557881345;2021-12-09;2021-12;2;2;9.0;4386.285;False
8804557914113;2021-12-09;2021-12;1;1;1.0;837.27;False
8804557946881;2021-12-09;2021-12;1;1;2.0;1913.94;False
8804558045185;2021-12-09;2021-12;1;1;1.0;11103.48;False
8804558929921;2022-03-30;2022-03;1;1;8.0;68908.32;False
8804558995457;2021-12-17;2021-12;1;1;1.0;6070.5;False
8804559028225;2022-01-28;2022-01;1;1;1.0;3961.035;False
8804562239489;2021-12-09;2021-12;1;1;4.0;21146.4;False
8804565680129;2021-12-10;2021-12;1;1;2.0;9573.48;False
8804569972737;2022-02-08;2022-02;1;1;1.0;505.89;False
8804570005505;2022-01-25;2022-01;1;1;10.0;5795.1;False
8804570169345;2022-04-22;2022-04;1;1;4.0;5269.14;False
8804570202113;2022-01-11;2022-01;1;1;2.0;2680.56;False
8804570693633;2022-01-14;2022-01;2;2;5.0;29722.725;False
8804572364801;2022-01-14;2022-01;1;1;1.0;10255.5;False
8804576821249;2022-05-24;2022-05;1;1;20.0;170564.4;False
8804578721793;2021-12-27;2021-12;1;1;1.0;1459.62;False
8804578754561;2021-12-29;2021-12;1;1;5.0;7055.1;False
8804578787329;2022-07-21;2022-07;2;2;48.0;66307.5;False
8804578885633;2021-12-29;2021-12;1;1;4.0;6351.705;False
8804578918401;2021-12-21;2021-12;1;1;10.0;13540.5;False
8804579180545;2022-04-09;2022-04;1;1;4.0;6375.15;False
8804579213313;2022-01-10;2022-01;1;1;4.0;5540.85;False
8804579311617;2021-12-29;2021-12;1;1;4.0;6435.945;False
8804581638145;2022-03-30;2022-03;1;1;10.0;41340.6;False
8804583899137;2022-05-06;2022-05;1;1;4.0;14855.76;False
8804583964673;2021-12-21;2021-12;1;1;2.0;9815.4;False
8804584259585;2022-02-09;2022-02;1;1;2.0;7677.99;False
8804588421121;2022-01-31;2022-01;1;1;1.0;2780.055;False
8804588584961;2022-02-15;2022-02;1;1;2.0;8226.18;False
8804591304705;2021-12-10;2021-12;1;1;1.0;19330.38;False
8804591534081;2022-01-15;2022-01;1;1;4.0;10006.92;False
8804592549889;2021-12-20;2021-12;1;1;12.0;111780.0;False
8804592648193;2022-06-26;2022-06;2;2;7.0;10087.875;False
8804592680961;2022-03-04;2022-03;1;1;60.0;79859.52;False
8804592975873;2022-04-02;2022-04;1;1;1.0;4337.55;False
8804593926145;2022-02-03;2022-02;1;1;1.0;2749.905;False
8804593958913;2022-03-02;2022-03;1;1;2.0;7011.0;False
8804593991681;2022-02-20;2022-02;1;1;2.0;10138.815;False
8804594221057;2022-06-29;2022-06;1;1;1.0;2660.265;False
8804595630081;2022-01-07;2022-01;1;1;1.0;1305.0;False
8804595662849;2022-04-21;2022-04;1;1;2.0;25200.0;False
8804595695617;2021-12-29;2021-12;1;1;4.0;6396.435;False
8804595728385;2022-05-28;2022-05;1;1;12.0;20494.17;False
8804595859457;2021-12-29;2021-12;1;1;4.0;5543.73;False
8804595892225;2022-07-21;2022-07;1;1;1.0;13391.19;False
8804596056065;2021-11-16;2021-11;1;1;1.0;12366.18;False
8804596154369;2021-12-20;2021-12;3;3;7.0;10632.96;False
8804596285441;2022-02-10;2022-02;1;1;4.0;7259.535;False
8804596318209;2021-12-23;2021-12;1;1;10.0;16248.6;False
8804596383745;2022-02-08;2022-02;1;1;1.0;1396.125;False
8804596547585;2022-01-04;2022-01;3;3;15.0;19658.835;False
8804596580353;2022-05-28;2022-05;1;1;8.0;14540.22;False
8804596613121;2021-12-29;2021-12;1;1;1.0;1663.11;False
8804596678657;2022-01-05;2022-01;1;1;2.0;3411.0;False
8804596711425;2021-12-16;2021-12;1;1;1.0;3397.5;False
8804596744193;2022-05-06;2022-05;1;2;22.0;49054.95;False
8804596776961;2021-12-28;2021-12;1;1;1.0;4139.595;False
8804596842497;2022-07-01;2022-07;1;1;4.0;10399.455;False
8804597104641;2022-04-11;2022-04;1;1;1.0;2564.01;False
8804597137409;2022-01-04;2022-01;1;1;2.0;3094.65;False
8804597170177;2022-05-25;2022-05;1;1;8.0;14834.835;False
8804597465089;2022-01-02;2022-01;1;1;4.0;5220.0;False
8804597497857;2022-02-15;2022-02;1;1;3.0;8710.605;False
8804597694465;2021-12-28;2021-12;1;1;1.0;2430.0;False
8804598022145;2021-12-14;2021-12;1;1;4.0;41254.92;False
8804598218753;2022-07-26;2022-07;1;1;1.0;3913.335;False
8804598480897;2021-12-21;2021-12;1;1;4.0;17289.0;False
8804598775809;2021-10-21;2021-10;1;1;1.0;3829.32;False
8804598808577;2021-12-27;2021-12;1;1;1.0;2084.49;False
8804599300097;2022-01-03;2022-01;1;1;3.0;21946.5;False
8804599595009;2022-02-11;2022-02;1;1;8.0;81558.0;False
8804599627777;2022-02-16;2022-02;1;1;1.0;2708.73;False
8804599660545;2022-02-11;2022-02;1;1;6.0;64260.0;False
8804599791617;2022-01-11;2022-01;1;1;1.0;1464.21;False
8804599857153;2022-07-22;2022-07;1;1;1.0;1368.81;False
8804599889921;2022-01-26;2022-01;1;1;1.0;5451.975;False
8804603396097;2022-05-24;2022-05;1;1;4.0;44075.385;False
8804603527169;2022-05-05;2022-05;2;2;4.0;97534.215;False
8804603789313;2022-06-08;2022-06;1;1;1.0;1453.275;False
8804605952001;2022-05-18;2022-05;1;1;4.0;65527.2;False
8804607328257;2022-02-21;2022-02;1;1;4.0;8458.38;False
8804607393793;2021-12-28;2021-12;2;2;14.0;22139.685;False
8804607426561;2021-11-16;2021-11;1;1;1.0;1387.8;False
8804607557633;2022-01-28;2022-01;1;1;4.0;11188.935;False
8804607655937;2022-05-28;2022-05;1;1;12.0;21266.37;False
8804607688705;2022-07-26;2022-07;1;1;2.0;2568.375;False
8804608311297;2022-05-05;2022-05;1;1;4.0;9011.475;False
8804608802817;2022-01-19;2022-01;1;1;1.0;12298.77;False
8804608999425;2021-11-16;2021-11;1;1;2.0;28426.5;False
8804618698753;2021-12-24;2021-12;2;2;7.0;11371.86;False
8804618731521;2021-12-21;2021-12;1;1;4.0;7092.0;False
8804618895361;2021-12-24;2021-12;1;1;3.0;4494.825;False
8804620795905;2022-01-19;2022-01;2;2;3.0;31657.23;False
8804620861441;2022-01-06;2022-01;1;1;4.0;5733.0;False
8804622303233;2022-06-01;2022-06;1;1;40.0;57587.04;False
8804623220737;2022-05-28;2022-05;1;1;16.0;27758.115;False
8804623613953;2021-12-20;2021-12;1;1;1.0;3791.925;False
8804623646721;2021-12-03;2021-12;3;3;12.0;15950.97;False
8804626890753;2022-05-24;2022-05;1;1;4.0;95145.39;False
8804627120129;2021-12-21;2021-12;1;1;1.0;1212.84;False
8804627808257;2022-05-23;2022-05;1;1;2.0;17691.255;False
8804628103169;2022-01-17;2022-01;1;1;1.0;10058.265;False
8804628234241;2022-03-16;2022-03;1;1;4.0;6835.14;False
8804628627457;2022-05-18;2022-05;1;1;2.0;4433.31;False
8804629053441;2022-04-09;2022-04;1;1;4.0;7399.26;False
8804629413889;2022-05-03;2022-05;1;1;4.0;32978.7;False
8804640653313;2022-03-11;2022-03;2;2;9.0;62214.75;False
8804641603585;2022-05-06;2022-05;1;1;4.0;37746.9;False
8804641865729;2022-05-03;2022-05;1;1;4.0;31740.48;False
8804642127873;2022-05-18;2022-05;1;1;8.0;124155.0;False
8804643241985;2022-07-07;2022-07;1;1;2.0;5709.96;False
8804643602433;2022-01-21;2022-01;1;1;8.0;150955.92;False
8804643766273;2022-03-18;2022-03;1;1;2.0;1068.165;False
8804643864577;2021-12-10;2021-12;1;1;1.0;430.38;False
8804644192257;2021-12-18;2021-12;1;1;13.0;128026.665;False
8804644356097;2021-12-25;2021-12;1;1;2.0;18541.35;False
8804644552705;2022-01-05;2022-01;1;1;2.0;21095.64;False
8804646027265;2022-05-11;2022-05;1;2;54.0;209321.82;False
8804646125569;2022-01-26;2022-01;1;1;1.0;3526.515;False
8804654678017;2022-01-11;2022-01;1;1;1.0;1302.03;False
8804655169537;2022-01-12;2022-01;1;1;2.0;19108.62;False
8804657496065;2021-12-27;2021-12;1;1;1.0;1960.47;False
8804657922049;2021-12-09;2021-12;1;1;2.0;2153.34;False
8804657954817;2021-12-09;2021-12;1;1;1.0;1028.79;False
8804657987585;2022-01-31;2022-01;1;1;5.0;0.0;False
8804658020353;2021-12-09;2021-12;1;1;2.0;2440.53;False
8804658053121;2021-12-09;2021-12;1;1;3.0;4881.6;False
8804658085889;2021-12-09;2021-12;1;1;2.0;3733.11;False
8804658151425;2021-12-28;2021-12;1;1;1.0;486.0;False
8804658184193;2022-02-03;2022-02;2;2;3.0;1366.02;False
8804658216961;2021-12-09;2021-12;1;1;1.0;789.435;False
8804658249729;2021-12-03;2021-12;3;3;22.0;8948.61;False
8804658315265;2022-01-21;2022-01;1;1;4.0;42023.7;False
8804658446337;2022-06-20;2022-06;1;1;1.0;3600.0;False
8804658511873;2022-05-04;2022-05;1;1;1.0;17851.815;False
8804659822593;2021-12-29;2021-12;1;1;10.0;26142.93;False
8804660019201;2022-04-09;2022-04;1;1;2.0;3792.735;False
8804660510721;2021-12-27;2021-12;1;1;1.0;1292.67;False
8804660543489;2022-03-10;2022-03;2;2;8.0;6283.62;False
8804660609025;2021-12-28;2021-12;1;1;7.0;9434.88;False
8804660772865;2022-03-10;2022-03;2;2;12.0;10425.78;False
8804744200193;2022-05-03;2022-05;1;1;4.0;12180.78;False
8804744265729;2022-02-23;2022-02;1;1;2.0;19418.85;False
8804744560641;2022-01-14;2022-01;1;1;2.0;5919.93;False
8804744855553;2022-06-23;2022-06;1;1;3.0;13271.67;False
8804744921089;2022-02-24;2022-02;1;1;2.0;17135.28;False
8804745150465;2022-02-08;2022-02;1;1;1.0;7219.08;False
8804777525249;2022-01-28;2022-01;1;1;8.0;0.0;False
8804777623553;2022-04-07;2022-04;1;1;2.0;7830.54;False
8804777656321;2022-01-07;2022-01;1;1;1.0;3915.81;False
8804777689089;2022-04-29;2022-04;1;1;1.0;4063.5;False
8804778541057;2022-05-03;2022-05;1;1;2.0;43182.0;False
8805206327297;2021-10-23;2021-10;2;2;5.0;8547.57;False
8805206425601;2021-10-06;2021-10;1;1;4.0;9997.92;False
8805206556673;2020-12-22;2020-12;1;1;1.0;1533.6;False
8805206654977;2021-06-13;2021-06;2;2;6.0;11869.56;False
8805206753281;2020-12-02;2020-12;1;1;2.0;6598.98;False
8805206884353;2021-06-21;2021-06;1;1;2.0;3719.07;False
8805206949889;2021-06-07;2021-06;1;1;4.0;7198.02;False
8805208719361;2021-10-25;2021-10;2;2;3.0;7078.5;False
8805209276417;2021-10-29;2021-10;1;1;1.0;4799.52;False
8805209702401;2021-08-31;2021-08;1;1;4.0;23997.96;False
8805268094977;2021-06-11;2021-06;3;3;12.0;19334.88;False
8805268291585;2022-05-18;2022-05;1;1;2.0;80899.02;False
8805333630977;2021-11-24;2021-11;1;1;1.0;1474.515;False
8805333696513;2021-11-23;2021-11;2;2;2.0;3198.96;False
8805333827585;2021-08-15;2021-08;1;1;1.0;2149.02;False
8805334056961;2021-06-15;2021-06;1;1;4.0;7779.96;False
8805334188033;2021-03-18;2021-03;1;1;4.0;7666.2;False
8805334220801;2021-07-02;2021-07;1;1;4.0;8458.2;False
8805399166977;2022-05-18;2022-05;1;1;2.0;999.0;False
8805400281089;2021-11-22;2021-11;1;1;1.0;6799.5;False
8805400346625;2022-02-05;2022-02;1;1;1.0;17699.49;False
8805400412161;2022-05-02;2022-05;1;1;1.0;5499.495;False
8805400444929;2022-06-03;2022-06;4;4;4.0;10634.4;False
8805400477697;2022-06-19;2022-06;1;1;1.0;11760.84;False
8805400510465;2022-01-20;2022-01;1;1;1.0;9249.48;False
8805400543233;2021-12-18;2021-12;1;1;1.0;7749.495;False
8805400576001;2021-10-14;2021-10;1;1;4.0;32868.18;False
8805400641537;2021-12-10;2021-12;4;4;7.0;23446.395;False
8805400674305;2021-11-04;2021-11;1;1;2.0;7362.63;False
8805400707073;2022-05-19;2022-05;1;1;2.0;31798.98;False
8805400772609;2021-12-13;2021-12;1;1;1.0;20149.515;False
8805400805377;2022-03-20;2022-03;2;2;4.0;13179.96;False
8805400838145;2022-04-03;2022-04;1;1;1.0;8283.6;False
8805400870913;2021-12-18;2021-12;2;2;8.0;21196.08;False
8805400903681;2022-01-17;2022-01;1;1;2.0;23726.25;False
8805400936449;2021-11-18;2021-11;1;1;1.0;2249.505;False
8805401067521;2022-02-28;2022-02;1;1;2.0;7188.84;False
8805401133057;2022-01-25;2022-01;1;1;1.0;19599.48;False
8805401165825;2021-11-05;2021-11;4;4;6.0;27442.395;False
8805401231361;2021-11-18;2021-11;1;1;2.0;22599.0;False
8805401264129;2022-06-17;2022-06;1;1;2.0;10430.82;False
8805401296897;2022-02-10;2022-02;1;1;4.0;14997.96;False
8805401329665;2021-12-15;2021-12;1;1;1.0;9949.5;False
8805401362433;2021-12-09;2021-12;2;2;6.0;53097.12;False
8805401493505;2022-03-27;2022-03;1;1;1.0;12783.6;False
8805401559041;2021-11-22;2021-11;1;1;2.0;13998.96;False
8805401591809;2021-10-20;2021-10;2;2;4.0;51397.92;False
8805401624577;2021-12-17;2021-12;2;2;4.0;69197.94;False
8805401657345;2021-11-25;2021-11;1;1;1.0;19999.485;False
8805401690113;2022-06-28;2022-06;1;1;1.0;82738.125;False
8805401788417;2021-12-13;2021-12;8;8;14.0;62192.97;False
8805401821185;2021-10-02;2021-10;2;2;2.0;48798.99;False
8805401919489;2022-05-20;2022-05;1;1;1.0;38249.505;False
8805401952257;2022-04-13;2022-04;1;1;2.0;91021.68;False
8805401985025;2022-03-21;2022-03;1;1;1.0;20995.02;False
8805402083329;2022-05-24;2022-05;1;1;1.0;24899.49;False
8805402148865;2021-11-22;2021-11;3;3;7.0;103546.485;False
8805402181633;2022-01-12;2022-01;1;1;1.0;4049.505;False
8805402247169;2021-12-25;2021-12;4;4;8.0;55246.005;False
8805402279937;2022-03-31;2022-03;1;1;1.0;36101.745;False
8805402312705;2021-09-28;2021-09;1;1;1.0;9999.495;False
8805402378241;2022-05-16;2022-05;2;2;3.0;38248.47;False
8805402411009;2021-11-24;2021-11;1;1;1.0;4999.5;False
8805402509313;2021-10-25;2021-10;1;1;2.0;17498.97;False
8805402542081;2022-01-04;2022-01;2;2;4.0;18048.06;False
8805402607617;2022-04-12;2022-04;1;1;1.0;31749.48;False
8805402640385;2021-09-25;2021-09;1;1;1.0;8949.51;False
8805402673153;2022-07-14;2022-07;1;1;1.0;46022.22;False
8805402705921;2022-03-24;2022-03;1;1;1.0;7899.48;False
8805402738689;2021-08-15;2021-08;1;1;4.0;6598.08;False
8805402771457;2021-05-13;2021-05;1;1;4.0;10448.1;False
8805402804225;2021-08-26;2021-08;2;2;8.0;27195.84;False
8805402869761;2021-11-22;2021-11;1;1;6.0;47997.09;False
8805402935297;2021-11-30;2021-11;1;1;6.0;27596.97;False
8805402968065;2021-12-29;2021-12;1;1;1.0;28250.01;False
8805403000833;2021-11-26;2021-11;1;1;1.0;3527.91;False
8805403033601;2022-05-22;2022-05;2;2;7.0;14871.465;False
8805403066369;2022-04-12;2022-04;1;1;2.0;46298.97;False
8805403099137;2021-11-26;2021-11;1;1;1.0;19999.485;False
8805403131905;2021-11-01;2021-11;3;3;10.0;35195.13;False
8805403164673;2021-12-29;2021-12;1;1;1.0;4099.5;False
8805403197441;2022-06-27;2022-06;1;1;1.0;5499.495;False
8805403230209;2022-04-18;2022-04;1;1;2.0;12898.98;False
8805403262977;2022-03-30;2022-03;1;1;2.0;17283.06;False
8805403295745;2022-04-04;2022-04;1;1;2.0;38760.3;False
8805403328513;2022-05-05;2022-05;4;4;11.0;318994.335;False
8805403394049;2022-02-20;2022-02;1;1;1.0;22499.505;False
8805403426817;2022-07-08;2022-07;2;2;5.0;11779.47;False
8805403492353;2022-02-18;2022-02;1;1;1.0;24289.245;False
8805403525121;2022-07-01;2022-07;3;3;9.0;161074.98;False
8805403590657;2022-07-20;2022-07;1;1;1.0;22499.505;False
8805403623425;2022-05-26;2022-05;1;1;1.0;15335.775;False
8805403688961;2022-04-24;2022-04;1;1;2.0;35999.01;False
8805403721729;2022-06-07;2022-06;1;1;1.0;12399.48;False
8805403754497;2021-11-22;2021-11;1;1;2.0;130604.49;False
8805403820033;2022-07-10;2022-07;3;3;7.0;264882.87;False
8805403885569;2022-03-09;2022-03;1;1;3.0;9970.02;False
8805403951105;2022-02-02;2022-02;1;1;2.0;33749.01;False
8805403983873;2022-02-14;2022-02;1;1;1.0;23499.495;False
8805404999681;2022-04-27;2022-04;1;1;4.0;21492.0;False
8805405032449;2021-08-09;2021-08;1;1;2.0;7698.96;False
8805405065217;2021-12-09;2021-12;1;1;4.0;18597.96;False
8805405097985;2021-11-21;2021-11;2;2;4.0;19998.0;False
8805405229057;2022-07-18;2022-07;7;7;13.0;421520.895;False
8805405261825;2022-06-18;2022-06;1;1;1.0;6007.995;False
8805405294593;2021-12-19;2021-12;2;2;3.0;36275.715;False
8805405327361;2022-03-14;2022-03;2;2;3.0;54974.295;False
8805405360129;2022-06-15;2022-06;2;2;2.0;23010.3;False
8805405392897;2021-11-27;2021-11;3;3;7.0;48296.43;False
8805405425665;2021-06-15;2021-06;1;1;2.0;7698.96;False
8805405458433;2022-01-03;2022-01;1;1;1.0;7849.485;False
8805405523969;2021-12-22;2021-12;2;2;3.0;12298.5;False
8805405556737;2021-12-04;2021-12;2;2;4.0;15561.09;False
8805405589505;2021-09-21;2021-09;1;1;2.0;3514.05;False
8805405622273;2021-11-04;2021-11;5;5;17.0;84991.5;False
8805405687809;2021-07-19;2021-07;1;1;1.0;1534.095;False
8805405720577;2021-11-09;2021-11;16;17;18.0;26562.87;False
8805405753345;2021-10-18;2021-10;2;2;3.0;4937.085;False
8805405786113;2021-07-06;2021-07;1;1;1.0;1624.5;False
8805405818881;2021-06-04;2021-06;1;1;1.0;1524.51;False
8805405851649;2022-02-09;2022-02;4;4;4.0;6247.98;False
8805405884417;2021-11-05;2021-11;4;4;4.0;6548.625;False
8805405917185;2021-11-10;2021-11;33;34;35.0;60223.68;False
8805405949953;2021-05-25;2021-05;2;2;5.0;11090.07;False
8805405982721;2020-07-01;2020-07;1;1;4.0;9670.32;False
8805406015489;2021-07-18;2021-07;2;2;10.0;15670.8;False
8805406048257;2021-06-30;2021-06;1;1;4.0;6697.98;False
8805406146561;2021-11-30;2021-11;1;1;4.0;17197.92;False
8805406179329;2021-07-20;2021-07;1;1;4.0;17798.04;False
8805406212097;2021-11-28;2021-11;1;1;4.0;8077.5;False
8805406244865;2021-10-14;2021-10;1;1;4.0;23122.08;False
8805406277633;2022-01-10;2022-01;8;8;18.0;209818.215;False
8805406310401;2021-12-28;2021-12;1;1;1.0;6195.015;False
8805406343169;2021-11-18;2021-11;4;4;8.0;38596.05;False
8805406375937;2021-09-06;2021-09;2;2;8.0;12034.26;False
8805406408705;2021-06-23;2021-06;1;1;2.0;2799.0;False
8805406441473;2021-10-21;2021-10;2;2;3.0;6898.5;False
8805406474241;2021-08-04;2021-08;1;1;2.0;3998.97;False
8805406507009;2021-05-29;2021-05;1;1;1.0;2863.125;False
8805406539777;2021-07-21;2021-07;1;1;4.0;7758.18;False
8805406572545;2021-11-09;2021-11;3;3;8.0;18046.26;False
8805406605313;2021-08-09;2021-08;1;1;4.0;8998.02;False
8805406638081;2021-06-25;2021-06;1;1;4.0;10598.04;False
8805406670849;2021-05-31;2021-05;1;1;4.0;11197.98;False
8805406703617;2021-08-24;2021-08;1;1;1.0;3394.53;False
8805406736385;2021-08-24;2021-08;1;1;4.0;14063.04;False
8805406769153;2021-06-20;2021-06;1;1;2.0;6999.03;False
8805406801921;2021-06-01;2021-06;2;2;8.0;23996.16;False
8805406834689;2021-04-06;2021-04;1;1;2.0;6749.01;False
8805406867457;2021-10-17;2021-10;1;1;2.0;7565.13;False
8805406900225;2021-09-03;2021-09;2;2;8.0;85995.9;False
8805406932993;2021-09-03;2021-09;1;1;4.0;42598.08;False
8805406965761;2021-06-15;2021-06;1;1;4.0;24178.14;False
8805406998529;2021-06-10;2021-06;1;1;2.0;5248.98;False
8805407031297;2021-05-29;2021-05;1;1;4.0;13998.06;False
8805407064065;2021-07-28;2021-07;1;1;4.0;34198.2;False
8805407096833;2021-06-29;2021-06;1;1;4.0;11998.08;False
8805407129601;2021-06-07;2021-06;1;1;2.0;5248.98;False
8805407162369;2021-07-18;2021-07;1;1;6.0;7017.57;False
8805407227905;2021-08-30;2021-08;1;1;4.0;10862.1;False
8805407260673;2021-11-17;2021-11;2;2;8.0;29816.28;False
8805407293441;2021-09-14;2021-09;1;1;4.0;10497.96;False
8805407326209;2020-02-13;2020-02;1;1;2.0;2555.82;False
8805407358977;2021-08-23;2021-08;1;1;2.0;6498.99;False
8805407391745;2021-10-08;2021-10;1;1;4.0;11998.08;False
8805407424513;2021-05-28;2021-05;1;1;4.0;8998.02;False
8805407490049;2021-10-15;2021-10;3;3;10.0;130145.085;False
8805407522817;2021-02-10;2021-02;1;1;8.0;43596.0;False
8805407555585;2021-10-06;2021-10;3;3;12.0;121193.82;False
8805407588353;2021-06-09;2021-06;1;1;4.0;25138.62;False
8805407621121;2021-06-15;2021-06;1;1;4.0;19948.32;False
8805407653889;2021-04-22;2021-04;1;1;4.0;25597.98;False
8805407686657;2021-12-01;2021-12;5;5;17.0;70033.5;False
8805407719425;2021-10-30;2021-10;1;1;1.0;2349.495;False
8805407752193;2020-12-02;2020-12;1;1;2.0;6646.68;False
8805407784961;2021-11-29;2021-11;2;2;3.0;34096.5;False
8805407817729;2021-07-19;2021-07;1;1;1.0;1894.14;False
8805407850497;2021-07-19;2021-07;1;1;1.0;1942.695;False
8805407883265;2021-11-22;2021-11;3;3;3.0;5548.5;False
8805407916033;2021-11-17;2021-11;3;3;8.0;16196.04;False
8805407948801;2021-11-16;2021-11;9;9;12.0;24418.935;False
8805407981569;2021-11-14;2021-11;20;20;29.0;58812.255;False
8805408014337;2021-09-05;2021-09;1;1;1.0;1249.515;False
8805408047105;2021-10-29;2021-10;1;1;1.0;1224.495;False
8805408079873;2021-10-20;2021-10;1;1;1.0;1299.51;False
8805408112641;2021-11-09;2021-11;8;8;13.0;17032.905;False
8805408145409;2021-12-29;2021-12;4;4;15.0;54720.225;False
8805408178177;2022-03-04;2022-03;1;1;1.0;5726.745;False
8805408210945;2021-07-02;2021-07;1;1;1.0;1499.49;False
8805408276481;2022-05-24;2022-05;3;3;4.0;21436.2;False
8805408309249;2022-02-01;2022-02;1;1;4.0;25198.02;False
8805408342017;2021-11-18;2021-11;1;1;2.0;7799.04;False
8805408374785;2021-12-20;2021-12;1;1;1.0;6849.495;False
8805408407553;2021-12-06;2021-12;1;1;4.0;37198.08;False
8805408440321;2021-11-10;2021-11;2;2;4.0;31597.92;False
8805408473089;2021-09-05;2021-09;2;2;3.0;8633.52;False
8805408538625;2022-04-06;2022-04;3;3;3.0;13647.645;False
8805408571393;2021-12-03;2021-12;1;1;1.0;6614.55;False
8805408604161;2022-04-06;2022-04;2;2;3.0;17538.435;False
8805408636929;2021-11-28;2021-11;1;1;1.0;7289.55;False
8805408669697;2021-12-16;2021-12;1;1;1.0;7199.55;False
8805408702465;2021-11-18;2021-11;8;8;8.0;20961.315;False
8805408735233;2021-11-17;2021-11;1;1;4.0;46782.0;False
8805530304513;2022-01-03;2022-01;1;1;2.0;3689.91;False
8805530337281;2021-11-28;2021-11;2;2;6.0;12801.51;False
8805530435585;2021-07-04;2021-07;1;1;1.0;1899.495;False
8805530599425;2021-10-10;2021-10;1;1;1.0;2045.565;False
8805530730497;2022-01-06;2022-01;1;1;8.0;13392.0;False
8805530861569;2021-11-05;2021-11;1;1;4.0;8998.02;False
8805530894337;2022-01-10;2022-01;2;2;3.0;5734.53;False
8805530927105;2021-10-01;2021-10;2;2;6.0;9265.14;False
8805531090945;2021-07-12;2021-07;1;1;1.0;1849.5;False
8805531189249;2022-07-26;2022-07;1;1;1.0;1561.185;False
8805531222017;2021-01-05;2021-01;1;1;4.0;6134.4;False
8805531320321;2021-12-23;2021-12;1;1;1.0;1533.06;False
8805531353089;2021-11-23;2021-11;1;1;4.0;52975.26;False
8805531418625;2021-11-17;2021-11;1;1;4.0;48997.98;False
8805531484161;2021-11-18;2021-11;1;1;2.0;18785.07;False
8805531549697;2021-09-20;2021-09;1;1;4.0;21066.12;False
8805531615233;2021-11-21;2021-11;1;1;4.0;60038.1;False
8805531680769;2021-11-22;2021-11;2;2;6.0;39730.23;False
8805531746305;2021-10-23;2021-10;1;1;5.0;23775.75;False
8805531811841;2021-11-13;2021-11;5;5;20.0;271380.6;False
8805531877377;2021-11-17;2021-11;6;6;16.0;83564.595;False
8805531942913;2021-11-18;2021-11;8;8;29.0;167358.24;False
8805532041217;2021-10-20;2021-10;1;1;4.0;21066.12;False
8805532139521;2021-11-26;2021-11;1;1;4.0;45556.2;False
8805532205057;2021-11-24;2021-11;1;1;2.0;14291.1;False
8805532303361;2021-11-19;2021-11;9;9;36.0;211674.06;False
8805532368897;2021-11-24;2021-11;2;2;2.0;27846.0;False
8805532467201;2021-08-02;2021-08;2;2;5.0;9297.495;False
8805532565505;2021-11-19;2021-11;2;2;2.0;5399.01;False
8805532631041;2021-09-19;2021-09;1;1;4.0;27997.92;False
8805532729345;2021-07-09;2021-07;1;1;2.0;3609.09;False
8805532893185;2021-05-03;2021-05;1;1;4.0;6397.92;False
8805533057025;2020-03-24;2020-03;1;1;2.0;2469.15;False
8805533155329;2021-11-19;2021-11;7;7;19.0;29970.63;False
8805533220865;2021-12-03;2021-12;5;5;20.0;27796.86;False
8805533253633;2021-11-18;2021-11;3;3;6.0;10235.385;False
8805533319169;2021-12-10;2021-12;1;1;131.0;251356.905;False
8805533351937;2021-11-17;2021-11;3;3;6.0;10647.27;False
8805533417473;2021-12-29;2021-12;1;1;2.0;3168.0;False
8805533450241;2021-10-28;2021-10;1;1;4.0;7898.04;False
8805533515777;2021-12-28;2021-12;1;1;3.0;4885.92;False
8805533548545;2021-11-16;2021-11;4;4;7.0;15087.24;False
8805533614081;2022-02-07;2022-02;2;2;6.0;9288.09;False
8805533646849;2021-11-26;2021-11;1;1;1.0;2699.505;False
8805533712385;2022-07-22;2022-07;1;1;8.0;17290.71;False
8805595906049;2021-11-06;2021-11;8;8;30.0;300529.26;False
8805596004353;2021-07-20;2021-07;1;1;4.0;23316.12;False
8805596135425;2021-11-18;2021-11;6;6;15.0;119992.725;False
8805597151233;2021-11-18;2021-11;6;6;9.0;16645.5;False
8805597216769;2021-12-21;2021-12;1;1;4.0;7082.46;False
8805597282305;2021-07-08;2021-07;1;1;1.0;3899.52;False
8805597380609;2022-01-05;2022-01;1;1;2.0;6498.0;False
8805629624321;2021-11-07;2021-11;4;4;18.0;26703.0;False
8805629657089;2021-11-26;2021-11;3;3;10.0;15596.55;False
8805629689857;2021-11-05;2021-11;6;6;18.0;27113.85;False
8805629722625;2021-11-16;2021-11;4;4;11.0;16835.49;False
8805629755393;2021-08-12;2021-08;1;1;2.0;3599.01;False
8805629820929;2021-10-27;2021-10;1;1;2.0;4294.44;False
8805629853697;2021-11-11;2021-11;6;6;15.0;33844.815;False
8805629886465;2021-11-26;2021-11;1;1;9.0;18404.415;False
8805629919233;2021-04-03;2021-04;1;1;4.0;8497.98;False
8805629952001;2021-11-01;2021-11;1;1;1.0;14317.65;False
8805630017537;2022-06-08;2022-06;3;3;8.0;105139.26;False
8805630050305;2021-11-30;2021-11;2;2;2.0;7381.935;False
8805630115841;2022-05-31;2022-05;1;1;4.0;70361.64;False
8805630148609;2022-06-18;2022-06;3;3;12.0;257107.5;False
8805630214145;2022-02-01;2022-02;1;1;6.0;72897.03;False
8805630246913;2021-11-20;2021-11;2;2;4.0;15904.53;False
8805630279681;2021-09-05;2021-09;2;2;8.0;22395.96;False
8805630312449;2021-08-18;2021-08;1;1;2.0;5999.04;False
8805630345217;2021-11-03;2021-11;14;14;46.0;116360.37;False
8805630377985;2021-06-15;2021-06;1;1;1.0;10199.52;False
8805630410753;2021-11-07;2021-11;1;1;4.0;16997.94;False
8805630443521;2022-04-07;2022-04;1;1;1.0;7124.49;False
8805630476289;2021-12-28;2021-12;1;1;2.0;11648.97;False
8805630509057;2021-11-11;2021-11;2;2;10.0;28994.85;False
8805630541825;2022-01-03;2022-01;4;4;14.0;28603.71;False
8805630574593;2021-11-30;2021-11;1;1;2.0;9024.03;False
8805630640129;2022-01-02;2022-01;5;5;17.0;84059.46;False
8805630672897;2021-11-29;2021-11;1;1;4.0;27397.98;False
8805630705665;2021-09-21;2021-09;1;1;1.0;8948.34;False
8805630738433;2021-12-15;2021-12;4;4;6.0;34758.36;False
8805630771201;2021-12-16;2021-12;1;1;1.0;7649.505;False
8805630803969;2022-05-25;2022-05;1;1;4.0;34940.34;False
8805630902273;2021-12-15;2021-12;1;1;2.0;3998.97;False
8805630935041;2021-09-28;2021-09;1;1;1.0;436.77;False
8805630967809;2021-11-09;2021-11;1;1;1.0;499.5;False
8805631000577;2021-12-18;2021-12;2;2;2.0;1287.63;False
8805631033345;2022-01-06;2022-01;3;3;3.0;2572.605;False
8805631066113;2021-06-10;2021-06;1;1;4.0;7198.02;False
8805631098881;2021-10-26;2021-10;1;1;4.0;14230.98;False
8805631131649;2021-11-03;2021-11;3;3;12.0;52993.98;False
8805631164417;2021-12-16;2021-12;6;6;17.0;76491.585;False
8805631197185;2021-07-19;2021-07;1;1;2.0;5951.07;False
8805631229953;2021-11-26;2021-11;1;1;4.0;19798.02;False
8805631262721;2021-10-06;2021-10;1;1;4.0;10448.1;False
8805631295489;2021-06-01;2021-06;1;1;6.0;14996.88;False
8805631328257;2021-11-29;2021-11;1;1;2.0;5798.97;False
8805631361025;2021-11-17;2021-11;1;1;4.0;8798.04;False
8805631393793;2021-11-09;2021-11;3;3;10.0;28726.74;False
8805631426561;2021-10-18;2021-10;1;1;1.0;2863.125;False
8805631459329;2021-09-12;2021-09;1;1;1.0;3067.65;False
8805631492097;2021-11-12;2021-11;1;1;2.0;4599.0;False
8805631524865;2021-11-28;2021-11;2;2;6.0;19920.96;False
8805631557633;2021-08-30;2021-08;1;1;4.0;14398.02;False
8805631590401;2021-10-29;2021-10;1;1;2.0;5499.0;False
8805631655937;;;1;1;4.0;32740.74;
8805631688705;2022-05-24;2022-05;2;2;2.0;28890.99;False
8805631721473;2021-11-24;2021-11;1;1;1.0;11949.48;False
8805631754241;2022-01-18;2022-01;1;1;4.0;53998.02;False
8805631787009;2022-01-08;2022-01;3;3;9.0;170509.5;False
8805631819777;2022-05-14;2022-05;2;2;5.0;89527.5;False
8805631918081;2021-12-22;2021-12;1;1;2.0;38241.0;False
8805631950849;2021-12-06;2021-12;2;2;4.0;12725.28;False
8805631983617;2022-01-11;2022-01;1;1;1.0;4559.58;False
8805632016385;2022-01-30;2022-01;1;1;1.0;4199.49;False
8805632049153;2022-01-18;2022-01;4;4;9.0;24745.5;False
8805632081921;2022-01-06;2022-01;4;4;7.0;78396.39;False
8805632114689;2022-01-10;2022-01;1;1;2.0;6798.96;False
8805632147457;2021-12-06;2021-12;1;1;4.0;18523.08;False
8805632180225;2022-04-07;2022-04;1;1;2.0;11499.03;False
8805632212993;;;2;2;5.0;26332.65;
8805632245761;2021-12-20;2021-12;1;1;1.0;4174.515;False
8805632278529;2022-01-15;2022-01;1;1;1.0;6449.49;False
8805632311297;2021-12-01;2021-12;2;2;2.0;7148.97;False
8805632344065;2022-01-26;2022-01;1;1;4.0;17998.02;False
8805632376833;2021-12-08;2021-12;1;1;2.0;5299.02;False
8805632409601;2021-12-08;2021-12;5;5;16.0;33567.12;False
8805632442369;2021-11-24;2021-11;1;1;1.0;3674.52;False
8805632475137;2021-12-22;2021-12;1;1;1.0;2749.5;False
8805632507905;2022-05-20;2022-05;1;1;1.0;2999.52;False
8805632540673;2022-05-25;2022-05;1;1;1.0;574.515;False
8805632606209;2022-03-27;2022-03;1;1;1.0;689.85;False
8805632638977;2021-12-01;2021-12;5;5;24.0;199408.68;False
8805632671745;2022-01-28;2022-01;1;1;4.0;36597.96;False
8805632737281;2021-12-18;2021-12;3;3;9.0;27895.59;False
8805632868353;2022-03-30;2022-03;1;1;190.0;2363220.0;False
8805826330625;2021-05-29;2021-05;1;1;1.0;613.125;False
8805826428929;2021-12-07;2021-12;2;2;2.0;2315.115;False
8805826527233;2021-12-07;2021-12;4;4;4.0;3633.21;False
8805826625537;2021-12-02;2021-12;9;9;10.0;9244.8;False
8805826723841;2021-10-25;2021-10;1;1;1.0;824.49;False
8805826822145;2021-06-06;2021-06;2;2;2.0;1238.76;False
8805826920449;2021-12-07;2021-12;4;4;4.0;3297.96;False
8805827018753;2021-11-08;2021-11;6;6;12.0;6894.18;False
8805827117057;2021-12-07;2021-12;3;3;3.0;1648.485;False
8805827215361;2021-06-05;2021-06;1;1;1.0;949.5;False
8805827313665;2021-08-04;2021-08;1;1;2.0;1848.96;False
8805827411969;2021-07-17;2021-07;1;1;1.0;627.3;False
8805827510273;2020-02-11;2020-02;1;1;1.0;613.125;False
8805827641345;2021-10-12;2021-10;1;1;1.0;449.505;False
8805827805185;2021-11-10;2021-11;7;7;10.0;8660.835;False
8805827870721;2021-08-10;2021-08;1;1;1.0;499.5;False
8805827969025;2021-08-24;2021-08;1;1;1.0;902.025;False
8805828067329;2021-06-20;2021-06;1;1;1.0;798.48;False
8805828165633;2021-11-10;2021-11;3;3;3.0;2134.755;False
8805828263937;2021-10-27;2021-10;1;1;1.0;624.51;False
8805828362241;2021-12-06;2021-12;1;1;1.0;574.515;False
8805828460545;2021-12-05;2021-12;2;2;2.0;2192.805;False
8805828591617;2021-12-05;2021-12;6;6;6.0;10164.735;False
8805828689921;2021-11-04;2021-11;1;1;1.0;1022.22;False
8805828788225;2021-12-06;2021-12;5;5;5.0;4272.48;False
8805828886529;2021-10-28;2021-10;1;1;1.0;549.495;False
8805830033409;2022-04-19;2022-04;1;1;4.0;12139.56;False
8805830131713;2022-05-06;2022-05;1;1;12.0;47350.44;False
8805830164481;2022-02-25;2022-02;1;1;4.0;12752.46;False
8805857918977;2022-06-24;2022-06;1;1;1.0;27894.375;False
8805857984513;2022-05-15;2022-05;3;3;3.0;71640.45;False
8805858115585;2022-04-11;2022-04;2;2;3.0;40879.44;False
8805858213889;2022-05-11;2022-05;2;3;30.0;126202.05;False
8805858246657;2022-05-11;2022-05;1;1;2.0;25270.02;False
8805890752513;2021-11-13;2021-11;1;1;4.0;42598.08;False
8805890850817;2021-10-21;2021-10;1;1;1.0;3849.48;False
8805890949121;2021-11-11;2021-11;1;1;2.0;8644.05;False
8805891047425;2021-10-15;2021-10;1;1;2.0;23214.87;False
8805891112961;2021-12-09;2021-12;2;2;5.0;51353.685;False
8805956419585;2021-11-25;2021-11;1;1;4.0;56797.92;False
8805956616193;2022-01-12;2022-01;2;2;3.0;23323.545;False
8805956911105;2021-12-21;2021-12;2;2;8.0;17596.08;False
8805988990977;2021-04-26;2021-04;1;1;4.0;8197.92;False
8805989122049;2021-11-30;2021-11;1;1;1.0;1924.515;False
8805989220353;2021-11-26;2021-11;1;1;4.0;19998.0;False
8805989318657;2021-12-06;2021-12;6;6;19.0;70290.405;False
8805989416961;2021-11-17;2021-11;1;1;1.0;18499.5;False
8805989515265;2021-12-28;2021-12;1;1;4.0;63342.0;False
8806120456193;2022-01-11;2022-01;1;1;2.0;864.0;False
8806120488961;2021-11-22;2021-11;1;1;2.0;6079.05;False
8806120587265;2022-04-08;2022-04;1;1;1.0;8849.52;False
8806120685569;2022-01-12;2022-01;2;2;7.0;74196.36;False
8806154633217;2022-05-18;2022-05;1;1;2.0;38214.99;False
8806154731521;2022-05-11;2022-05;1;1;2.0;16574.76;False
8806155157505;2022-06-09;2022-06;1;1;2.0;38734.74;False
8806155616257;2022-05-11;2022-05;2;3;19.0;334999.8;False
8806155747329;2021-12-20;2021-12;1;1;2.0;9261.0;False
8806159417345;2022-05-28;2022-05;1;1;2.0;3235.5;False
8806159581185;2022-03-14;2022-03;1;1;2.0;3785.31;False
8806159646721;2022-01-12;2022-01;1;1;4.0;8994.78;False
8806159712257;2022-05-30;2022-05;1;1;4.0;8464.5;False
8806159810561;2022-03-30;2022-03;1;1;8.0;85068.0;False
8806185861121;2022-01-04;2022-01;1;1;1.0;10893.78;False
8806185893889;2022-04-08;2022-04;1;1;4.0;14280.975;False
8806185926657;2022-03-30;2022-03;1;1;5.0;32509.35;False
8806186647553;2022-07-26;2022-07;1;1;1.0;1771.065;False
8806187827201;2022-02-23;2022-02;1;1;2.0;7342.065;False
8806187859969;2022-05-06;2022-05;2;2;28.0;74666.52;False
8806187925505;2022-05-28;2022-05;1;1;4.0;12148.65;False
8806188187649;2021-12-29;2021-12;1;1;4.0;8417.25;False
8806188220417;2022-07-26;2022-07;1;1;2.0;3181.14;False
8806188285953;2022-02-07;2022-02;1;1;2.0;3171.96;False
8806188318721;2021-12-24;2021-12;1;1;4.0;9715.365;False
8806188548097;2022-01-05;2022-01;2;2;6.0;17131.995;False
8806188679169;2022-01-04;2022-01;1;1;10.0;16212.78;False
8806189203457;2022-02-09;2022-02;1;1;6.0;9344.34;False
8806189236225;2022-01-03;2022-01;1;1;5.0;8588.475;False
8806189268993;2022-02-09;2022-02;2;2;14.0;27906.165;False
8806189301761;2022-02-09;2022-02;1;1;12.0;19015.83;False
8806191431681;2021-12-24;2021-12;1;1;4.0;8021.115;False
8806191923201;2022-02-09;2022-02;2;2;6.0;21880.26;False
8806191955969;2022-03-17;2022-03;1;1;6.0;27382.59;False
8806192807937;2022-05-06;2022-05;1;1;30.0;262670.85;False
8806192906241;2022-03-30;2022-03;1;1;7.0;68735.835;False
8806192971777;2022-05-11;2022-05;1;1;1.0;11054.475;False
8806193037313;2022-04-19;2022-04;1;1;10.0;33836.4;False
8806218366977;2022-04-07;2022-04;2;2;3.0;22171.95;False
8806218563585;2021-11-10;2021-11;1;1;4.0;9519.66;False
8806218661889;2021-11-09;2021-11;1;1;4.0;10448.1;False
8806218760193;2022-01-17;2022-01;3;3;9.0;30848.4;False
8806218858497;2021-12-24;2021-12;1;1;4.0;17982.0;False
8806218924033;2022-04-05;2022-04;1;1;2.0;10701.0;False
8806219022337;2021-12-20;2021-12;1;1;4.0;8897.94;False
8806221479937;2022-04-03;2022-04;1;1;2.0;37499.04;False
8806221512705;2022-02-05;2022-02;2;2;2.0;33683.085;False
8806221643777;2022-06-10;2022-06;1;1;1.0;16976.745;False
8806221742081;2022-03-31;2022-03;1;1;1.0;46022.22;False
8806221774849;2022-07-11;2022-07;1;1;1.0;8181.315;False
8806221807617;2022-03-02;2022-03;2;2;3.0;68334.525;False
8806221905921;2022-06-03;2022-06;1;1;2.0;42442.2;False
8806221938689;2022-05-19;2022-05;1;1;2.0;61362.63;False
8806222004225;2022-04-25;2022-04;2;2;4.0;21337.29;False
8806224232449;2022-01-11;2022-01;3;3;9.0;18996.75;False
8806224297985;2022-02-09;2022-02;1;1;10.0;15573.87;False
8806225182721;2021-12-15;2021-12;1;1;2.0;28951.83;False
8806225281025;2021-12-04;2021-12;1;1;1.0;2349.495;False
8806225313793;2022-06-10;2022-06;1;1;1.0;23499.495;False
8806225477633;2022-06-03;2022-06;1;1;1.0;46789.245;False
8806225575937;2021-11-15;2021-11;1;1;2.0;33646.68;False
8806225674241;2022-05-31;2022-05;1;1;2.0;11874.15;False
8806225707009;2021-11-23;2021-11;1;1;1.0;8692.65;False
8806225739777;2022-02-04;2022-02;1;1;1.0;9204.03;False
8806225772545;2022-05-18;2022-05;2;2;4.0;38834.28;False
8806225805313;2021-11-09;2021-11;1;1;4.0;17998.02;False
8806225870849;2022-04-25;2022-04;1;1;1.0;12169.935;False
8806225903617;2021-12-07;2021-12;2;2;2.0;49699.035;False
8806225936385;2021-12-27;2021-12;1;1;4.0;43198.02;False
8806225969153;2021-10-26;2021-10;1;1;1.0;8799.48;False
8806226001921;2022-01-10;2022-01;2;2;8.0;94395.96;False
8806226067457;2021-06-16;2021-06;1;1;2.0;22399.02;False
8806226100225;2022-01-23;2022-01;2;2;3.0;13648.5;False
8806226132993;2022-01-05;2022-01;3;3;9.0;35995.59;False
8806226165761;2022-01-19;2022-01;3;3;3.0;36898.47;False
8806226198529;2021-11-21;2021-11;1;1;2.0;9024.03;False
8806226264065;2021-08-09;2021-08;2;2;13.0;51993.63;False
8806226296833;2022-07-05;2022-07;4;4;7.0;53833.5;False
8806226329601;2022-01-03;2022-01;2;2;2.0;20729.655;False
8806226362369;2021-12-07;2021-12;5;5;20.0;90390.06;False
8806226427905;2022-01-07;2022-01;1;1;1.0;4074.48;False
8806226460673;2021-12-07;2021-12;1;1;4.0;14997.96;False
8806226493441;2021-11-21;2021-11;1;1;1.0;15340.41;False
8806226526209;2022-03-17;2022-03;1;1;4.0;16597.98;False
8806226558977;2022-05-22;2022-05;2;2;6.0;21897.09;False
8806226591745;2021-06-15;2021-06;1;1;4.0;6748.02;False
8806226624513;2020-02-13;2020-02;1;1;1.0;1482.435;False
8806226657281;2021-08-12;2021-08;1;1;2.0;2789.1;False
8806226690049;2020-12-06;2020-12;1;1;1.0;1584.72;False
8806226722817;2021-11-08;2021-11;11;11;33.0;93569.67;False
8806226755585;2021-11-04;2021-11;2;2;5.0;18777.015;False
8806226788353;2021-12-22;2021-12;2;2;6.0;13797.0;False
8806226821121;2021-06-07;2021-06;3;3;9.0;14421.6;False
8806226853889;2021-10-10;2021-10;1;1;2.0;3399.57;False
8806226952193;2022-06-05;2022-06;10;10;27.0;65883.96;False
8806226984961;2021-06-16;2021-06;1;1;4.0;5598.0;False
8806227050497;2022-05-04;2022-05;3;3;9.0;38695.32;False
8806227083265;2021-07-20;2021-07;1;1;4.0;40998.06;False
8806227116033;2021-08-04;2021-08;2;2;8.0;14426.1;False
8806227148801;2021-08-14;2021-08;1;1;4.0;7028.1;False
8806227181569;2022-01-04;2022-01;1;1;2.0;6299.01;False
8806227214337;2022-01-11;2022-01;1;1;4.0;14248.08;False
8806227247105;2022-02-17;2022-02;1;1;4.0;19598.04;False
8806227279873;2022-05-11;2022-05;7;7;19.0;78365.88;False
8806227312641;2021-10-25;2021-10;1;1;2.0;3419.1;False
8806227345409;2022-05-16;2022-05;3;3;6.0;25496.91;False
8806227378177;2021-09-09;2021-09;1;1;4.0;9797.94;False
8806227443713;2022-05-28;2022-05;1;1;1.0;2707.785;False
8806227476481;2022-06-12;2022-06;3;3;12.0;52493.94;False
8806227542017;2021-06-01;2021-06;1;1;1.0;3055.5;False
8806227640321;2022-05-26;2022-05;1;1;2.0;25669.44;False
8806227673089;2022-01-18;2022-01;1;1;3.0;77998.545;False
8806227705857;2021-07-21;2021-07;1;1;4.0;11397.96;False
8806227738625;2021-12-15;2021-12;1;1;4.0;20797.92;False
8806227771393;2021-06-18;2021-06;1;1;4.0;15998.04;False
8806227804161;2022-01-08;2022-01;1;1;4.0;22498.02;False
8806227836929;2021-09-28;2021-09;1;1;4.0;19998.0;False
8806227869697;2021-07-06;2021-07;2;2;8.0;30959.64;False
8806227902465;2022-01-23;2022-01;1;1;2.0;45498.96;False
8806227935233;2022-06-30;2022-06;1;1;1.0;1554.075;False
8806228295681;2022-01-21;2022-01;1;1;4.0;19998.0;False
8806228328449;2022-01-29;2022-01;1;1;4.0;37998.0;False
8806228361217;2022-05-18;2022-05;1;1;6.0;64735.47;False
8806228426753;2021-11-22;2021-11;1;1;1.0;3549.96;False
8806228656129;2022-05-13;2022-05;2;2;10.0;5933.25;False
8806228688897;2022-05-09;2022-05;1;1;4.0;2797.92;False
8806228819969;2022-06-05;2022-06;3;3;5.0;1957.68;False
8806253002753;2021-11-17;2021-11;3;3;3.0;2106.09;False
8806350749697;2021-12-11;2021-12;1;1;1.0;1732.095;False
8806350848001;2022-01-20;2022-01;1;1;2.0;14549.04;False
8806351273985;2022-05-28;2022-05;1;1;4.0;9051.3;False
8806351798273;2022-05-28;2022-05;1;1;8.0;15054.84;False
8806415695873;2020-09-23;2020-09;1;1;4.0;6798.06;False
8806415728641;2021-11-21;2021-11;1;1;2.0;8819.1;False
8806415925249;2022-01-12;2022-01;2;2;8.0;65211.48;False
8806448037889;2022-05-12;2022-05;1;1;4.0;9233.82;False
8806448103425;2022-06-03;2022-06;1;1;4.0;8873.82;False
8806448201729;2021-12-29;2021-12;1;1;2.0;3266.55;False
8806448267265;2022-01-31;2022-01;1;1;12.0;18616.5;False
8806448398337;2022-01-20;2022-01;1;1;2.0;5756.805;False
8806480576513;2021-04-26;2021-04;1;1;4.0;6298.38;False
8806480642049;2021-10-17;2021-10;2;2;4.0;8384.31;False
8806480707585;2021-10-25;2021-10;1;1;1.0;1844.55;False
8806480773121;2021-11-10;2021-11;2;2;6.0;13497.12;False
8806480838657;2022-01-07;2022-01;4;4;9.0;21490.695;False
8806480904193;2021-09-21;2021-09;1;1;2.0;4369.05;False
8806481002497;2021-09-20;2021-09;1;1;4.0;13678.2;False
8806481231873;2022-01-24;2022-01;1;1;1.0;16420.5;False
8806481592321;2021-12-03;2021-12;1;1;1.0;1374.48;False
8806481625089;2022-03-17;2022-03;1;1;1.0;1917.09;False
8806481657857;2021-10-29;2021-10;1;1;1.0;1299.51;False
8806481788929;2022-06-28;2022-06;9;9;11.0;66086.82;False
8806481821697;2022-05-13;2022-05;5;5;5.0;24287.175;False
8806482051073;2022-07-24;2022-07;3;3;3.0;8819.55;False
8806482083841;2022-02-21;2022-02;2;2;3.0;16106.445;False
8806482116609;2022-02-05;2022-02;1;1;1.0;5368.815;False
8806482214913;2020-02-15;2020-02;1;1;2.0;2816.64;False
8806482247681;2021-11-11;2021-11;1;1;1.0;1431.315;False
8806482280449;2021-12-13;2021-12;1;1;4.0;12270.6;False
8806482313217;2022-01-13;2022-01;2;2;5.0;14372.55;False
8806482345985;2021-07-25;2021-07;1;1;2.0;3499.02;False
8806482378753;2022-03-15;2022-03;1;1;2.0;3749.04;False
8806482411521;2022-02-22;2022-02;1;1;1.0;2374.515;False
8806482444289;2022-01-08;2022-01;1;1;2.0;4601.25;False
8806482477057;2021-07-04;2021-07;1;1;2.0;3599.01;False
8806482509825;2022-02-25;2022-02;1;1;4.0;5439.06;False
8806482542593;2022-04-12;2022-04;1;1;4.0;7997.94;False
8806482575361;2021-05-06;2021-05;1;1;2.0;3067.2;False
8806482608129;2021-11-25;2021-11;1;1;4.0;7997.94;False
8806482640897;2021-11-20;2021-11;1;1;2.0;4601.25;False
8806482673665;2021-11-16;2021-11;2;2;9.0;21495.6;False
8806482706433;2022-01-14;2022-01;1;1;1.0;2299.5;False
8806482739201;2022-04-18;2022-04;1;1;2.0;3067.2;False
8806482771969;2022-03-26;2022-03;1;1;4.0;5725.26;False
8806482804737;2022-01-24;2022-01;1;1;2.0;3198.96;False
8806482870273;2021-10-06;2021-10;1;1;4.0;7028.1;False
8806482903041;2021-11-22;2021-11;2;2;2.0;3998.97;False
8806482935809;2022-05-06;2022-05;3;3;10.0;35790.3;False
8806482968577;2021-12-02;2021-12;2;2;5.0;9997.425;False
8806483001345;2022-01-25;2022-01;1;1;4.0;7361.64;False
8806483034113;2021-11-10;2021-11;1;1;2.0;5499.0;False
8806483066881;2021-11-29;2021-11;1;1;2.0;4089.87;False
8806483099649;2022-04-08;2022-04;1;1;4.0;9406.98;False
8806483132417;2021-11-19;2021-11;1;1;1.0;2232.045;False
8806483165185;2021-11-26;2021-11;1;1;1.0;2499.48;False
8806483197953;2021-11-11;2021-11;1;1;4.0;9597.96;False
8806483230721;2022-02-05;2022-02;1;1;6.0;11349.18;False
8806483263489;2022-01-09;2022-01;1;1;2.0;4998.96;False
8806483296257;2022-03-29;2022-03;1;1;2.0;4098.96;False
8806483329025;2021-08-27;2021-08;1;1;4.0;5725.26;False
8806483361793;2022-01-25;2022-01;1;1;4.0;25997.94;False
8806483394561;2022-06-23;2022-06;1;1;2.0;11998.98;False
8806483427329;2021-09-07;2021-09;1;1;5.0;7644.825;False
8806483460097;2021-09-27;2021-09;2;2;3.0;5043.915;False
8806483525633;2021-12-24;2021-12;1;1;4.0;7598.16;False
8806483558401;2021-11-06;2021-11;3;3;12.0;29993.76;False
8806483591169;2022-02-21;2022-02;1;1;4.0;20898.18;False
8806483689473;2022-05-18;2022-05;7;7;14.0;51480.9;False
8806483722241;2022-04-05;2022-04;1;1;4.0;16002.0;False
8806483755009;2022-02-05;2022-02;2;2;3.0;10687.95;False
8806483787777;2021-06-10;2021-06;1;1;2.0;2849.04;False
8806483820545;2021-10-18;2021-10;1;1;4.0;7218.18;False
8806483853313;2021-11-30;2021-11;1;1;4.0;6998.04;False
8806483886081;2021-08-07;2021-08;1;1;4.0;7398.0;False
8806483918849;2021-06-09;2021-06;1;1;1.0;1949.49;False
8806483951617;2022-05-16;2022-05;1;1;4.0;32562.0;False
8806483984385;2021-11-14;2021-11;3;3;10.0;16676.775;False
8806484017153;2021-12-08;2021-12;3;3;8.0;22996.08;False
8806484049921;2022-02-03;2022-02;2;2;6.0;17997.12;False
8806484082689;2021-11-22;2021-11;1;1;4.0;9498.06;False
8806484115457;2021-12-05;2021-12;1;1;2.0;6248.97;False
8806484148225;2022-01-03;2022-01;3;3;5.0;13810.005;False
8806484180993;2022-06-14;2022-06;2;2;4.0;23454.9;False
8806484213761;2022-05-23;2022-05;1;1;1.0;4795.02;False
8806484246529;2021-11-24;2021-11;1;1;2.0;5714.1;False
8806484279297;2021-09-23;2021-09;1;1;4.0;11158.2;False
8806484312065;2022-02-10;2022-02;2;2;2.0;10791.0;False
8806484344833;2022-01-04;2022-01;2;2;8.0;25916.4;False
8806514196481;2022-02-12;2022-02;1;1;4.0;14891.76;False
8806546112513;2022-02-04;2022-02;1;1;1.0;1999.485;False
8806546178049;2021-11-30;2021-11;1;1;4.0;8497.98;False
8806546243585;2022-01-17;2022-01;1;1;1.0;2999.52;False
8806546341889;2022-02-09;2022-02;1;1;1.0;2999.52;False
8806546735105;2022-01-20;2022-01;2;2;2.0;4299.03;False
8806546800641;2022-01-18;2022-01;5;5;18.0;53122.77;False
8806546866177;2022-01-19;2022-01;2;2;3.0;9748.485;False
8806546931713;2022-06-03;2022-06;3;3;9.0;23450.04;False
8806546997249;2022-01-28;2022-01;1;1;1.0;4649.49;False
8806547062785;2022-01-19;2022-01;1;1;3.0;10048.455;False
8806547128321;2021-11-01;2021-11;1;1;1.0;2949.48;False
8806547193857;2022-02-05;2022-02;1;1;2.0;5698.98;False
8806547259393;2021-10-27;2021-10;3;3;10.0;21293.19;False
8806612008961;2021-11-28;2021-11;1;1;2.0;7099.02;False
8806612107265;2021-05-09;2021-05;1;1;4.0;7597.98;False
8806612140033;2022-06-08;2022-06;5;5;18.0;125172.54;False
8806612172801;2021-11-19;2021-11;2;2;6.0;12782.16;False
8806612205569;2021-10-13;2021-10;1;1;2.0;9203.49;False
8806612238337;2022-02-15;2022-02;1;1;4.0;31395.6;False
8806612271105;2021-11-22;2021-11;3;3;4.0;10998.0;False
8806612303873;2021-11-15;2021-11;5;5;16.0;24060.24;False
8806612336641;2021-07-10;2021-07;3;3;7.0;10996.515;False
8806612369409;2022-07-12;2022-07;10;10;18.0;68713.245;False
8806612402177;2021-10-24;2021-10;1;1;4.0;15998.04;False
8806612434945;2022-03-25;2022-03;1;1;2.0;21578.49;False
8806612500481;2021-08-19;2021-08;1;1;2.0;20998.98;False
8806612533249;2021-11-22;2021-11;1;1;1.0;2374.515;False
8806612566017;2022-01-11;2022-01;1;1;2.0;5499.0;False
8806612598785;2021-12-21;2021-12;1;1;2.0;5999.04;False
8806612631553;2022-02-09;2022-02;1;1;1.0;2649.51;False
8806612664321;2021-11-11;2021-11;1;1;2.0;5999.04;False
8806612729857;2021-11-29;2021-11;1;1;2.0;4499.01;False
8806612762625;2022-02-03;2022-02;1;1;2.0;4417.29;False
8806612795393;2022-03-07;2022-03;1;1;2.0;5999.04;False
8806612828161;2022-01-04;2022-01;5;5;14.0;18340.74;False
8806612860929;2022-02-12;2022-02;2;2;6.0;18156.15;False
8806612893697;2022-03-02;2022-03;3;3;3.0;11425.635;False
8806612926465;2022-05-06;2022-05;1;1;1.0;2415.735;False
8806613221377;2022-06-11;2022-06;1;1;2.0;6345.99;False
8806644350977;2021-12-29;2021-12;1;1;2.0;3482.685;False
8806677151745;2021-12-29;2021-12;1;1;4.0;6414.03;False
8806677250049;2022-05-25;2022-05;3;3;32.0;64925.73;False
8806677348353;2022-04-15;2022-04;1;1;4.0;7379.82;False
8806677381121;2021-12-24;2021-12;1;1;4.0;9174.69;False
8806711033857;2021-11-25;2021-11;1;1;1.0;7997.94;False
8806711066625;2022-02-26;2022-02;1;1;1.0;8928.09;False
8806711099393;2021-11-13;2021-11;1;1;1.0;7997.94;False
8806711132161;2022-04-10;2022-04;1;1;1.0;15998.04;False
8806711164929;2022-03-26;2022-03;1;1;1.0;15498.0;False
8806711197697;2022-03-15;2022-03;3;3;4.0;52791.84;False
8806711230465;2021-10-27;2021-10;1;1;1.0;10497.96;False
8806711263233;2021-12-10;2021-12;3;3;3.0;29393.82;False
8806711296001;2021-11-10;2021-11;1;1;1.0;9519.57;False
8806711328769;2021-12-17;2021-12;2;2;2.0;21996.0;False
8806711361537;2021-11-19;2021-11;1;1;1.0;11397.96;False
8806711394305;2021-12-21;2021-12;1;1;1.0;12497.94;False
8806711427073;2022-01-23;2022-01;1;1;1.0;10998.0;False
8806711459841;2021-12-12;2021-12;1;1;1.0;11998.08;False
8806711492609;2021-11-19;2021-11;1;1;1.0;13498.02;False
8806711525377;2021-11-28;2021-11;1;1;1.0;11248.02;False
8806711558145;2022-07-04;2022-07;29;29;30.0;334881.225;False
8806711590913;2021-11-13;2021-11;1;1;1.0;13298.175;False
8806711623681;2021-11-27;2021-11;1;1;1.0;14997.96;False
8806711656449;2022-01-04;2022-01;1;1;1.0;13998.06;False
8806711689217;2021-11-24;2021-11;2;2;2.0;27996.12;False
8806711721985;2022-03-03;2022-03;2;2;2.0;25279.92;False
8806711754753;2022-01-26;2022-01;1;1;1.0;13197.96;False
8806711787521;2022-02-15;2022-02;1;1;1.0;11998.08;False
8806711820289;2021-11-16;2021-11;1;1;1.0;10998.0;False
8806711853057;2021-05-29;2021-05;1;1;1.0;11452.5;False
8806711885825;2022-02-21;2022-02;2;2;2.0;18795.96;False
8806711918593;2022-03-28;2022-03;1;1;1.0;9202.5;False
8806711951361;2022-02-08;2022-02;2;2;2.0;20995.92;False
8806711984129;2022-03-02;2022-03;2;2;2.0;20995.92;False
8806712016897;2022-04-13;2022-04;1;1;1.0;12997.98;False
8806712049665;2021-08-18;2021-08;1;1;1.0;5797.98;False
8806712082433;2021-10-03;2021-10;2;2;2.0;12127.68;False
8806712115201;2021-06-02;2021-06;1;1;1.0;6197.94;False
8806712147969;2021-10-22;2021-10;1;1;1.0;5827.68;False
8806712180737;2021-11-16;2021-11;2;2;3.0;20394.18;False
8806712213505;2022-03-05;2022-03;2;2;2.0;13836.195;False
8806712246273;2022-01-05;2022-01;1;1;1.0;7198.02;False
8806712279041;2021-08-13;2021-08;1;1;1.0;6598.08;False
8806712311809;2021-08-25;2021-08;1;1;1.0;6197.94;False
8806712344577;2021-11-11;2021-11;1;1;1.0;7408.08;False
8806712377345;2021-11-22;2021-11;1;1;1.0;8497.98;False
8806712410113;2021-11-21;2021-11;1;1;1.0;6598.08;False
8806712442881;2022-03-02;2022-03;6;6;6.0;47987.64;False
8806712475649;2022-01-06;2022-01;3;3;3.0;23566.68;False
8806712508417;2021-08-15;2021-08;1;1;1.0;5316.12;False
8806712541185;2021-09-28;2021-09;2;2;2.0;10714.14;False
8806712573953;2021-12-12;2021-12;2;2;2.0;14753.97;False
8806712606721;2021-08-02;2021-08;1;1;1.0;6021.945;False
8806712639489;2021-12-09;2021-12;2;2;2.0;12132.36;False
8806712672257;2022-02-26;2022-02;1;1;1.0;9198.0;False
8806712705025;2022-04-04;2022-04;2;2;2.0;16339.185;False
8806712737793;2021-11-23;2021-11;1;1;1.0;5725.26;False
8806712770561;2021-09-07;2021-09;1;1;1.0;5111.64;False
8806712803329;2022-01-25;2022-01;1;1;1.0;7361.64;False
8806712836097;2021-07-05;2021-07;1;1;1.0;8179.74;False
8806712868865;2022-01-19;2022-01;1;1;1.0;9597.96;False
8806712901633;2021-11-02;2021-11;1;1;2.0;17596.08;False
8806712934401;2021-11-09;2021-11;3;3;3.0;20644.245;False
8806712967169;2021-10-21;2021-10;1;1;1.0;9997.92;False
8806712999937;2021-11-17;2021-11;1;1;1.0;8197.92;False
8806713032705;2021-11-21;2021-11;2;2;2.0;16995.96;False
8806713065473;2021-12-10;2021-12;3;3;4.0;29779.2;False
8806713098241;2021-11-23;2021-11;1;1;1.0;9202.5;False
8806713131009;2021-10-17;2021-10;2;2;2.0;22395.96;False
8806713163777;2021-11-18;2021-11;1;1;1.0;8998.02;False
8806713229313;2022-05-08;2022-05;3;3;3.0;28715.49;False
8806713262081;2021-11-23;2021-11;1;1;1.0;9118.08;False
8806713294849;2021-11-02;2021-11;1;1;2.0;14396.04;False
8806713327617;2022-02-15;2022-02;1;1;1.0;12997.98;False
8806713360385;2022-07-04;2022-07;27;27;27.0;296320.995;False
8806713393153;2021-11-24;2021-11;1;1;1.0;15498.0;False
8806713425921;2021-12-14;2021-12;1;1;1.0;12270.6;False
8806713491457;2022-01-17;2022-01;2;2;2.0;18942.075;False
8806713524225;2022-04-28;2022-04;1;1;1.0;10225.26;False
8806713556993;2021-12-08;2021-12;1;1;1.0;14979.96;False
8806713589761;2022-04-06;2022-04;1;1;1.0;17998.02;False
8806713622529;2022-05-04;2022-05;3;3;3.0;56475.72;False
8806713655297;2022-05-20;2022-05;2;2;2.0;25995.96;False
8806713688065;2022-05-20;2022-05;4;4;5.0;104930.415;False
8806713720833;2021-07-26;2021-07;1;1;2.0;24480.36;False
8806713753601;2022-03-21;2022-03;1;1;1.0;13298.175;False
8806713786369;2021-11-29;2021-11;1;1;1.0;5398.02;False
8806713819137;2021-11-23;2021-11;1;1;1.0;5128.155;False
8806713851905;2022-03-31;2022-03;1;1;1.0;12270.6;False
8806713982977;2022-01-06;2022-01;1;1;1.0;8798.04;False
8806714015745;2022-05-19;2022-05;1;1;1.0;11597.94;False
8806714048513;2022-01-12;2022-01;4;4;5.0;45999.0;False
8806714081281;2021-12-02;2021-12;4;4;12.0;26270.82;False
8806714114049;2022-01-11;2022-01;1;1;4.0;18844.2;False
8806714146817;2022-01-31;2022-01;1;1;2.0;19079.1;False
8806714179585;2022-05-17;2022-05;1;1;4.0;101322.0;False
8806714245121;2022-01-29;2022-01;2;2;5.0;32757.75;False
8806714277889;2022-01-21;2022-01;1;1;4.0;9070.2;False
8806714310657;2022-02-14;2022-02;1;1;2.0;4547.79;False
8806714343425;2021-12-30;2021-12;1;1;4.0;8692.2;False
8806714376193;2022-05-13;2022-05;8;8;26.0;85986.81;False
8806714408961;2021-12-05;2021-12;1;1;4.0;8998.02;False
8806714441729;2021-11-12;2021-11;1;1;4.0;13597.92;False
8806714474497;2021-11-04;2021-11;1;1;4.0;10998.0;False
8806714507265;2021-11-23;2021-11;1;1;2.0;5498.1;False
8806714540033;2022-05-19;2022-05;5;5;11.0;32694.84;False
8806714572801;2021-10-15;2021-10;1;1;4.0;9997.92;False
8806906527745;2021-12-23;2021-12;1;1;2.0;9730.8;False
8806906658817;2022-04-26;2022-04;1;1;2.0;8175.06;False
8806906789889;2022-05-26;2022-05;1;1;1.0;9720.72;False
8806906822657;2022-01-04;2022-01;1;1;4.0;15234.93;False
8806939459585;2022-02-07;2022-02;1;1;1.0;7109.55;False
8806939688961;2022-02-09;2022-02;1;1;2.0;34999.02;False
8807005421569;2022-05-13;2022-05;2;2;2.0;3514.635;False
8807006208001;2021-11-13;2021-11;1;1;4.0;18202.5;False
8807007092737;2021-12-29;2021-12;1;1;1.0;3059.55;False
8807007158273;2021-12-10;2021-12;2;2;2.0;6979.14;False
8807007223809;2022-02-10;2022-02;1;1;1.0;3440.97;False
8807007289345;2021-03-13;2021-03;1;1;1.0;4397.22;False
8807007354881;2022-05-19;2022-05;3;3;3.0;14248.44;False
8807037861889;2022-07-22;2022-07;1;1;1.0;5035.5;False
8807236108289;2020-11-25;2020-11;1;1;1.0;8998.02;False
8807303184385;2022-05-10;2022-05;1;1;1.0;25398.0;False
8807306297345;2021-12-12;2021-12;1;1;2.0;8487.63;False
8807306330113;2021-11-23;2021-11;1;1;1.0;7015.5;False
8807431766017;2022-02-05;2022-02;5;5;18.0;43627.14;False
8807463583745;2021-09-05;2021-09;1;1;4.0;18379.98;False
8807464173569;2021-11-29;2021-11;1;1;2.0;20044.44;False
8807464271873;2022-02-24;2022-02;1;1;2.0;35999.01;False
8807496318977;2021-11-17;2021-11;1;1;4.0;17486.64;False
8807496482817;2021-10-31;2021-10;1;1;2.0;9498.96;False
8807627390977;2022-07-07;2022-07;3;3;7.0;18896.535;False
8807627522049;2021-06-21;2021-06;1;1;1.0;2335.5;False
8807662649345;2022-04-14;2022-04;2;2;8.0;30876.3;False
8807662682113;2022-01-24;2022-01;1;1;4.0;12270.6;False
8807662714881;2021-11-16;2021-11;3;3;12.0;35994.24;False
8807662747649;2022-02-07;2022-02;1;1;4.0;9498.06;False
8807662780417;2021-11-13;2021-11;2;2;8.0;24064.2;False
8807662813185;2021-11-27;2021-11;1;1;4.0;13293.36;False
8807662845953;2021-12-02;2021-12;2;2;6.0;20697.12;False
8807662878721;2021-11-25;2021-11;2;2;8.0;27996.12;False
8807662944257;2021-10-07;2021-10;1;1;1.0;1424.52;False
8807669104641;2022-02-15;2022-02;2;2;6.0;18712.89;False
8807669202945;2022-03-22;2022-03;1;1;2.0;8078.49;False
8807669366785;2021-12-23;2021-12;1;2;5.0;17577.09;False
8807692959745;2021-11-26;2021-11;1;1;1.0;971.1;False
8807726448641;2021-11-17;2021-11;2;2;5.0;26247.6;False
8807793131521;2021-12-06;2021-12;1;1;4.0;15338.88;False
8807793197057;2022-05-20;2022-05;5;5;20.0;94080.6;False
8807793262593;2022-03-16;2022-03;1;1;4.0;25975.26;False
8807793328129;2022-07-01;2022-07;3;3;9.0;36114.21;False
8807793393665;2022-05-25;2022-05;1;1;2.0;38249.01;False
8807793459201;2022-06-18;2022-06;2;2;5.0;23264.55;False
8807793590273;2022-05-02;2022-05;2;2;5.0;14060.025;False
8807793655809;2022-05-11;2022-05;2;2;2.0;5782.59;False
8807793786881;2022-01-13;2022-01;2;2;8.0;76496.04;False
8807793852417;2021-12-07;2021-12;2;2;2.0;6480.54;False
8807793917953;2022-05-29;2022-05;1;1;4.0;28838.88;False
8807793983489;2022-01-16;2022-01;1;1;1.0;2567.61;False
8807794049025;2022-03-23;2022-03;1;1;1.0;2402.91;False
8807794114561;2021-11-18;2021-11;2;2;10.0;56756.25;False
8807824031745;2021-05-31;2021-05;1;1;1.0;549.495;False
8807824097281;2021-11-25;2021-11;1;1;2.0;1635.3;False
8807824162817;2021-11-16;2021-11;1;1;2.0;1298.97;False
8807824228353;2021-12-15;2021-12;1;1;1.0;524.52;False
8807824293889;2021-11-17;2021-11;4;4;5.0;2459.025;False
8807824359425;2021-10-28;2021-10;1;1;1.0;949.5;False
8807824424961;2022-01-18;2022-01;3;3;3.0;3267.27;False
8807824523265;2022-02-07;2022-02;1;1;1.0;394.785;False
8807824588801;2021-08-15;2021-08;1;1;1.0;799.515;False
8807824654337;2021-12-03;2021-12;6;6;7.0;7654.14;False
8807824752641;2021-11-21;2021-11;1;1;1.0;1299.51;False
8807824850945;2022-02-04;2022-02;2;2;2.0;1010.925;False
8807824916481;2021-11-17;2021-11;1;1;1.0;382.995;False
8807825014785;2021-10-21;2021-10;1;1;2.0;799.02;False
8807825113089;2021-10-13;2021-10;1;1;1.0;1068.3;False
8807825178625;2022-02-22;2022-02;1;1;1.0;549.495;False
8807825244161;2021-11-24;2021-11;1;1;1.0;699.48;False
8807825309697;2021-10-25;2021-10;1;1;1.0;1074.51;False
8807825375233;2021-10-25;2021-10;1;1;1.0;1074.51;False
8807825440769;2021-12-15;2021-12;2;2;2.0;1543.095;False
8807825506305;2021-11-15;2021-11;2;2;2.0;1533.06;False
8807825571841;2022-03-15;2022-03;1;1;1.0;549.495;False
8807825637377;2021-11-25;2021-11;1;1;1.0;549.495;False
8807825702913;2021-11-25;2021-11;1;1;1.0;674.505;False
8807825768449;2021-10-20;2021-10;1;1;2.0;1021.68;False
8807825833985;2021-12-05;2021-12;2;2;3.0;1597.32;False
8807825899521;2022-02-28;2022-02;1;1;1.0;649.485;False
8807825965057;2021-08-19;2021-08;1;1;1.0;799.515;False
8807826030593;2022-03-04;2022-03;5;5;5.0;5949.81;False
8807826096129;2021-10-13;2021-10;1;1;1.0;776.79;False
8807826161665;2021-10-25;2021-10;1;1;1.0;799.515;False
8807826259969;2021-10-25;2021-10;1;1;1.0;799.515;False
8807826718721;2022-05-19;2022-05;1;1;2.0;75998.97;False
8807826849793;2022-04-24;2022-04;1;1;2.0;20298.96;False
8807826948097;2022-04-25;2022-04;3;3;6.0;292508.235;False
8807827046401;2022-04-25;2022-04;1;1;1.0;32368.815;False
8807827210241;2021-05-20;2021-05;1;1;4.0;7542.0;False
8807827275777;2022-03-18;2022-03;1;1;4.0;8802.0;False
8807827406849;2022-01-07;2022-01;1;1;2.0;6899.04;False
8807827472385;2021-08-31;2021-08;1;1;4.0;11502.0;False
8807827668993;2022-05-22;2022-05;3;3;9.0;55039.5;False
8807827734529;2021-12-17;2021-12;1;1;2.0;8271.0;False
8807827800065;2022-03-24;2022-03;3;3;6.0;32374.08;False
8807827865601;2022-06-18;2022-06;5;5;15.0;72157.5;False
8807827996673;2021-11-10;2021-11;2;2;8.0;20461.86;False
8807828062209;2022-07-14;2022-07;3;3;3.0;28066.5;False
8807828127745;2021-11-17;2021-11;1;1;1.0;8973.225;False
8807828226049;2021-12-26;2021-12;1;1;4.0;23922.0;False
8807828291585;2022-07-01;2022-07;2;2;8.0;105615.9;False
8807828357121;2022-06-01;2022-06;2;2;5.0;40027.5;False
8807828455425;2022-03-17;2022-03;1;1;1.0;15025.5;False
8807830061057;2021-10-28;2021-10;1;1;4.0;43398.0;False
8807924039681;2022-03-20;2022-03;1;1;1.0;599.49;False
8807924072449;2022-01-22;2022-01;1;1;1.0;1759.14;False
8807924236289;2022-01-09;2022-01;1;1;1.0;664.515;False
8807924334593;2022-05-16;2022-05;1;1;1.0;899.505;False
8807924432897;2022-02-27;2022-02;1;1;1.0;749.52;False
8807924531201;2022-05-02;2022-05;3;3;3.0;4542.21;False
8807924629505;2022-01-24;2022-01;1;1;1.0;715.41;False
8807924727809;2022-02-18;2022-02;2;2;2.0;1635.345;False
8807924826113;2022-04-13;2022-04;1;1;1.0;1424.52;False
8807924924417;2022-05-22;2022-05;1;1;1.0;999.495;False
8807925022721;2022-04-06;2022-04;1;1;1.0;1073.34;False
8807925121025;2022-02-11;2022-02;2;2;2.0;2137.815;False
8807925219329;2022-04-24;2022-04;1;1;1.0;1034.55;False
8807925317633;2022-03-13;2022-03;3;3;5.0;3747.6;False
8807925415937;2022-05-18;2022-05;2;2;2.0;2325.105;False
8807925514241;2022-03-30;2022-03;1;1;1.0;1249.515;False
8807925612545;2022-05-09;2022-05;3;3;3.0;15719.58;False
8807925710849;2022-05-27;2022-05;1;1;1.0;10249.515;False
8807925809153;2022-06-10;2022-06;2;2;2.0;23156.37;False
8807926595585;2021-11-26;2021-11;1;1;1.0;1942.65;False
8807955464193;2022-05-18;2022-05;1;1;4.0;188009.82;False
8807956971521;2021-06-14;2021-06;1;1;2.0;9498.96;False
8807957102593;2021-12-07;2021-12;1;1;4.0;10998.0;False
8807957233665;2022-02-12;2022-02;2;2;5.0;19997.55;False
8807957397505;2021-12-22;2021-12;2;2;6.0;12597.12;False
8807987838977;2021-06-05;2021-06;1;1;2.0;7638.93;False
8807987970049;2022-01-16;2022-01;1;1;4.0;19998.0;False
8807988133889;2021-06-24;2021-06;1;1;1.0;4249.485;False
8807988396033;2022-02-15;2022-02;1;1;1.0;14999.49;False
8808053768193;2022-03-30;2022-03;1;1;5.0;20711.025;False
8808086208513;2021-11-11;2021-11;1;1;4.0;46998.0;False
8808152367105;2022-02-03;2022-02;1;1;1.0;2199.51;False
8808152465409;2022-07-05;2022-07;38;38;38.0;112005.315;False
8808152563713;2021-11-17;2021-11;1;1;1.0;664.245;False
8808152662017;2022-06-11;2022-06;10;10;10.0;20248.2;False
8808184709121;2022-01-22;2022-01;1;1;4.0;38861.64;False
8808184905729;2022-04-23;2022-04;1;1;1.0;5726.745;False
8808185004033;2022-06-23;2022-06;7;7;32.0;148893.12;False
8808185298945;2021-12-07;2021-12;1;1;2.0;43976.25;False
8808185397249;2022-04-30;2022-04;1;1;1.0;23113.125;False
8808185495553;2022-02-12;2022-02;1;1;2.0;7899.03;False
8808185724929;2022-06-02;2022-06;5;5;9.0;24295.545;False
8808187133953;2022-02-22;2022-02;1;1;2.0;5499.0;False
8808187232257;2021-12-20;2021-12;1;1;4.0;10598.04;False
8808187330561;2022-02-13;2022-02;1;1;1.0;2699.505;False
8808187428865;2021-12-20;2021-12;2;2;4.0;9997.92;False
8808190214145;2021-10-07;2021-10;1;1;4.0;12045.78;False
8808190410753;2021-12-07;2021-12;2;2;8.0;28632.24;False
8808190640129;2022-04-02;2022-04;5;5;17.0;106917.165;False
8808191131649;2021-11-16;2021-11;4;4;9.0;31145.67;False
8808191295489;2022-02-26;2022-02;1;1;2.0;4844.16;False
8808191393793;2021-11-17;2021-11;2;2;5.0;20963.43;False
8808191524865;2022-04-26;2022-04;1;1;1.0;89999.505;False
8808191754241;2022-06-23;2022-06;1;1;1.0;4501.71;False
8808217247745;2021-10-25;2021-10;1;1;1.0;1942.65;False
8808217346049;2021-11-25;2021-11;1;1;4.0;13293.36;False
8808250114049;2021-12-29;2021-12;1;1;4.0;6257.16;False
8808282980353;2022-03-20;2022-03;1;1;1.0;9749.52;False
8808283013121;2022-06-02;2022-06;9;9;9.0;20686.725;False
8808283045889;2022-03-02;2022-03;1;1;1.0;2914.29;False
8808283078657;2022-05-05;2022-05;1;1;1.0;2768.535;False
8808283111425;2022-04-10;2022-04;1;1;1.0;3425.625;False
8808283144193;2022-03-20;2022-03;1;1;1.0;3527.91;False
8808283176961;2022-07-14;2022-07;1;1;1.0;4294.935;False
8808283242497;2022-05-20;2022-05;1;1;1.0;4473.9;False
8808283275265;2022-07-06;2022-07;4;4;4.0;17149.185;False
8808283340801;2022-06-03;2022-06;5;5;5.0;22272.57;False
8808283373569;2022-06-06;2022-06;6;6;6.0;26787.87;False
8808283406337;2021-11-05;2021-11;2;2;3.0;9748.485;False
8808283439105;2021-07-21;2021-07;1;1;4.0;16566.12;False
8808283471873;2021-09-30;2021-09;1;1;1.0;3732.435;False
8808283602945;2021-11-16;2021-11;2;2;5.0;7533.9;False
8808283668481;2022-02-15;2022-02;1;1;2.0;3876.12;False
8808283701249;2022-07-11;2022-07;1;1;1.0;8743.86;False
8808283799553;2022-02-22;2022-02;1;1;1.0;3799.485;False
8808283865089;2021-07-31;2021-07;1;1;1.0;12834.72;False
8808283996161;2022-06-02;2022-06;4;4;4.0;14759.325;False
8808284028929;2022-06-10;2022-06;1;1;1.0;3673.08;False
8808284291073;2022-06-11;2022-06;3;3;3.0;9316.62;False
8808284454913;2021-11-30;2021-11;1;1;1.0;2999.52;False
8808284487681;2021-11-25;2021-11;3;3;7.0;21871.395;False
8808284520449;2021-11-18;2021-11;1;1;4.0;18406.98;False
8808284749825;2022-06-29;2022-06;1;1;4.0;128861.64;False
8808284979201;2022-07-09;2022-07;1;1;1.0;52772.04;False
8808285044737;2021-11-28;2021-11;1;1;6.0;26997.03;False
8808285077505;2022-02-09;2022-02;1;1;2.0;7598.97;False
8808315781121;2022-05-25;2022-05;1;1;8.0;89472.6;False
8808348385281;2022-05-02;2022-05;2;2;4.0;16378.02;False
8808348418049;2022-04-04;2022-04;1;1;4.0;16156.98;False
8808348450817;2021-12-30;2021-12;1;1;2.0;7567.2;False
8808348483585;2021-11-21;2021-11;1;1;4.0;13702.5;False
8808348516353;2022-07-05;2022-07;2;2;8.0;21268.8;False
8808348581889;2022-07-14;2022-07;1;1;1.0;3837.285;False
8808348647425;2022-04-19;2022-04;1;1;2.0;8099.1;False
8808348745729;2022-04-07;2022-04;2;2;2.0;4399.02;False
8808348844033;2022-05-16;2022-05;2;2;3.0;25534.8;False
8808348876801;2022-06-01;2022-06;3;3;9.0;120819.33;False
8808348909569;2022-07-14;2022-07;2;2;2.0;40908.06;False
8808348942337;2022-05-18;2022-05;2;2;4.0;30997.98;False
8808349007873;2022-05-10;2022-05;2;2;6.0;27596.97;False
8808349073409;2022-07-07;2022-07;1;1;1.0;17948.34;False
8808349138945;2022-07-06;2022-07;1;1;2.0;93987.63;False
8808349302785;2022-05-18;2022-05;1;1;2.0;35999.01;False
8808349368321;2022-05-16;2022-05;1;1;2.0;235226.25;False
8808349401089;2022-07-26;2022-07;1;1;4.0;555748.02;False
8808349532161;2022-06-04;2022-06;2;2;3.0;79004.16;False
8808349597697;2021-11-17;2021-11;1;1;4.0;388450.26;False
8808349630465;2021-11-25;2021-11;2;2;6.0;8158.59;False
8808349663233;2021-10-05;2021-10;1;1;4.0;5929.74;False
8808349696001;2021-11-26;2021-11;2;2;6.0;9815.04;False
8808349794305;2022-06-02;2022-06;10;10;22.0;65310.435;False
8808349859841;2021-12-14;2021-12;1;1;4.0;10598.04;False
8808350023681;2022-03-08;2022-03;1;1;4.0;18779.94;False
8808350089217;2022-05-05;2022-05;2;2;2.0;49294.44;False
8808350154753;2022-06-06;2022-06;5;5;17.0;1155591.585;False
8808350220289;2022-05-25;2022-05;1;1;1.0;62897.22;False
8808350285825;2022-06-04;2022-06;1;1;1.0;86499.495;False
8808350416897;2021-12-14;2021-12;1;1;4.0;203520.6;False
8808350613505;2022-06-21;2022-06;1;1;4.0;1308066.12;False
8808350646273;2022-06-21;2022-06;1;1;1.0;39579.03;False
8808351236097;2022-02-24;2022-02;1;1;4.0;99202.5;False
8808351301633;2022-05-18;2022-05;1;1;1.0;12783.6;False
8808351334401;2022-05-16;2022-05;3;3;6.0;136807.2;False
8808351367169;2022-06-06;2022-06;4;4;6.0;66193.02;False
8808351399937;2022-04-12;2022-04;1;1;1.0;15340.41;False
8808351531009;2022-04-11;2022-04;1;1;2.0;5999.04;False
8808351563777;2022-02-03;2022-02;1;1;1.0;3499.515;False
8808351760385;2022-07-08;2022-07;1;1;2.0;11964.87;False
8808351793153;2022-03-25;2022-03;1;1;1.0;2402.91;False
8808351858689;2022-06-01;2022-06;6;6;10.0;38653.92;False
8808351924225;2022-02-12;2022-02;1;1;1.0;8999.505;False
8808351989761;2021-11-25;2021-11;1;1;2.0;11998.98;False
8808352022529;2022-05-06;2022-05;1;1;1.0;18720.0;False
8808352055297;2022-07-02;2022-07;2;2;2.0;24339.915;False
8808352120833;2022-02-14;2022-02;2;2;5.0;84997.575;False
8808352219137;2022-01-12;2022-01;1;1;4.0;9718.2;False
8808352284673;2022-05-20;2022-05;2;2;2.0;24479.1;False
8808352350209;2022-05-16;2022-05;3;3;6.0;2073.15;False
8808352382977;2022-05-19;2022-05;6;6;9.0;3304.035;False
8808352415745;2022-02-21;2022-02;1;1;2.0;398.97;False
8808352448513;2022-01-10;2022-01;1;1;2.0;510.3;False
8808352481281;2021-12-12;2021-12;1;1;2.0;498.96;False
8808352514049;2022-04-13;2022-04;1;1;2.0;599.04;False
8808352546817;2021-12-26;2021-12;1;1;4.0;1429.74;False
8808352579585;2021-12-26;2021-12;1;1;2.0;612.63;False
8808352612353;2022-05-10;2022-05;6;6;10.0;2965.32;False
8808352645121;2022-05-03;2022-05;5;5;8.0;2562.12;False
8808352677889;2022-05-22;2022-05;1;1;2.0;398.97;False
8808352710657;2021-11-21;2021-11;1;1;2.0;408.06;False
8808352743425;2022-05-24;2022-05;1;1;2.0;398.97;False
8808352776193;2021-12-25;2021-12;1;1;1.0;199.485;False
8808352808961;2021-10-20;2021-10;1;1;1.0;299.52;False
8808352841729;2022-04-26;2022-04;1;1;1.0;299.52;False
8808352907265;2021-12-30;2021-12;1;1;4.0;12942.0;False
8808352940033;2021-11-04;2021-11;1;1;2.0;15921.0;False
8808352972801;2022-07-08;2022-07;5;5;15.0;93082.5;False
8808353202177;2021-04-20;2021-04;1;1;2.0;17385.3;False
8808741961729;2022-03-02;2022-03;1;1;1.0;12749.49;False
8808906063873;2022-02-20;2022-02;1;1;1.0;10840.5;False
8808906096641;2022-05-22;2022-05;2;2;5.0;25724.925;False
8808906129409;2022-05-05;2022-05;6;6;20.0;59908.95;False
8808906162177;2022-05-23;2022-05;4;4;10.0;35380.8;False
8808906194945;2022-05-04;2022-05;3;3;10.0;64292.22;False
8808906227713;2022-05-23;2022-05;1;1;4.0;22122.0;False
8808938143745;2022-04-18;2022-04;1;1;2.0;11044.44;False
8808938340353;2022-04-26;2022-04;1;1;1.0;7209.72;False
8808938438657;2022-01-27;2022-01;1;1;1.0;6289.245;False
8808938536961;2022-05-26;2022-05;1;1;4.0;34873.02;False
8808938635265;2022-05-27;2022-05;2;2;5.0;43335.45;False
8808938733569;2022-03-23;2022-03;1;1;4.0;31600.26;False
8808938831873;2022-03-02;2022-03;1;1;4.0;43463.88;False
8808938930177;2022-05-01;2022-05;1;1;4.0;48480.48;False
8808939028481;2021-10-29;2021-10;1;1;4.0;38278.8;False
8808939126785;2022-02-19;2022-02;1;1;1.0;14445.495;False
8808939618305;2021-11-09;2021-11;3;3;9.0;69114.78;False
8809003646977;2022-01-29;2022-01;1;1;1.0;1993.815;False
8809037824001;2022-05-06;2022-05;1;1;8.0;25164.0;False
8809037889537;2022-06-19;2022-06;1;1;1.0;2930.175;False
8809038053377;2022-07-22;2022-07;1;1;4.0;12395.025;False
8809038086145;2021-11-20;2021-11;1;1;3.0;7498.44;False
8809038118913;2021-11-14;2021-11;1;1;4.0;55838.88;False
8809101983745;2022-06-06;2022-06;1;1;1.0;4999.5;False
8809102082049;2022-06-06;2022-06;1;1;1.0;5499.495;False
8809134784513;2022-06-15;2022-06;1;1;4.0;49494.33;False
8809134817281;2021-11-21;2021-11;1;1;4.0;39884.4;False
8809135177729;2022-05-14;2022-05;3;3;7.0;28400.22;False
8809135276033;2022-04-20;2022-04;1;1;4.0;12986.64;False
8809135472641;2022-01-08;2022-01;1;1;7.0;37939.545;False
8809135570945;2021-12-23;2021-12;1;1;3.0;17947.305;False
8809135964161;2022-01-05;2022-01;1;1;1.0;5982.435;False
8809136029697;2022-01-05;2022-01;3;3;12.0;71196.48;False
8809136128001;2021-11-13;2021-11;1;1;1.0;5240.97;False
8809136226305;2021-11-28;2021-11;1;1;1.0;6877.35;False
8809136324609;2022-04-27;2022-04;1;1;2.0;13652.37;False
8809136422913;2022-05-18;2022-05;2;2;5.0;31190.625;False
8809136586753;2022-05-12;2022-05;5;5;17.0;153426.105;False
8809136717825;2022-01-01;2022-01;1;1;4.0;13491.9;False
8809136848897;2022-02-10;2022-02;1;1;1.0;11121.66;False
8809136947201;2022-04-20;2022-04;1;1;1.0;7845.12;False
8809137111041;2022-03-18;2022-03;1;1;4.0;40600.26;False
8809137602561;2021-12-03;2021-12;1;1;4.0;25463.88;False
8809137700865;2022-04-20;2022-04;1;1;3.0;21859.335;False
8809137799169;2022-05-24;2022-05;1;1;1.0;10789.245;False
8809137930241;2022-05-19;2022-05;3;3;3.0;20401.875;False
8809138094081;2022-05-19;2022-05;3;3;12.0;78845.94;False
8809138159617;2022-05-19;2022-05;1;1;1.0;10024.515;False
8809138257921;2022-04-20;2022-04;1;1;4.0;48475.26;False
8809138356225;2022-05-30;2022-05;1;1;2.0;20159.55;False
8809138716673;2022-01-04;2022-01;1;1;4.0;31804.74;False
8809138814977;2022-04-25;2022-04;1;1;4.0;31395.6;False
8809139109889;2022-05-19;2022-05;3;3;8.0;79579.44;False
8809139208193;2022-05-05;2022-05;1;1;4.0;38043.36;False
8809139437569;2022-05-20;2022-05;2;2;3.0;36943.425;False
8809139535873;2022-03-23;2022-03;1;1;1.0;12681.315;False
8809139732481;2022-02-17;2022-02;1;1;1.0;14451.975;False
8809139830785;2022-06-16;2022-06;1;1;2.0;30425.13;False
8809139929089;2022-04-21;2022-04;1;1;2.0;29972.7;False
8809140027393;2022-06-14;2022-06;4;4;9.0;137143.125;False
8809140224001;2022-06-09;2022-06;1;1;2.0;30578.49;False
8809140322305;2022-06-14;2022-06;1;1;4.0;50213.88;False
8809140453377;2022-06-08;2022-06;8;8;19.0;201788.775;False
8809140551681;2022-05-09;2022-05;1;1;4.0;47963.88;False
8809140617217;2022-05-22;2022-05;2;2;5.0;41034.375;False
8809140846593;2022-06-09;2022-06;4;4;9.0;157495.68;False
8809140944897;2022-05-19;2022-05;2;2;8.0;129612.96;False
8809141043201;2022-05-26;2022-05;1;1;2.0;25158.06;False
8809141141505;2022-05-21;2022-05;1;1;2.0;32860.8;False
8809141272577;2022-06-04;2022-06;1;1;4.0;62384.4;False
8809141370881;2022-06-25;2022-06;1;1;1.0;18025.065;False
8809141534721;2022-07-24;2022-07;1;1;2.0;30374.01;False
8809141633025;2021-12-09;2021-12;1;1;2.0;30374.01;False
8809141829633;2022-04-22;2022-04;1;1;2.0;41010.3;False
8809142026241;2022-03-21;2022-03;2;2;6.0;91122.03;False
8809142943745;2022-05-05;2022-05;2;2;8.0;36684.0;False
8809167683585;2021-10-27;2021-10;1;1;2.0;2081.34;False
8809233088513;2022-01-20;2022-01;2;2;6.0;17733.24;False
8809234956289;2022-06-03;2022-06;1;1;1.0;1124.505;False
8809235054593;2022-05-13;2022-05;4;4;4.0;4825.305;False
8809235152897;2021-11-26;2021-11;1;1;1.0;629.55;False
8809235251201;2022-03-02;2022-03;1;1;1.0;849.51;False
8809235349505;2021-12-02;2021-12;1;1;1.0;1124.505;False
8809235480577;2022-04-23;2022-04;1;1;1.0;599.49;False
8809235578881;2022-03-31;2022-03;1;1;1.0;1049.49;False
8809235677185;2022-04-01;2022-04;4;4;4.0;3004.605;False
8809235775489;2022-03-15;2022-03;1;1;1.0;868.815;False
8809299509249;2022-02-07;2022-02;1;1;1.0;1040.67;False
8809299673089;2022-05-28;2022-05;1;1;2.0;4322.43;False
8809299968001;2022-03-21;2022-03;1;1;1.0;1239.075;False
8809397616641;2022-07-15;2022-07;1;1;4.0;35204.4;False
8809429958657;2022-07-03;2022-07;16;16;45.0;49731.48;False
8809462956033;2022-06-02;2022-06;2;2;2.0;7976.25;False
8809495560193;2021-11-29;2021-11;1;1;2.0;3987.63;False
8809495658497;2021-06-14;2021-06;1;1;1.0;1349.505;False
8809495756801;2021-11-13;2021-11;2;2;2.0;2880.81;False
8809495920641;2022-05-13;2022-05;5;5;15.0;84377.655;False
8809527967745;2022-03-20;2022-03;1;1;2.0;6999.03;False
8809626927105;2022-01-07;2022-01;1;1;4.0;16055.28;False
8809627123713;2022-05-10;2022-05;8;8;18.0;75744.9;False
8809627222017;2022-01-08;2022-01;2;2;5.0;26196.75;False
8809627516929;2021-12-07;2021-12;1;1;2.0;9143.1;False
8809629843457;2022-04-05;2022-04;2;2;8.0;31460.4;False
8809629941761;2022-05-28;2022-05;1;1;4.0;15532.56;False
8809630302209;2021-11-21;2021-11;1;1;1.0;4099.5;False
8809630662657;2022-06-17;2022-06;1;1;4.0;10997.64;False
8809724608513;2021-10-24;2021-10;2;2;3.0;26670.78;False
8809822912513;2022-06-07;2022-06;1;1;1.0;23829.03;False
8809823043585;2022-04-11;2022-04;1;1;1.0;2505.15;False
8809823174657;2022-05-20;2022-05;2;2;3.0;7713.225;False
8809823338497;2022-01-18;2022-01;1;1;6.0;17178.75;False
8809823371265;2022-03-24;2022-03;1;1;4.0;12884.4;False
8809823404033;2022-05-22;2022-05;1;2;8.0;30309.84;False
8809823436801;2022-06-20;2022-06;2;2;6.0;33160.23;False
8809823469569;2021-12-17;2021-12;1;1;4.0;18997.92;False
8809823502337;2022-03-15;2022-03;1;1;4.0;15598.08;False
8809823535105;2022-06-15;2022-06;2;2;8.0;52563.96;False
8809823567873;2022-06-13;2022-06;1;1;4.0;16797.96;False
8809823600641;2022-05-23;2022-05;2;2;8.0;34768.8;False
8809823633409;2022-05-22;2022-05;1;1;4.0;23541.12;False
8809823666177;2022-06-16;2022-06;4;4;7.0;22051.845;False
8809823698945;2021-12-21;2021-12;2;2;6.0;18890.82;False
8809823731713;2022-07-26;2022-07;1;1;2.0;8692.2;False
8809823764481;2021-12-20;2021-12;1;1;4.0;20043.36;False
8809823797249;;;2;2;6.0;26997.03;
8809823830017;2022-06-20;2022-06;2;2;8.0;40127.76;False
8809823862785;2022-02-19;2022-02;1;1;2.0;8180.82;False
8809823895553;2022-06-15;2022-06;6;6;16.0;63610.605;False
8809823928321;2022-07-11;2022-07;3;3;10.0;47040.3;False
8809823961089;2022-07-01;2022-07;4;4;9.0;40490.46;False
8809823993857;2022-07-01;2022-07;2;2;3.0;16985.97;False
8809824026625;2021-11-24;2021-11;1;1;4.0;13298.04;False
8809824059393;2022-07-21;2022-07;1;1;4.0;13702.5;False
8809824092161;2022-07-12;2022-07;1;1;1.0;3783.6;False
8809824124929;2022-06-12;2022-06;2;2;8.0;36813.96;False
8809824157697;2022-05-22;2022-05;2;2;3.0;10706.445;False
8809824190465;2022-03-24;2022-03;1;1;4.0;17486.64;False
8809824223233;2022-06-15;2022-06;2;2;6.0;22497.03;False
8809824256001;2022-06-28;2022-06;1;1;4.0;16709.58;False
8809824288769;2022-05-24;2022-05;1;1;1.0;4090.41;False
8809824321537;2022-07-05;2022-07;1;1;4.0;21956.22;False
8809824354305;2021-12-03;2021-12;3;3;6.0;19608.48;False
8809824387073;2022-06-26;2022-06;1;1;4.0;23111.64;False
8809824419841;2022-05-22;2022-05;1;1;4.0;27816.12;False
8809824485377;2022-05-02;2022-05;1;1;4.0;26588.88;False
8809824518145;2022-03-03;2022-03;1;1;2.0;6339.87;False
8809824550913;2021-12-19;2021-12;1;1;2.0;11146.68;False
8809824583681;2022-06-30;2022-06;1;1;2.0;1798.92;False
8809824616449;2022-07-07;2022-07;10;10;19.0;38395.935;False
8809824649217;2022-06-30;2022-06;1;1;2.0;2453.49;False
8809824681985;2022-07-19;2022-07;6;6;30.0;51294.51;False
8809824714753;2022-06-30;2022-06;1;1;2.0;2862.63;False
8809824747521;2022-07-01;2022-07;2;2;4.0;7713.9;False
8809824780289;2022-06-30;2022-06;1;1;1.0;427.005;False
8809824813057;2022-07-09;2022-07;6;6;14.0;10731.42;False
8809824845825;2022-06-30;2022-06;1;1;2.0;2760.3;False
8809824878593;2022-07-06;2022-07;5;5;11.0;19017.09;False
8809824911361;2022-07-11;2022-07;2;2;3.0;5214.375;False
8809824944129;2022-06-27;2022-06;1;1;2.0;6505.2;False
8809824976897;2022-06-27;2022-06;1;1;2.0;7029.9;False
8809825009665;2022-03-25;2022-03;1;1;2.0;4192.2;False
8809825042433;2022-07-07;2022-07;23;23;51.0;140044.365;False
8809825075201;2022-02-03;2022-02;1;1;2.0;8991.0;False
8809825107969;2022-07-12;2022-07;10;10;19.0;65759.49;False
8809825140737;2022-07-10;2022-07;9;9;17.0;74089.89;False
8809825173505;2022-07-10;2022-07;5;5;10.0;35948.43;False
8809825239041;2022-07-13;2022-07;1;1;2.0;10580.67;False
8809825271809;2022-06-30;2022-06;1;1;3.0;20848.455;False
8809825304577;2022-07-16;2022-07;1;1;2.0;9817.2;False
8809825337345;2022-02-13;2022-02;1;1;1.0;2515.5;False
8809825370113;2022-04-25;2022-04;1;1;2.0;4176.9;False
8809825533953;2022-05-23;2022-05;2;2;3.0;50157.63;False
8809825566721;2022-04-07;2022-04;1;1;2.0;69544.44;False
8809825632257;2021-11-11;2021-11;2;2;3.0;29691.63;False
8809825730561;2022-06-28;2022-06;1;1;6.0;77622.03;False
8809825796097;2022-06-16;2022-06;9;9;35.0;230201.325;False
8809825828865;2022-06-09;2022-06;3;3;13.0;110345.625;False
8809825861633;2021-11-20;2021-11;1;1;2.0;5499.0;False
8809825894401;2022-03-05;2022-03;3;3;5.0;15929.235;False
8809825927169;2022-06-06;2022-06;1;1;1.0;102267.63;False
8809825959937;2022-05-06;2022-05;3;3;3.0;4986.045;False
8809825992705;2022-05-26;2022-05;1;1;1.0;2198.34;False
8809826025473;2022-05-27;2022-05;2;2;2.0;4703.49;False
8809826058241;2022-03-29;2022-03;1;1;1.0;2658.6;False
8809826091009;2022-05-09;2022-05;1;1;1.0;1942.65;False
8809826123777;2022-05-26;2022-05;1;1;1.0;1932.525;False
8809826156545;2022-07-05;2022-07;2;2;2.0;5184.27;False
8809826189313;2022-06-08;2022-06;7;7;19.0;116351.055;False
8809826320385;2022-07-24;2022-07;1;1;1.0;6705.045;False
8809826385921;;;2;2;2.0;8896.68;
8809826418689;2022-06-18;2022-06;1;1;4.0;25156.98;False
8809826516993;2022-01-11;2022-01;1;1;1.0;5624.505;False
8809826582529;2022-06-23;2022-06;1;1;1.0;5266.53;False
8809826648065;2022-06-04;2022-06;1;1;1.0;8209.485;False
8809826680833;2022-07-01;2022-07;9;9;24.0;128851.56;False
8809826713601;2022-06-08;2022-06;8;8;22.0;97864.335;False
8809826779137;2022-06-17;2022-06;1;1;1.0;3837.285;False
8809826844673;2022-01-03;2022-01;1;1;2.0;13294.44;False
8809826877441;2022-06-05;2022-06;1;1;2.0;8487.63;False
8809826942977;2022-06-27;2022-06;2;2;2.0;40192.2;False
8809826975745;2022-06-17;2022-06;3;3;3.0;59827.95;False
8809827106817;2022-06-17;2022-06;2;2;8.0;136632.24;False
8809827467265;2022-06-06;2022-06;2;2;2.0;37430.82;False
8809827500033;2022-01-08;2022-01;1;1;1.0;13141.53;False
8809827532801;2021-11-01;2021-11;1;1;2.0;33237.63;False
8809827729409;2022-06-27;2022-06;1;1;1.0;13018.86;False
8809827762177;2022-07-04;2022-07;4;4;5.0;67650.975;False
8809827794945;2022-05-29;2022-05;1;1;4.0;44885.7;False
8809827926017;2022-06-11;2022-06;1;1;2.0;31478.58;False
8809828122625;2022-07-24;2022-07;3;3;12.0;84471.48;False
8809828188161;2022-02-19;2022-02;1;1;1.0;7823.34;False
8809828253697;2022-05-16;2022-05;1;1;1.0;1865.97;False
8809828286465;2022-05-03;2022-05;1;1;4.0;7463.88;False
8809828319233;2021-10-16;2021-10;3;3;12.0;16775.1;False
8809828384769;2022-06-04;2022-06;5;5;12.0;158263.605;False
8809828417537;2022-05-19;2022-05;4;4;8.0;18271.845;False
8809828515841;2021-12-23;2021-12;2;2;4.0;7797.96;False
8809828581377;2022-02-11;2022-02;1;1;4.0;19798.2;False
8809828941825;2022-07-15;2022-07;1;1;4.0;4088.7;False
8809954181121;2022-07-04;2022-07;11;11;24.0;116046.45;False
8809986752513;2020-12-02;2020-12;1;1;2.0;7362.63;False
8809986850817;2021-02-04;2021-02;1;1;4.0;14316.12;False
8809986949121;2021-11-24;2021-11;1;1;2.0;8354.52;False
8810350739457;2021-12-29;2021-12;1;1;2.0;3496.86;False
8810445438977;2022-04-29;2022-04;1;1;2.0;20013.84;False
8810511007745;2021-10-09;2021-10;1;1;2.0;2719.53;False
8810544365569;2021-09-10;2021-09;1;1;4.0;6134.4;False
8810874306561;2022-06-15;2022-06;12;12;34.0;145168.83;False
8810874339329;2021-08-05;2021-08;1;1;1.0;2454.03;False
8810874372097;2022-01-14;2022-01;2;2;8.0;28202.76;False
8810874404865;2022-05-19;2022-05;1;1;2.0;5317.2;False
8810874437633;2021-11-21;2021-11;1;1;1.0;3579.03;False
8810874470401;2021-12-16;2021-12;1;1;4.0;10020.6;False
8811035754497;2021-11-03;2021-11;1;1;2.0;6800.13;False
8811133960193;2022-07-04;2022-07;1;1;1.0;8437.005;False
8811429134337;2022-07-01;2022-07;1;1;1.0;4243.815;False
8811528224769;2022-07-01;2022-07;9;9;23.0;73445.85;False
8811592450049;2022-06-14;2022-06;1;1;2.0;11862.63;False
8811592482817;2022-05-31;2022-05;1;1;1.0;1073.34;False
8811592646657;2022-05-18;2022-05;3;3;3.0;4268.655;False
8811592908801;2022-07-20;2022-07;1;1;1.0;3834.72;False
8811592941569;2022-07-04;2022-07;12;12;38.0;157772.655;False
8811625086977;2022-07-06;2022-07;1;1;1.0;715.41;False
8811657854977;2022-07-04;2022-07;26;26;26.0;71897.265;False
8811690655745;2021-10-20;2021-10;1;1;2.0;4940.1;False
8811723390977;2022-07-23;2022-07;2;2;2.0;15863.805;False
8811723620353;2022-06-30;2022-06;1;1;2.0;6471.0;False
8811723653121;2022-05-28;2022-05;1;1;6.0;66576.6;False
8811756158977;2022-04-20;2022-04;1;1;4.0;35691.12;False
8811756290049;2021-12-08;2021-12;1;1;2.0;6029.1;False
8811788926977;2022-04-22;2022-04;1;1;6.0;5059.53;False
8811789058049;2022-04-22;2022-04;1;1;6.0;5979.96;False
8811821760513;2022-06-09;2022-06;4;4;20.0;60739.56;False
8811821891585;2022-03-21;2022-03;1;1;1.0;3834.72;False
8811822022657;2022-03-15;2022-03;1;1;1.0;2428.47;False
8811822153729;;;1;1;1.0;1955.52;
8811854495745;2022-05-19;2022-05;1;1;1.0;3400.11;False
8811854626817;2022-07-11;2022-07;2;2;2.0;7413.75;False
8811854757889;2022-07-12;2022-07;11;11;11.0;26955.54;False
8811854888961;2022-07-05;2022-07;7;7;7.0;14212.305;False
8811855020033;2022-05-16;2022-05;1;1;1.0;7846.425;False
8811919998977;2022-06-11;2022-06;1;1;4.0;17645.58;False
8811920031745;2022-07-20;2022-07;7;7;7.0;34199.1;False
8812149571585;2022-07-09;2022-07;6;6;13.0;107021.655;False
8812280479745;2021-11-27;2021-11;1;1;12.0;44482.5;False
8812313247745;2022-06-07;2022-06;1;1;2.0;11331.0;False
8812346114049;2022-07-21;2022-07;3;3;6.0;33993.0;False
8812380487681;2022-07-14;2022-07;3;3;9.0;31050.855;False
8812380618753;2022-07-21;2022-07;2;2;8.0;37888.02;False
8812380749825;2022-07-22;2022-07;2;2;8.0;61563.96;False
8812380880897;2022-01-06;2022-01;1;1;1.0;7721.1;False
8812381011969;2022-07-21;2022-07;2;2;2.0;12987.63;False
8812411715585;2022-07-25;2022-07;1;1;1.0;13294.935;False
8812477054977;2022-02-14;2022-02;1;1;1.0;3998.34;False
